Date,Close,High,Low,Open,Volume,ticker,daily_return,moving_avg_7d,year,month
,AAPL,AAPL,AAPL,AAPL,AAPL,,,,,
2021-01-04,125.85670471191406,129.94137947234472,123.27946608977872,129.85385422543547,143301900,AAPL,,,2021,1
2021-01-05,127.4127197265625,128.12268605812724,124.90355963208562,125.35093547334816,97664900,AAPL,0.012363385949204275,,2021,1
2021-01-06,123.12385559082031,127.45167334436817,122.90989509434218,124.21310565475042,155088000,AAPL,-0.03366119289303626,,2021,1
2021-01-07,127.3252182006836,128.01572966594065,124.34924155623901,124.83551263774474,109578200,AAPL,0.03412305917242997,,2021,1
2021-01-08,128.42420959472656,128.98828589154797,126.65417554196101,128.79376556588605,105158200,AAPL,0.008631372555834016,,2021,1
2021-01-11,125.43850708007812,126.59583484109754,124.97169091120101,125.64274750135974,100384500,AAPL,-0.023248751338011298,,2021,1
2021-01-12,125.263427734375,126.12898962558135,123.3766936515664,124.9716621310865,91951100,AAPL,-0.0013957384361354963,126.12066323416573,2021,1
2021-01-13,127.29608154296875,127.84070294426009,124.96198558320008,125.22456136179542,88636800,AAPL,0.016227033263883417,126.32628849574498,2021,1
2021-01-14,125.37042999267578,127.40303981441828,125.22453974548624,127.20853432464988,90221800,AAPL,-0.015127343488911427,126.03453281947544,2021,1
2021-01-15,123.64903259277344,126.64446478265978,123.51287725867944,125.24400143779671,111598500,AAPL,-0.013730489717574623,126.10955810546875,2021,1
2021-01-19,124.32006072998047,125.17590254259751,123.45449883851644,124.27143065611541,90757300,AAPL,0.005426877373290839,125.6802498953683,2021,1
2021-01-20,128.4047393798828,128.85211530015263,125.02029683978466,125.127277070296,104319500,AAPL,0.032856150696178865,125.67746843610492,2021,1
2021-01-21,133.11184692382812,135.83496806730975,129.92190967683482,130.1261500695179,120150900,AAPL,0.036658362975368286,126.77365984235492,2021,1
2021-01-22,135.25146484375,136.01004665089906,131.31266555904966,132.53806351525557,114459400,AAPL,0.01607383542012042,128.20052228655135,2021,1
2021-01-25,138.99575805664062,141.106173284309,132.79093279458516,139.1416483205631,157611700,AAPL,0.027683938338237235,129.87190464564733,2021,1
2021-01-26,139.2291717529297,140.33786948106203,137.48831256904506,139.65709277779112,98390600,AAPL,0.0016792864728572,131.85172489711218,2021,1
2021-01-27,138.15931701660156,140.33781648420387,136.5546286191812,139.49169483554834,140843800,AAPL,-0.007684127707278554,133.92462267194475,2021,1
2021-01-28,133.3258056640625,138.09127131319642,132.94651480242143,135.68909090953088,142621100,AAPL,-0.03498505534706908,135.2111576625279,2021,1
2021-01-29,128.33668518066406,132.98543606950525,126.63473619885515,132.10041903740844,177523800,AAPL,-0.03742051629501786,135.20143563406808,2021,1
2021-02-01,130.45680236816406,131.66275996689077,127.3349355620146,130.0775115262782,106239800,AAPL,0.016519962195653104,134.8221435546875,2021,2
2021-02-02,131.28347778320312,132.56722577893618,130.9139069960329,132.00314951845078,83305400,AAPL,0.00633677508594821,134.25528826032365,2021,2
2021-02-03,130.2622833251953,132.04203704071995,129.9413426709387,132.03230212283063,89880900,AAPL,-0.007778545139504711,133.00764901297433,2021,2
2021-02-04,133.61758422851562,133.6273043090521,130.8944628567243,132.55751669715318,84183100,AAPL,0.02575803845648794,132.20599365234375,2021,2
2021-02-05,133.20362854003906,133.8464691818489,132.32703847356598,133.77829722031976,75693800,AAPL,-0.0030980629598018616,131.49803815569197,2021,2
2021-02-08,133.3497314453125,133.39843419416206,131.411474992241,132.49261062393538,71297200,AAPL,0.0010968387789040968,131.50145612444197,2021,2
2021-02-09,132.47311401367188,134.29449558670797,132.3172860388913,133.06725182462114,76774200,AAPL,-0.006573822250254269,132.09237452915735,2021,2
2021-02-10,131.86923217773438,133.42763071013312,130.9049714138388,132.9308835611612,73046600,AAPL,-0.0045585237459970784,132.29415021623885,2021,2
2021-02-11,131.6160430908203,132.84327231685143,130.29140835043972,132.3660090757308,64280000,AAPL,-0.0019200012219136031,132.34165954589844,2021,2
2021-02-12,131.84974670410156,132.00558952807881,130.2134416383095,130.85628214072338,60145100,AAPL,0.0017756468572753814,132.56844002859933,2021,2
2021-02-16,129.72647094726562,132.47313069680968,129.33686380627134,131.96666370650627,80576300,AAPL,-0.01610375302124023,132.01256670270647,2021,2
2021-02-17,127.43756103515625,128.78167951119218,126.10319202528883,127.83690273629607,97918500,AAPL,-0.01764412378904401,131.1888427734375,2021,2
2021-02-18,126.33695983886719,126.61941198787154,124.09676726976038,125.84021263400942,96856700,AAPL,-0.00863639563837415,130.18701825823103,2021,2
2021-02-19,126.49283599853516,127.31100380580884,125.45066816962286,126.85322456838092,87668800,AAPL,0.0012338128119180336,129.3326928274972,2021,2
2021-02-22,122.72342681884766,126.34669108531578,122.33382715227125,124.68115232492676,103916400,AAPL,-0.029799388636769564,128.0261492047991,2021,2
2021-02-23,122.58708190917969,123.4149766498793,115.31133387912055,120.54169271715817,158273000,AAPL,-0.0011109933384538806,126.73629760742188,2021,2
2021-02-24,122.09034729003906,122.29488547484925,119.0514857660057,121.691012957123,111039900,AAPL,-0.004052095958272606,125.34209769112724,2021,2
2021-02-25,117.84373474121094,123.17149227710611,117.40543965947438,121.43778116304092,148199500,AAPL,-0.03478254131540659,123.64456394740513,2021,2
2021-02-26,118.10669708251953,121.60333738053185,118.04825229910983,119.40210545733144,164560400,AAPL,0.0022314494859321243,122.31158338274274,2021,2
2021-03-01,124.46688842773438,124.60324720609326,119.59691082635653,120.53194563410155,116307900,AAPL,0.053851233692286504,122.04443032400948,2021,3
2021-03-02,121.8663330078125,125.3727157063762,121.75919289657611,125.07077944616279,102260900,AAPL,-0.02089355211471977,121.38350132533482,2021,3
2021-03-03,118.88591003417969,122.44099574374602,118.67162979614048,121.56439814767528,112966300,AAPL,-0.024456491797794078,120.83528464181083,2021,3
2021-03-04,117.0060806274414,120.38584631369558,115.53535272389263,118.58395606502583,178155000,AAPL,-0.015812045398801544,120.03799874441964,2021,3
2021-03-05,118.26252746582031,118.76900926850234,114.51264641529035,117.83397451469976,153766600,AAPL,0.010738303784224357,119.49116734095982,2021,3
2021-03-08,113.33413696289062,117.85347628547363,113.18803612592406,117.78529688568887,154376600,AAPL,-0.04167330606352948,118.84693908691406,2021,3
2021-03-09,117.94113159179688,118.88590857647793,115.700946019303,115.93470289838993,129525800,AAPL,0.04064966436736306,118.82328687395368,2021,3
2021-03-10,116.85999298095703,118.99303824849771,116.34376908141869,118.52552453136408,111943300,AAPL,-0.009166764777039371,117.73658752441406,2021,3
2021-03-11,118.78850555419922,120.00600008566362,118.1067115889779,119.35342480023796,103026500,AAPL,0.016502761330444704,117.2968978881836,2021,3
2021-03-12,117.88267517089844,118.01903394756955,116.06130832636462,117.26906067587845,88105100,AAPL,-0.007625572685460602,117.15357862200055,2021,3
2021-03-15,120.7657241821289,120.7754662197614,117.28855984707407,118.25282093575967,92403800,AAPL,0.02445693573759522,117.69067055838448,2021,3
2021-03-16,122.30461883544922,123.91171295180644,121.47672411823375,122.43123557963636,115227900,AAPL,0.012742809797583687,118.26811218261719,2021,3
2021-03-17,121.51569366455078,122.58708734300565,119.15861865475401,120.82415767726631,111932600,AAPL,-0.0064504936805360735,119.43690599714007,2021,3
2021-03-18,117.39568328857422,119.97677300065472,117.19114511333716,119.68457136117527,121229700,AAPL,-0.03390517102548107,119.3589848109654,2021,3
2021-03-19,116.86971282958984,118.27226866588653,116.56777661577428,116.78205680531912,185549500,AAPL,-0.0044803219696883945,119.36037336077008,2021,3
2021-03-22,120.1812973022461,120.64881838524362,117.13269423612276,117.20087361999786,111912300,AAPL,0.028335694445360105,119.55934361049107,2021,3
2021-03-23,119.35342407226562,121.0092136525593,118.96382433837393,120.12288150317761,95467100,AAPL,-0.006888536307762094,119.76945059640067,2021,3
2021-03-24,116.96712493896484,119.70405755554833,116.94764829711929,119.62613612617307,88530500,AAPL,-0.01999355403374048,119.22679356166294,2021,3
2021-03-25,117.4541244506836,118.49630686413842,115.9054750318424,116.43143354135354,98844700,AAPL,0.004163558880094564,118.53386579241071,2021,3
2021-03-26,118.05799102783203,118.32097396831911,115.82754049090362,117.22035432205121,94071200,AAPL,0.005141297336067385,118.03990827287946,2021,3
2021-03-29,118.23332214355469,119.39237925463331,117.59048892877756,118.4865630734955,80819200,AAPL,0.0014851270481244239,118.1595709664481,2021,3
2021-03-30,116.78205871582031,117.26905645239088,115.76910253203405,116.98659687346046,85671900,AAPL,-0.012274572019318697,118.14704895019531,2021,3
2021-03-31,118.97355651855469,120.30792565051348,117.9995609800172,118.48655874928595,118323800,AAPL,0.01876570619522311,117.97451455252511,2021,3
2021-04-01,119.80144500732422,120.95075998024407,119.30470522783453,120.44428559619276,75089100,AAPL,0.006958592421673293,118.03851754324776,2021,4
2021-04-05,122.62605285644531,122.87929380413213,119.86964340519192,120.64884289146045,88651200,AAPL,0.023577410514108665,118.84693581717355,2021,4
2021-04-06,122.92798614501953,123.82406033078875,122.3825509764638,123.21044576616356,80171300,AAPL,0.0024622278997081803,119.62891605922154,2021,4
2021-04-07,124.57403564453125,124.59351228641088,121.88580577435263,122.55786509964642,83466700,AAPL,0.01339035602169436,120.55977957589286,2021,4
2021-04-08,126.97008514404297,126.99930382725644,125.17793655097103,125.59674758502777,88844600,AAPL,0.019233939778179554,121.80788857596261,2021,4
2021-04-09,129.54144287109375,129.58039616425768,126.10323884700867,126.42465924809835,106686700,AAPL,0.020251681521152642,123.63065774100167,2021,4
2021-04-12,127.82718658447266,129.39532007888374,127.23304868008105,129.07389975073812,91420000,AAPL,-0.013233265344488543,124.89546203613281,2021,4
2021-04-13,130.93423461914062,131.15826433043802,128.49924537282473,128.99599269074992,91266500,AAPL,0.024306629267903945,126.48586055210659,2021,4
2021-04-14,128.59661865234375,131.48938634080065,128.2362450900617,131.43094899145666,87222800,AAPL,-0.017853359540356273,127.33879852294922,2021,4
2021-04-15,131.00241088867188,131.48940869866695,130.16477406100063,130.34010100083557,89347100,AAPL,0.018708052058756586,128.4922877720424,2021,4
2021-04-16,130.67127990722656,131.1680124141945,129.81415884861858,130.80763872455088,84922400,AAPL,-0.0025276708970395356,129.36332266671317,2021,4
2021-04-19,131.33355712890625,131.9471790846723,129.87256379574342,130.0381412567294,94264200,AAPL,0.005068269187765484,129.98667580740792,2021,4
2021-04-20,129.64852905273438,132.00559615119002,128.3823320528723,131.5088638445784,94812300,AAPL,-0.012830141153627572,130.00197383335657,2021,4
2021-04-21,130.02842712402344,130.27192605122198,127.88563953707525,128.91807261047788,68847100,AAPL,0.0029302150519157077,130.31643676757812,2021,4
2021-04-22,128.509033203125,130.6615560167075,127.99281651776815,129.58041987413006,84566500,AAPL,-0.01168509036450327,129.96997942243303,2021,4
2021-04-23,130.82708740234375,131.60627194079382,128.72325347974677,128.72325347974677,78657500,AAPL,0.01803806426241472,130.28861781529017,2021,4
2021-04-26,131.2166748046875,131.54782970744535,130.0868364590517,131.32381490404939,66905100,AAPL,0.0029778802698987583,130.31922694614954,2021,4
2021-04-27,130.895263671875,131.88874331170373,130.62254610203854,131.49913616765673,66015800,AAPL,-0.0024494686615927908,130.3512246268136,2021,4
2021-04-28,130.10629272460938,131.5088483212376,129.61929507922395,130.81730512551528,107760100,AAPL,-0.006027498055570568,130.17590114048548,2021,4
2021-04-29,130.0089569091797,133.5056131716573,129.00574241112523,132.92120973927757,151101000,AAPL,-0.0007481253472936267,130.2273908342634,2021,4
2021-04-30,128.0414581298828,130.08683981317637,127.66160046998598,128.3531289693404,109839500,AAPL,-0.015133563302652364,129.94353812081474,2021,4
2021-05-03,129.09335327148438,130.58358001612103,128.40182480933737,128.6063555356659,75135100,AAPL,0.008215269936511893,130.02701241629464,2021,5
2021-05-04,124.52533721923828,128.070688075214,123.40524078183631,127.77848641989287,137564700,AAPL,-0.03538536986206808,129.12676239013672,2021,5
2021-05-05,124.76883697509766,127.05771762012843,124.64221279666873,125.84022317213565,84000900,AAPL,0.001955423380469723,128.2056427001953,2021,5
2021-05-06,126.36617279052734,126.37590739453778,123.82403668567083,124.56427529521159,78128300,AAPL,0.01280236198521667,127.55862971714565,2021,5
2021-05-07,127.03937530517578,128.0637957522919,126.3271401858517,127.66379062246624,78973300,AAPL,0.005327394980651823,127.12049865722656,2021,5
2021-05-10,123.76119232177734,126.38568557584613,123.72216543128324,126.25886120807223,88071200,AAPL,-0.025804463974445246,126.22796085902623,2021,5
2021-05-11,122.8440933227539,123.19532046962064,119.78054551827158,120.4927732833166,126142800,AAPL,-0.007410230798673867,125.48548017229352,2021,5
2021-05-12,119.78054809570312,121.60501628867115,119.27321336720668,120.39521236408822,112172300,AAPL,-0.024938482137694562,124.1550794328962,2021,5
2021-05-13,121.92697143554688,123.07823863645709,121.23426088704589,121.54646856304096,105861300,AAPL,0.017919631976711203,123.78388432094029,2021,5
2021-05-14,124.34658813476562,124.77587651193251,122.78554964091157,123.17581112527975,81918000,AAPL,0.019844802759640512,123.72356305803571,2021,5
2021-05-17,123.19532012939453,123.83925269137897,122.12210663637244,123.7319305977149,74244600,AAPL,-0.00925854116820124,123.27058410644531,2021,5
2021-05-18,121.80988311767578,123.89777321547987,121.74158792545293,123.4782434793631,63342900,AAPL,-0.01124585747464757,122.52351379394531,2021,5
2021-05-19,121.65379333496094,121.87818865261369,119.86835215925528,120.16105011854478,92612000,AAPL,-0.0012814213323236734,122.22245679582868,2021,5
2021-05-20,124.20999908447266,124.61001915730156,122.05381347828964,122.18065274217139,76857100,AAPL,0.021012133526107757,122.41758619035993,2021,5
2021-05-21,122.37577819824219,124.8831983677244,122.16113401006866,124.70758107227505,79295400,AAPL,-0.014767095239917483,122.78833334786552,2021,5
2021-05-24,124.00511932373047,124.82466923282675,122.87336914136405,122.94166434682049,63092900,AAPL,0.013314245265503732,123.08521161760602,2021,5
2021-05-25,123.80999755859375,125.19542633961541,123.24411872152993,124.70759385237946,72009500,AAPL,-0.0015734976604258044,123.00855582101005,2021,5
2021-05-26,123.76119232177734,124.28804417802037,123.34166255348855,123.86851440973157,56575900,AAPL,-0.00039419463515710795,123.08939470563617,2021,5
2021-05-27,122.22945404052734,124.53198907364751,122.03432698088808,123.36121182857158,94625600,AAPL,-0.01237656370720397,123.14933340890067,2021,5
2021-05-28,121.57572937011719,122.73675508280117,121.51719276060966,122.51235234032615,71311100,AAPL,-0.005348339936079527,123.138181413923,2021,5
2021-06-01,121.2537612915039,122.29770632572136,120.92204391783555,122.03428414331518,67637100,AAPL,-0.0026482923876450792,122.71586172921317,2021,6
2021-06-02,122.0147933959961,122.19041070349643,121.02939220066231,121.25378754470101,59278900,AAPL,0.006276358740431975,122.66429247174945,2021,6
2021-06-03,120.53179931640625,121.80989840712398,120.13177925202119,121.64403969713835,76229200,AAPL,-0.012154215389086676,122.16810389927456,2021,6
2021-06-04,122.82457733154297,123.08800699874061,120.83425044759345,121.04889463757115,75169300,AAPL,0.019022183590887698,122.02732958112445,2021,6
2021-06-07,122.83433532714844,123.24410653680496,121.7903901347652,123.09775754946514,71057600,AAPL,7.94466043967379e-05,121.8949214390346,2021,6
2021-06-08,123.65387725830078,125.33200387040455,123.13678395621102,123.51728685562117,74403800,AAPL,0.006671928732057131,122.09841047014508,2021,6
2021-06-09,124.03437805175781,124.63928371308171,123.43923097435068,124.1124318358548,56877900,AAPL,0.0030771440564067998,122.44964599609375,2021,6
2021-06-10,123.03921508789062,125.06856875877892,122.87335638380547,123.92705266664278,71186400,AAPL,-0.008023283379160584,122.70471082414899,2021,6
2021-06-11,124.2490463256836,124.33685871072245,123.02948362628814,123.44901349262499,53522400,AAPL,0.009832891382871356,123.02388981410435,2021,6
2021-06-14,127.30280303955078,127.36133965538929,123.97584053546844,124.70757800792384,96906500,AAPL,0.024577707468777188,123.99117606026786,2021,6
2021-06-15,126.4832534790039,127.41988394107798,126.23934100200125,126.77595142885431,62746300,AAPL,-0.00643779666259392,124.5138440813337,2021,6
2021-06-16,126.98085021972656,127.70283662845416,125.33201411236685,127.19549442536886,91815000,AAPL,0.003934091882015434,125.106203351702,2021,6
2021-06-17,128.58090209960938,129.32240559947226,126.49301177385304,126.63936820067508,96721700,AAPL,0.012600733709957845,125.81006404331752,2021,6
2021-06-18,127.28330993652344,128.30773056203458,127.06866573814787,127.52722244492858,108953300,AAPL,-0.010091639908395678,126.27419716971261,2021,6
2021-06-21,129.07850646972656,129.18582857227696,126.06375134431808,127.12720634134745,79663300,AAPL,0.014103942882208065,127.13695308140346,2021,6
2021-06-22,130.71762084960938,130.81519183288202,128.41508558444835,128.91267675700027,74783600,AAPL,0.012698584951997827,128.06103515625,2021,6
2021-06-23,130.4444122314453,131.0493254021088,129.98585550457855,130.51271488266488,60214200,AAPL,-0.0020900672486870997,128.5098364693778,2021,6
2021-06-24,130.1614532470703,131.36149842351492,129.69313058879897,131.1761225655203,68711000,AAPL,-0.002169192068365078,129.03529357910156,2021,6
2021-06-25,129.86875915527344,130.6297648884673,129.57606120699057,130.2102425761428,70783700,AAPL,-0.00224870024492807,129.4478519984654,2021,6
2021-06-28,131.49806213378906,131.95661867246497,130.1028902430498,130.1614268416497,62111300,AAPL,0.012545765348905835,129.86458914620536,2021,6
2021-06-29,133.01036071777344,133.16646828417475,131.07857796707717,131.51761747124857,64556100,AAPL,0.011500538939088978,130.6827392578125,2021,6
2021-06-30,133.625,134.06403942217588,132.56153042883813,132.85422833936676,63261400,AAPL,0.00462098801108235,131.33223833356584,2021,6
2021-07-01,133.92750549316406,133.98604212249344,132.45426418125246,133.27382165358517,52485800,AAPL,0.0022638390508067374,131.7907932826451,2021,7
2021-07-02,136.55198669433594,136.59100614570704,134.39579354693674,134.54213509862615,78852600,AAPL,0.019596282268587784,132.6633039202009,2021,7
2021-07-06,138.56185913085938,139.66433384141413,136.65934403214428,136.65934403214428,108181800,AAPL,0.014718734492105368,133.86336190359933,2021,7
2021-07-07,141.0497283935547,141.3619286538461,139.1862333107396,140.04479519196917,104911600,AAPL,0.017954935638859526,135.4606432233538,2021,7
2021-07-08,139.75209045410156,140.5521155930635,137.2446631833098,138.13250812343543,105575500,AAPL,-0.009199861312972346,136.63979012625558,2021,7
2021-07-09,141.5765838623047,142.10342835570765,139.17647811244083,139.27404907544525,99890800,AAPL,0.013055213716479885,137.86353628976005,2021,7
2021-07-12,140.98141479492188,142.75710481226085,140.49358983023356,142.64978272453996,76299700,AAPL,-0.004203866565686165,138.9144526890346,2021,7
2021-07-13,142.09364318847656,143.8693330567253,140.13259235448814,140.52284633857775,100827100,AAPL,0.00788918450827425,140.08104378836495,2021,7
2021-07-14,145.51820373535156,145.92798987044893,144.08399692422722,144.49378305932458,127050800,AAPL,0.024100730124376968,141.36193193708147,2021,7
2021-07-15,144.86453247070312,146.3475248913628,143.50837933553277,145.606036124653,106820300,AAPL,-0.004492024007094253,142.26231384277344,2021,7
2021-07-16,142.82537841796875,146.11331359035626,142.32780236268064,144.84498071759424,93251400,AAPL,-0.014076282289087971,142.51597813197546,2021,7
2021-07-19,138.98135375976562,140.56191704499963,138.22034787278739,140.24970186714236,121434600,AAPL,-0.026914156999142347,142.40587288992745,2021,7
2021-07-20,142.59124755859375,143.518127007473,139.47893643261804,139.96676145319105,96350000,AAPL,0.02597394327492286,142.55082484654017,2021,7
2021-07-21,141.85951232910156,142.57174758950413,141.10827250404336,141.98635160042446,74993500,AAPL,-0.00513169806717273,142.67626735142298,2021,7
2021-07-22,143.22543334960938,144.59133749363102,142.25953442025497,142.3863736933565,77338200,AAPL,0.009628688257006024,142.83795166015625,2021,7
2021-07-23,144.9425506591797,145.09865822031367,143.34248537564744,143.95714959308972,71447400,AAPL,0.011988913347386276,142.7557155064174,2021,7
2021-07-26,145.36209106445312,146.18163344756866,144.10349429509156,144.6596219111436,72434100,AAPL,0.002894528924497486,142.82679530552454,2021,7
2021-07-27,143.1961212158203,145.5767090416399,142.00582730291055,145.48888924785527,104818600,AAPL,-0.014900513832539874,142.87975856236048,2021,7
2021-07-28,141.44970703125,143.39125553651849,139.0691190835095,141.283848347971,118931200,AAPL,-0.012195960126169747,143.23238045828683,2021,7
2021-07-29,142.09364318847656,142.98148812260095,141.0594567321274,141.16677881083731,56699500,AAPL,0.0045524036121495914,143.16129411969865,2021,7
2021-07-30,142.3082733154297,142.7668298895043,140.6008862507108,140.8643158519786,70440600,AAPL,0.0015104836651167464,143.22540283203125,2021,7
2021-08-02,141.97662353515625,143.3717961975161,141.71319380853052,142.79616614327983,62880000,AAPL,-0.0023305024546136366,143.0470014299665,2021,8
2021-08-03,143.77178955078125,144.43522442777342,141.64486473611035,142.25952902121162,64786600,AAPL,0.012644095703406188,142.87974984305245,2021,8
2021-08-04,143.3717498779297,144.191292221281,142.7180662311683,143.6839649919127,56368300,AAPL,-0.0027824629164142634,142.59541538783483,2021,8
2021-08-05,143.47909545898438,144.2401013148973,142.61076750096896,143.40104166770632,46397700,AAPL,0.0007487219842547965,142.6358402797154,2021,8
2021-08-06,142.79513549804688,143.74293525391155,142.29681378591434,143.00033556159832,54126800,AAPL,-0.004766965938484136,142.82804434640067,2021,8
2021-08-09,142.7462615966797,143.34230040071924,142.18931561461758,142.853744492803,48908700,AAPL,-0.00034226587058949764,142.92127554757255,2021,8
2021-08-10,142.26748657226562,144.32919310328901,141.9743500451473,143.0882569205625,69023100,AAPL,-0.003354028463223857,142.91544886997767,2021,8
2021-08-11,142.52149963378906,143.36181621242878,142.19905101424288,142.70715322469806,48493500,AAPL,0.0017854610891323563,142.99328831263952,2021,8
2021-08-12,145.48219299316406,145.63853447846216,142.50199865892714,142.8439937943236,72282600,AAPL,0.02077366128606939,143.23763166155135,2021,8
2021-08-13,145.68734741210938,146.01956178212575,144.87634298445295,145.56031813141018,59375000,AAPL,0.001410168589876415,143.5684313092913,2021,8
2021-08-16,147.6611328125,147.72953779617734,143.117568833467,145.1401825389347,103296000,AAPL,0.013548090726144713,144.1658652169364,2021,8
2021-08-17,146.75242614746094,148.20831321235303,145.67759718518755,146.7915040599331,92229700,AAPL,-0.006154000363744583,144.73119245256697,2021,8
2021-08-18,143.0100860595703,147.27029417589944,142.80488601790597,146.37135309386304,86326000,AAPL,-0.025501044079027424,144.76888166155135,2021,8
2021-08-19,143.34231567382812,144.61256415166383,141.19267243186096,141.71054055666755,86960300,AAPL,0.0023231201617446295,144.92242867606026,2021,8
2021-08-20,144.7981719970703,145.10107421090675,143.42044104748524,144.0653382889344,60549600,AAPL,0.010156500656477219,145.24766758510046,2021,8
2021-08-23,146.28338623046875,146.75239563031982,144.50503593715925,144.91542102572143,60131800,AAPL,0.01025713386373761,145.36212376185827,2021,8
2021-08-24,146.19546508789062,147.40708910674365,145.7362213417673,146.02935786837372,48606400,AAPL,-0.0006010330006963605,145.43471200125558,2021,8
2021-08-25,144.9642791748047,146.87942449217206,144.4170990582826,146.38108802855803,58991300,AAPL,-0.008421505498448667,145.04944719587053,2021,8
2021-08-26,144.16305541992188,145.70689371393732,144.13374326132688,144.95452843061085,48597200,AAPL,-0.005527042657982428,144.6795370919364,2021,8
2021-08-27,145.1988067626953,145.34536755607812,143.4693148530707,144.10443150378484,55802400,AAPL,0.0071845823450154,144.9922114780971,2021,8
2021-08-30,149.61534118652344,149.97688265994054,145.2085727146907,145.58964568755835,90956700,AAPL,0.03041715371012832,145.88835797991072,2021,8
2021-08-31,148.35487365722656,149.3026732146875,147.8272249811444,149.16587817080352,86453100,AAPL,-0.008424721150256054,146.3964582170759,2021,8
2021-09-01,149.0193328857422,151.4328005101191,148.85322564922996,149.33201585532615,80313700,AAPL,0.0044788500177679325,146.7873077392578,2021,9
2021-09-02,150.13320922851562,151.17872592141705,148.91181958328025,150.34817499884036,71115500,AAPL,0.0074747103023704575,147.34984261648995,2021,9
2021-09-03,150.76832580566406,151.09077442910467,149.58601418638187,150.24067718201943,57808700,AAPL,0.00423035369997149,148.17899213518416,2021,9
2021-09-07,153.10365295410156,153.660598936694,150.85629279363835,151.42301943650597,82278300,AAPL,0.015489507732862062,149.45622035435267,2021,9
2021-09-08,151.55979919433594,153.44561765373206,150.4556581818044,153.38699333617137,74420200,AAPL,-0.010083716031442091,150.36493355887276,2021,9
2021-09-09,150.5436553955078,152.53695734707105,150.426391815148,151.93115266847218,57305700,AAPL,-0.0067045734042257,150.49754987444197,2021,9
2021-09-10,145.56033325195312,151.9213251437336,145.2965089144569,151.45231569560596,140893200,AAPL,-0.03310217312355357,150.09832981654577,2021,9
2021-09-13,146.1270751953125,147.9542695218118,145.34538275990522,147.18235774668085,102404300,AAPL,0.0038935191387503565,149.68515014648438,2021,9
2021-09-14,144.7297821044922,147.61227358439965,143.5474852815467,146.9087519585389,109296300,AAPL,-0.009562177912291081,148.9132319859096,2021,9
2021-09-15,145.6189727783203,146.01959220126037,143.01985176888803,145.15972903193406,83281300,AAPL,0.006143798884366003,148.17761012486048,2021,9
2021-09-16,145.3844451904297,145.56033305169905,143.8503875542624,145.04246503666727,68034100,AAPL,-0.0016105565326823834,147.07486615862166,2021,9
2021-09-17,142.7169189453125,145.4137565229727,142.423782481279,145.4137565229727,129868800,AAPL,-0.018348085599000363,145.8115975516183,2021,9
2021-09-20,139.66836547851562,141.52487196661303,138.0365905336095,140.50868223734292,123478900,AAPL,-0.02136084137273908,144.2579847063337,2021,9
2021-09-21,140.14715576171875,141.2903898304163,139.51203897648207,140.63571172252995,75834000,AAPL,0.0034280510233133388,143.48467363630022,2021,9
2021-09-22,142.51173400878906,143.0784456211062,140.41093510559722,141.14376881169068,76404300,AAPL,0.016872110134654505,142.96819632393974,2021,9
2021-09-23,143.46934509277344,143.71362307292674,142.30657952171666,143.29345719409983,64838200,AAPL,0.006719524470352178,142.7881338936942,2021,9
2021-09-24,143.55726623535156,144.09468071612673,142.22839356904527,142.32611071447462,53477900,AAPL,0.0006128218019065823,142.4936043875558,2021,9
2021-09-27,142.04275512695312,142.61926249136263,140.52824357765476,142.14047228283127,74150700,AAPL,-0.010549874263525716,142.01622009277344,2021,9
2021-09-28,138.6619415283203,141.43693551030117,138.44697573581755,139.9712677848058,108972300,AAPL,-0.02380138005357013,141.4369376046317,2021,9
2021-09-29,139.5608673095703,141.14378350850296,138.77917495976774,139.2091064976362,74602000,AAPL,0.006482858752316023,141.4215807233538,2021,9
2021-09-30,138.2613067626953,141.075393254431,138.04634099404652,140.37187163149707,89056700,AAPL,-0.009311783252194505,141.1521737234933,2021,9
2021-10-01,139.38499450683594,139.64881887167329,135.9260252404235,138.65216064526572,94639600,AAPL,0.008127275594677075,140.70549665178572,2021,10
2021-10-04,135.955322265625,138.95506236159227,135.1052398519007,138.51535016597074,98322000,AAPL,-0.024605749373134533,139.63206481933594,2021,10
2021-10-05,137.88027954101562,138.98442090910424,136.17033348366243,136.2973628189778,80861100,AAPL,0.014158748942757038,138.8210667201451,2021,10
2021-10-06,138.7498779296875,138.8964387383312,135.20295726507902,136.27778622694314,83221100,AAPL,0.006306909092196777,138.35065569196428,2021,10
2021-10-07,140.0103302001953,140.9190518423827,139.45338427911526,139.7855986818326,61732700,AAPL,0.009084348680627796,138.54328264508928,2021,10
2021-10-08,139.62924194335938,140.87994360098938,139.29702757701324,140.73338282452485,58773200,AAPL,-0.0027218581392604024,138.5530504499163,2021,10
2021-10-11,139.5413360595703,141.49555969160025,138.56422424355534,139.0137022391212,64452200,AAPL,-0.0006295664329734052,138.7359117780413,2021,10
2021-10-12,138.27108764648438,139.97126757292082,137.8118439004276,139.9517211619384,73035900,AAPL,-0.009103026020502392,138.5767822265625,2021,10
2021-10-13,137.68482971191406,138.163604960137,136.01396194464323,138.00727840066958,78762700,AAPL,-0.004239916996018667,138.82385471888952,2021,10
2021-10-14,140.46954345703125,140.5868069751704,138.27104258853484,138.85731545061583,69907100,AAPL,0.020225276458879282,139.1937495640346,2021,10
2021-10-15,141.52487182617188,141.58349614959462,140.22531132197605,140.4793699361988,67940300,AAPL,0.0075128625264127,139.59017726353235,2021,10
2021-10-18,143.1957244873047,143.47908032380766,139.88331637742027,140.16667221392322,85589200,AAPL,0.011806070831034132,140.04523359026228,2021,10
2021-10-19,145.35513305664062,145.75575243725564,143.1957245202807,143.64518755891186,76378900,AAPL,0.015080119026370742,140.86321803501673,2021,10
2021-10-20,145.8437042236328,146.32249438069462,144.72979735027167,145.29652399244392,58418800,AAPL,0.003361224036042776,141.76355634416853,2021,10
2021-10-21,146.0586700439453,146.21501151275598,144.48551942420278,145.40400691653662,61421000,AAPL,0.0014739465200559465,142.87606811523438,2021,10
2021-10-22,145.28675842285156,146.74264548774926,145.23789985010384,146.26387023963363,58883400,AAPL,-0.005284942145930116,143.9620579310826,2021,10
2021-10-25,145.23785400390625,145.95114123032678,144.24119609072437,145.27693190404312,50720600,AAPL,-0.00033660616752817507,144.64324515206474,2021,10
2021-10-26,145.90232849121094,147.38752756365847,145.5994113354405,145.91209424092938,60893400,AAPL,0.004575077839464647,145.26859610421317,2021,10
2021-10-27,145.443115234375,146.30296358535784,145.0913543468451,145.94143694606547,56094900,AAPL,-0.0031474018378233604,145.58965192522322,2021,10
2021-10-28,149.07794189453125,149.66419997930225,146.29316753585874,146.3908846714247,100077900,AAPL,0.02499139718163268,146.1214817592076,2021,10
2021-10-29,146.37135314941406,146.5081482073945,143.0589446865979,143.85040287273776,124953200,AAPL,-0.018155527978995223,146.19686017717635,2021,10
2021-11-01,145.55056762695312,146.2736207539483,144.4171144592604,145.57987978563986,74588300,AAPL,-0.005607555746397264,146.12427411760603,2021,11
2021-11-02,146.58633422851562,148.10086068451773,145.24768076131065,145.25746142260692,69122000,AAPL,0.007116197610559372,146.30992780412947,2021,11
2021-11-03,148.02264404296875,148.49165344387518,146.39086943374969,146.9478153017873,54511500,AAPL,0.009798388246847312,146.70775495256697,2021,11
2021-11-04,147.5048065185547,148.94114717338857,147.19212358039826,148.11061107430388,60394600,AAPL,-0.0034983669408292783,146.93668038504464,2021,11
2021-11-05,148.033203125,148.9334561453401,146.83938576662882,148.6301118041856,65463900,AAPL,0.003582233141527169,147.30669294084822,2021,11
2021-11-08,147.21124267578125,148.3169952703634,146.93725326087116,148.16042562432813,55020900,AAPL,-0.005552541131766731,147.04002162388392,2021,11
2021-11-09,147.57330322265625,148.17999196283563,146.83939977322487,146.97639448653322,56787900,AAPL,0.002459462608249252,147.21172877720423,2021,11
2021-11-10,144.74533081054688,146.90790623545243,144.67684091878007,146.80026646441542,65187100,AAPL,-0.01916317077922003,147.09669494628906,2021,11
2021-11-11,144.69639587402344,146.22291262356347,144.51047128224292,145.7630135429795,41000000,AAPL,-0.00033807609716607345,146.82670375279017,2021,11
2021-11-12,146.77088928222656,147.1720784304826,144.31474986015922,145.24435777936998,63804000,AAPL,0.014336869938413876,146.64788164411272,2021,11
2021-11-15,146.78067016601562,148.62032601011296,146.22289645235986,147.14272437440852,59222800,AAPL,6.664048870241857e-05,146.54443359375,2021,11
2021-11-16,147.7592315673828,148.2387205417783,146.13485497458598,146.72198372154762,59256200,AAPL,0.006666827452554758,146.5052947998047,2021,11
2021-11-17,150.19578552246094,151.67337235529826,147.7494408070529,147.7592208106454,88807000,AAPL,0.01649002860418225,146.93165806361608,2021,11
2021-11-18,154.48175048828125,155.26458367795593,149.76520627698585,150.41104477831504,137827700,AAPL,0.02853585372526557,147.9185791015625,2021,11
2021-11-19,157.104248046875,157.5641620110988,153.1705218782956,154.2664794451428,117305600,AAPL,0.016976099444139026,149.68413870675224,2021,11
2021-11-22,157.56414794921875,162.14369731452808,157.54457301404287,158.20997149701574,117467900,AAPL,0.002927354976464569,151.5223890032087,2021,11
2021-11-23,157.94583129882812,158.3274605436487,155.64626089330295,157.66204690088375,96041900,AAPL,0.0024223997310124368,153.11880929129464,2021,11
2021-11-24,158.4644012451172,158.660105803449,156.21376149604953,157.29993896578694,69463600,AAPL,0.0032832138843090775,154.7879137311663,2021,11
2021-11-26,153.44451904296875,157.00639624695634,153.00417999336176,156.1452930856568,76959800,AAPL,-0.03167829596240701,155.60009765625,2021,11
2021-11-29,156.80091857910156,157.73052659848017,155.38202667808307,155.94958045222978,88748200,AAPL,0.021873701042348204,156.54368809291296,2021,11
2021-11-30,161.7523193359375,161.9675988704111,156.4877806077615,156.5562854284138,174048100,AAPL,0.031577625958473465,157.58234078543526,2021,11
2021-12-01,161.2336883544922,166.64500155872992,160.99883389139347,163.88551760970591,152052500,AAPL,-0.003206327943701348,158.17226082938058,2021,12
2021-12-02,160.24533081054688,160.6758897940943,154.41325439149716,155.33308223247562,136739200,AAPL,-0.006129969202046004,158.55528695242745,2021,12
2021-12-03,158.36654663085938,161.4195945786872,156.29205136899398,160.49976670029744,118023100,AAPL,-0.011724423857995103,158.61538914271765,2021,12
2021-12-06,161.7718963623047,164.27695105253582,160.75420856233345,160.7639885662799,107497000,AAPL,0.021502961350688077,159.08788844517298,2021,12
2021-12-07,167.50608825683594,167.89751232351225,164.72704457429052,165.45116789916563,120405400,AAPL,0.035446156121511585,161.096684047154,2021,12
2021-12-08,171.3223876953125,172.1835056764081,167.03638765651502,168.43570437579535,116998900,AAPL,0.022783049130877364,163.17117963518416,2021,12
2021-12-09,170.81356811523438,172.95656843850207,170.18730447599066,171.15606234208923,108923700,AAPL,-0.002969953821698068,164.46564374651228,2021,12
2021-12-10,175.59860229492188,175.77474686026093,170.9407678198788,171.4496116481563,115402700,AAPL,0.02801319726814344,166.5177743094308,2021,12
2021-12-13,171.96826171875,178.2211185132973,171.76276218304858,177.23278564494396,153237000,AAPL,-0.02067408583397856,168.1924787248884,2021,12
2021-12-14,170.58848571777344,173.92530298904865,168.51399049049428,171.48873864529648,139380400,AAPL,-0.008023434017337183,169.93847002301897,2021,12
2021-12-15,175.4518280029297,175.6475325738547,168.611843504033,171.35175229088827,131063300,AAPL,0.028509206026966494,171.8927459716797,2021,12
2021-12-16,168.56295776367188,177.252380355888,167.0853706953113,175.4322990002564,150185800,AAPL,-0.039263599118173786,172.0437273297991,2021,12
2021-12-17,167.46693420410156,169.74692873915046,166.04805758616632,166.28289706807027,195432700,AAPL,-0.006502161412633489,171.4929482596261,2021,12
2021-12-20,166.10678100585938,166.91896912005944,163.86593615587674,164.66832933666538,107499100,AAPL,-0.00812192093147468,170.82055010114397,2021,12
2021-12-21,169.27725219726562,169.48273676499653,165.49030091905374,167.87793543850688,91185900,AAPL,0.019086946193330956,169.91750008719308,2021,12
2021-12-22,171.87042236328125,172.0857019286085,168.45531919632216,169.3262174628531,92135300,AAPL,0.015319070532842094,169.90352303641183,2021,12
2021-12-23,172.4966278076172,173.0544014741378,171.50831008728667,172.07586375572322,68356600,AAPL,0.00364347416923394,170.17611476353235,2021,12
2021-12-27,176.45970153808594,176.54776634572997,173.26967407814607,173.28923408120028,74919600,AAPL,0.022974789599299994,170.3200966971261,2021,12
2021-12-28,175.4420166015625,177.4382418590108,174.69833332933095,176.293354548695,79144300,AAPL,-0.00576723709522875,171.30281938825334,2021,12
2021-12-29,175.5301513671875,176.753323868227,174.31675887088656,175.48122148088493,62348900,AAPL,0.0005023583707723933,172.4547075544085,2021,12
2021-12-30,174.3754425048828,176.69458737092964,174.26780274374727,175.61818975957434,59773000,AAPL,-0.006578407489031157,173.63594491141183,2021,12
2021-12-31,173.7589569091797,175.38331824017646,173.45559766181222,174.2677857929612,64062300,AAPL,-0.003535392294048867,174.27618844168526,2021,12
2022-01-03,178.1036834716797,178.9550216250589,173.89598231281707,174.01340208653673,104487900,AAPL,0.025004331516394362,175.1666543143136,2022,1
2022-01-04,175.84323120117188,179.01369889567948,175.2756775127618,178.71035458130368,99310400,AAPL,-0.012691777207781585,175.64474051339286,2022,1
2022-01-05,171.16583251953125,176.3031560396219,170.89184312629723,175.7551772531539,94537600,AAPL,-0.026599822180755406,174.8884735107422,2022,1
2022-01-06,168.3085174560547,171.53769548653034,167.95624321761545,168.99349099432447,96904000,AAPL,-0.016693256016211744,173.86940220424108,2022,1
2022-01-07,168.47486877441406,170.40258963561612,167.35933616352636,169.1794172582698,86709100,AAPL,0.0009883713603668909,172.86150469098772,2022,1
2022-01-10,168.49441528320312,168.79775959259328,164.5606894006289,165.45116232460057,106765600,AAPL,0.00011602032357260761,172.0213579450335,2022,1
2022-01-11,171.3223876953125,171.4202325096092,167.15382233749222,168.62162893365016,76138300,AAPL,0.01678377533971176,171.67327662876673,2022,1
2022-01-12,171.7627410888672,173.37732250749067,171.0679876032979,172.3400748149154,74805200,AAPL,0.0025703201985360913,170.7674277169364,2022,1
2022-01-13,168.49441528320312,172.82933029006384,168.10299122971512,172.0073621746904,84505800,AAPL,-0.01902814187142654,169.71759687151228,2022,1
2022-01-14,169.35552978515625,170.0502832024392,167.4180143556812,167.66264878484014,80440800,AAPL,0.005110641207340727,169.45898219517298,2022,1
2022-01-18,166.1557159423828,168.83689986985863,165.77408681023036,167.82900716362772,90956700,AAPL,-0.01889406178134667,169.1514391217913,2022,1
2022-01-19,162.662353515625,167.40826837840387,162.37858408989868,166.3514456378891,94815000,AAPL,-0.02102462985967446,168.32107979910714,2022,1
2022-01-20,160.97926330566406,166.0383024176851,160.65634400941124,163.39625309442948,91420500,AAPL,-0.01034714040209228,167.2474866594587,2022,1
2022-01-21,158.92433166503906,162.76019814543096,158.81669190708894,160.89118731707072,122848900,AAPL,-0.012765194711589323,165.47633579799108,2022,1
2022-01-24,158.1512908935547,158.8167044309835,151.3798104055977,156.58563920962845,162294600,AAPL,-0.00486420652763031,163.53184291294642,2022,1
2022-01-25,156.3507537841797,159.26679197315192,153.64999508546384,155.5679206315474,115798400,AAPL,-0.011384903020405068,161.79703412737166,2022,1
2022-01-26,156.2626953125,160.86181974023197,154.43283450239605,159.99092174206848,108275300,AAPL,-0.0005632110466268214,159.92662920270647,2022,1
2022-01-27,155.8028106689453,160.32365113506773,154.88298262420264,158.96348400735147,121954600,AAPL,-0.0029430225981639246,158.44764273507255,2022,1
2022-01-28,166.67434692382812,166.69392186078738,159.30595841103175,162.15350702087153,179935700,AAPL,0.06977753615743798,159.02078465053015,2022,1
2022-01-31,171.02883911132812,171.24411862639118,165.87194061535732,166.5079991576081,115541600,AAPL,0.026125749210165194,160.45643833705358,2022,1
2022-02-01,170.8624725341797,171.0875320298687,168.61183278338754,170.27534392743365,86213900,AAPL,-0.0009727399075669663,162.1618870326451,2022,2
2022-02-02,172.0660858154297,172.105235689561,169.6099612749151,170.9994831805343,84914300,AAPL,0.007044339598967442,164.14971487862724,2022,2
2022-02-03,169.18917846679688,172.45750604377838,168.4259201826274,170.73526997176376,89418100,AAPL,-0.016719781443269355,165.98377554757255,2022,2
2022-02-04,168.90505981445312,170.580497991328,167.22962163757825,168.20940619823992,82465400,AAPL,-0.0016792956554222416,167.78982761928015,2022,2
2022-02-07,168.18980407714844,170.4335039135459,167.4941505320522,169.36554243968104,77251200,AAPL,-0.004234661401443018,169.5593981061663,2022,2
2022-02-08,171.2957000732422,171.8051921224292,167.9644243058782,168.2583626015754,74829200,AAPL,0.018466612843362817,170.21959141322546,2022,2
2022-02-09,172.71640014648438,173.07891560572492,171.36429283315064,172.4910539110368,71285000,AAPL,0.008293845511794684,170.4606715611049,2022,2
2022-02-10,168.64051818847656,171.93259499604034,168.08204874852603,170.61968723864308,90865900,AAPL,-0.023598696791682583,170.14324951171875,2022,2
2022-02-11,165.23086547851562,169.58111126110254,164.64298876993468,168.8462728505392,98670700,AAPL,-0.02021846675156813,169.16678946358817,2022,2
2022-02-14,165.4660186767578,166.15186486791518,163.19291135712115,163.98653444619794,86185500,AAPL,0.0014231796072796676,168.6349094935826,2022,2
2022-02-15,169.2969512939453,169.45372039657573,166.80830532856646,167.51375134007887,62527400,AAPL,0.023152382874886968,168.6908939906529,2022,2
2022-02-16,169.06179809570312,169.83582117930217,166.61233714082573,168.3759520184021,61177400,AAPL,-0.0013889984222686946,168.81546456473214,2022,2
2022-02-17,165.4660186767578,168.43476465088062,165.06430342539218,167.57254946752525,69589300,AAPL,-0.021269023868477954,167.98265293666296,2022,2
2022-02-18,163.91793823242188,167.0924302194162,162.83037691642315,166.38699918366942,82772700,AAPL,-0.009355881387103082,166.7257298060826,2022,2
2022-02-22,160.99818420410156,163.32026851174712,158.872038841447,161.64483056360834,91162800,AAPL,-0.01781229107567439,165.63396780831474,2022,2
2022-02-23,156.83412170410156,162.7911986729469,156.52058346872764,162.19352949330056,90009200,AAPL,-0.02586403393668779,164.43443298339844,2022,2
2022-02-24,159.4501495361328,159.5579264390306,148.9272576589058,149.49553451506446,141147500,AAPL,0.0166802211381456,163.5750231061663,2022,2
2022-02-25,161.51748657226562,161.78201763247694,157.61793335879435,160.52789462372328,91974200,AAPL,0.01296541296541287,162.4636710030692,2022,2
2022-02-28,161.7820281982422,162.07596656799925,159.1464052349538,159.76367431641097,95056600,AAPL,0.0016378513038475262,161.42370387486048,2022,2
2022-03-01,159.90084838867188,163.23212509592508,158.6957174816516,161.37052533149114,83474400,AAPL,-0.011627866398517317,160.62867954799108,2022,3
2022-03-02,163.19290161132812,163.97673219026618,159.65587901852524,161.0667710705488,79724800,AAPL,0.020588091031601197,160.52510288783483,2022,3
2022-03-03,162.8695831298828,165.49541352335572,162.203336805619,165.06430592514928,76678400,AAPL,-0.0019812043186495654,160.79244559151786,2022,3
2022-03-04,159.87144470214844,162.20333673673338,158.82308299816066,161.16476749621853,83737200,AAPL,-0.018408215764532665,161.22634887695312,2022,3
2022-03-07,156.0797119140625,161.68408181721537,155.82495831371006,160.05763556238298,96418800,AAPL,-0.023717386148290553,160.74485778808594,2022,3
2022-03-08,154.2572784423828,159.58730866544224,152.65043241487155,155.60938587479396,131148300,AAPL,-0.011676299560849479,159.70768519810267,2022,3
2022-03-09,159.65589904785156,160.10660654613918,156.1874681101056,158.2156144765831,91454900,AAPL,0.03499750974463889,159.4039524623326,2022,3
2022-03-10,155.31541442871094,157.14760632107578,152.82675388635474,156.9614449084205,105342000,AAPL,-0.027186496991506104,158.74889046805245,2022,3
2022-03-11,151.60203552246094,156.0600575177212,151.37668929729986,155.7171269987306,96970100,AAPL,-0.023908630832997102,157.09305245535714,2022,3
2022-03-14,147.5751495361328,151.00439558659642,147.06567231572745,148.38837253642478,108732100,AAPL,-0.02656221582019269,154.90813337053572,2022,3
2022-03-15,151.9547576904297,152.42506496258488,147.33998157862231,147.8494586979721,92964300,AAPL,0.02967713851595688,153.77717808314733,2022,3
2022-03-16,156.3638153076172,156.76553056777536,151.3375306500096,153.8751690879972,102300200,AAPL,0.029015594405868317,153.81776428222656,2022,3
2022-03-17,157.37298583984375,157.7453087439647,154.44343967423552,155.40362432397723,75615400,AAPL,0.0064539902038154295,154.2628653390067,2022,3
2022-03-18,160.6650390625,161.15493125437885,156.53034776701656,157.26518605483486,123511700,AAPL,0.020918794957646147,154.4070281982422,2022,3
2022-03-21,162.0367889404297,162.98718123956166,159.71468917177347,160.20458149296203,95811400,AAPL,0.008537948802888495,155.36722455705916,2022,3
2022-03-22,165.4072723388672,165.99513423170504,161.57631029334124,162.1641721861791,81532000,AAPL,0.02080072939285782,157.3394012451172,2022,3
2022-03-23,166.7691192626953,169.14998832074127,164.26085849061369,164.59399656875675,98062700,AAPL,0.008233295335637658,160.0813969203404,2022,3
2022-03-24,170.55108642578125,170.61966356312797,166.76911784992285,167.60192566241446,90131400,AAPL,0.022677862543176053,162.7380153111049,2022,3
2022-03-25,171.18795776367188,171.73663471959298,169.25778100424003,170.36494232979024,80546200,AAPL,0.003734196898052433,164.85574994768416,2022,3
2022-03-28,172.0501708984375,172.1775327221898,168.52294058057433,168.6895021580393,90371900,AAPL,0.0050366459535426955,166.9524906703404,2022,3
2022-03-29,175.34228515625,175.3912624334082,172.7752389491534,173.1181695912336,100589400,AAPL,0.01913461777236969,169.0492401123047,2022,3
2022-03-30,174.17630004882812,175.979099995584,173.12792342578476,174.94053078604693,92633200,AAPL,-0.006649765664813012,170.78345598493303,2022,3
2022-03-31,171.08018493652344,174.43104638306448,170.87442359799343,174.2448849220912,103049300,AAPL,-0.017775754287102985,171.5938720703125,2022,3
2022-04-01,170.78623962402344,171.34472398421482,168.46415506398156,170.5119011506989,78751300,AAPL,-0.0017181727539578029,172.1677464076451,2022,4
2022-04-04,174.832763671875,174.88175589117134,170.91362533338986,171.04100211349504,76468400,AAPL,0.02369350163549333,172.7794145856585,2022,4
2022-04-05,171.52105712890625,174.695564012496,170.89399570193683,173.9117334912033,73401800,AAPL,-0.018942139181556072,172.8270002092634,2022,4
2022-04-06,168.35641479492188,170.12003032879016,166.6907837158408,168.87569951457075,89058800,AAPL,-0.0184504595934597,172.299320765904,2022,4
2022-04-07,168.6601104736328,169.85544881098227,166.41641045043957,167.69992580849703,77594700,AAPL,0.0018038854003923355,171.34472438267298,2022,4
2022-04-08,166.6515350341797,168.30737316185164,165.77952746373003,168.30737316185164,76575500,AAPL,-0.011909012948068343,170.26975795200892,2022,4
2022-04-11,162.39932250976562,165.613015297643,162.1543763219681,165.29949195143314,72246700,AAPL,-0.02551559170182227,169.0296347481864,2022,4
2022-04-12,164.27064514160156,166.43596014907794,163.27126093413113,164.62336810010157,79265200,AAPL,0.011522970680640565,168.09883553641183,2022,4
2022-04-13,166.9552459716797,167.5823073528285,163.39863897484116,164.00610048305086,70618900,AAPL,0.0163425475547625,166.97347586495536,2022,4
2022-04-14,161.94857788085938,167.80770011623432,161.70363174912274,167.17083120352376,75329400,AAPL,-0.02998808490072591,165.6059788295201,2022,4
2022-04-18,161.73304748535156,163.23211669383912,160.2633706181813,160.60628625032533,69023900,AAPL,-0.0013308569814448612,164.65978349958147,2022,4
2022-04-19,164.01589965820312,164.4274222551572,160.59646173132168,161.68402299396155,67723800,AAPL,0.014114939453288455,163.99632481166296,2022,4
2022-04-20,163.84933471679688,165.4659878847408,162.74218855364813,165.3484035950485,67929800,AAPL,-0.0010155414307597699,163.59601048060827,2022,4
2022-04-21,163.0557403564453,168.06243992326603,162.55605562621574,165.49540922825548,87227800,AAPL,-0.004843439625331625,163.68978445870536,2022,4
2022-04-22,158.5193328857422,164.47642463552896,158.23520194954875,163.0949398073809,84882400,AAPL,-0.0278212067896928,162.868168422154,2022,4
2022-04-25,159.58734130859375,159.8714723016188,155.25669460411746,157.8629106188026,96046400,AAPL,0.006737401699900891,161.81561061314173,2022,4
2022-04-26,153.63023376464844,159.0582340646371,153.55184919980582,158.97005703556184,95623200,AAPL,-0.03732819592768366,160.62727573939733,2022,4
2022-04-27,153.40487670898438,156.55976925790796,152.23893068313222,152.75821530720194,88063200,AAPL,-0.0014668795987727856,159.43753705705916,2022,4
2022-04-28,160.3319549560547,161.194170207573,155.7171628080034,156.03070106321982,130216800,AAPL,0.04515552827053382,158.9112592424665,2022,4
2022-04-29,154.4630126953125,162.84017274008735,154.0711048951049,158.5683119363977,131747600,AAPL,-0.03660494417566851,157.57035609654017,2022,4
2022-05-02,154.76675415039062,155.0312851805643,150.17156281104934,153.54202362072925,123055300,AAPL,0.001966434875106726,156.38621520996094,2022,5
2022-05-03,156.25601196289062,157.46115753940876,153.15990462040372,154.9528969165434,88966500,AAPL,0.009622595115310384,156.06288364955358,2022,5
2022-05-04,162.66380310058594,163.11449553252916,156.04045128046997,156.4421664548319,108256500,AAPL,0.041008285423392854,156.50237819126673,2022,5
2022-05-05,153.600830078125,160.76305283929582,151.8176149978829,160.53770657596968,130525300,AAPL,-0.0557159789068542,156.49817766462053,2022,5
2022-05-06,154.32691955566406,156.44636712680793,151.2851189689877,153.0807608024048,116124600,AAPL,0.004727119489977838,156.62989807128906,2022,5
2022-05-09,149.2049560546875,152.90417564451926,148.64566602154656,152.0210648420898,131577900,AAPL,-0.033189047741791544,155.04032679966517,2022,5
2022-05-10,151.60891723632812,153.7970575708187,150.05858149525076,152.599963074193,115366700,AAPL,0.01611180516523536,154.63259887695312,2022,5
2022-05-11,143.7493438720703,152.53129738037643,143.07229678522884,150.6179132038416,142689800,AAPL,-0.05184110214312987,153.05868312290735,2022,5
2022-05-12,139.88330078125,143.45495579096956,136.19390367446763,140.08936442340104,182602000,AAPL,-0.026894335561356675,150.71972438267298,2022,5
2022-05-13,144.34788513183594,145.31930242919321,140.422988536555,141.8751960845671,113990900,AAPL,0.03191649271679453,148.10316467285156,2022,5
2022-05-16,142.8073272705078,144.75016147394118,141.472862097978,142.817149092285,86643800,AAPL,-0.010672535035210928,146.56123570033483,2022,5
2022-05-17,146.43788146972656,146.95792901438662,143.9259353445969,146.0650115425021,78336300,AAPL,0.02542274453706206,145.4342302594866,2022,5
2022-05-18,138.17596435546875,144.59316242526515,137.27322514239307,144.09274359887067,109742900,AAPL,-0.05641926140515641,143.85866001674108,2022,5
2022-05-19,134.7711639404297,139.00023828873597,134.03524571353756,137.2536602280289,136095600,AAPL,-0.02464104687758817,141.45326668875558,2022,5
2022-05-20,135.0066375732422,138.05824551298795,130.12014512321653,136.47847391127468,137426100,AAPL,0.0017472107973823814,140.20430864606584,2022,5
2022-05-23,140.42298889160156,140.5701665253798,135.06549843768857,135.20286921997902,117726300,AAPL,0.04011914833017727,140.28140694754464,2022,5
2022-05-24,137.72459411621094,139.30436527340177,134.75148674775386,138.1661418989175,104132700,AAPL,-0.01921618957615001,139.33522251674108,2022,5
2022-05-25,137.88160705566406,139.12775081330722,135.7425308510417,135.83083742178036,92482700,AAPL,0.0011400501156724197,138.63154820033483,2022,5
2022-05-26,141.08041381835938,141.62989697300142,134.56508575048807,134.8103917996885,90601500,AAPL,0.023199662601872006,137.86619567871094,2022,5
2022-05-27,146.83038330078125,146.8696256795322,142.5326166713653,142.6601806038178,90978500,AAPL,0.04075668143293765,139.10254124232702,2022,5
2022-05-31,146.04537963867188,147.8312145429356,144.08293159739236,146.2710719434681,103718400,AAPL,-0.005346329856684373,140.71314348493303,2022,5
2022-06-01,145.91783142089844,148.89093902040028,144.90715690011942,147.08547543452738,74286600,AAPL,-0.000873346476889636,142.27188546316964,2022,6
2022-06-02,148.37091064453125,148.42978169809749,144.10257959347064,145.05436821890447,72348100,AAPL,0.016811373906434612,143.4073028564453,2022,6
2022-06-03,142.65037536621094,145.19174238635256,141.74765092180013,144.14182533230215,88570300,AAPL,-0.038555639063412084,144.1109858921596,2022,6
2022-06-06,143.3960723876953,145.78045445382116,142.17934925780943,144.2693611343495,71598400,AAPL,0.005227445210501669,144.89876665387834,2022,6
2022-06-07,145.91783142089844,146.20237980048756,141.39438806442126,141.63969407079793,67808200,AAPL,0.017585970042367283,145.58982631138392,2022,6
2022-06-08,145.18191528320312,147.05604181726716,144.6913032640919,145.79026939576806,53950200,AAPL,-0.005043359886377163,145.35433088030135,2022,6
2022-06-09,139.96180725097656,145.17210490927135,139.85387199936835,144.31844471982856,69473000,AAPL,-0.03595563553520986,144.48524911063058,2022,6
2022-06-10,134.55528259277344,138.1171163437947,134.4865897104107,137.64613290864105,91437900,AAPL,-0.038628571353814145,142.86202784946985,2022,6
2022-06-13,129.40383911132812,132.6614953380435,128.97209811172078,130.37524138815306,122207100,AAPL,-0.038284959030824295,140.15244620186942,2022,6
2022-06-14,130.2672882080078,131.37607607962988,129.0113227305463,130.63035125622758,84784300,AAPL,0.00667251530255486,138.38343375069755,2022,6
2022-06-15,132.88714599609375,134.761287244166,129.67855461334355,131.76855134556948,91533000,AAPL,0.020111401903927018,136.88215855189733,2022,6
2022-06-16,127.61802673339844,129.90428108943473,126.61717378126413,129.6001039599366,108123900,AAPL,-0.0396510830539637,134.26790073939733,2022,6
2022-06-17,129.08982849121094,130.58129318016776,127.37268647196602,127.62781429709099,134520300,AAPL,0.011532867224841148,131.96903119768416,2022,6
2022-06-21,133.3188934326172,134.48655232988557,130.81678433537272,130.91489774710016,81000500,AAPL,0.03276063645629668,131.0200435093471,2022,6
2022-06-22,132.8086700439453,135.17340842764006,131.3957051346055,132.25917204519908,73409200,AAPL,-0.003827089886023982,130.77052743094308,2022,6
2022-06-23,135.6738739013672,135.98785785879153,133.08344262037107,134.25110181028134,72433800,AAPL,0.021573921766355975,131.66624668666296,2022,6
2022-06-24,139.0001983642578,139.24550436943025,137.14568556404583,137.27323450557805,89116800,AAPL,0.0245170596758284,132.91380528041296,2022,6
2022-06-27,139.0001983642578,140.79584011879487,138.32315139441545,140.02066475796738,70207900,AAPL,0.0,133.78709847586495,2022,6
2022-06-28,134.8594512939453,140.7271675936439,134.7417091855751,139.46139501178652,67083400,AAPL,-0.0297895047563993,134.82158769880022,2022,6
2022-06-29,136.6158447265625,138.0288100068747,134.1039131048046,134.8790886274478,66242400,AAPL,0.013023880905379537,135.896732875279,2022,6
2022-06-30,134.1529541015625,135.77196780465343,131.2583461315228,134.67300165333307,98964500,AAPL,-0.018027854894353545,136.01588439941406,2022,6
2022-07-01,136.3214569091797,136.4293921589786,133.11286488498627,133.48571986150768,71051600,AAPL,0.0161644059360444,136.51771109444755,2022,7
2022-07-05,138.90208435058594,138.951148551157,134.35901187342057,135.18325151505502,73353800,AAPL,0.018930456730120726,136.97888401576452,2022,7
2022-07-06,140.23655700683594,141.41402301996357,138.4311081218874,138.69604284083624,74064300,AAPL,0.009607290362049659,137.15550667898995,2022,7
2022-07-07,143.6021728515625,143.79841470419998,140.58980726193488,140.59961411426397,66253700,AAPL,0.023999561288163385,137.81293160574776,2022,7
2022-07-08,144.27915954589844,144.77959333061295,142.27746932390713,142.5325821547398,64547800,AAPL,0.004714320688139706,139.15860421316964,2022,7
2022-07-11,142.14990234375,143.886672848055,141.08037188051733,142.93488446230452,63141600,AAPL,-0.014757898568649952,139.94918387276786,2022,7
2022-07-12,143.12130737304688,145.6626734804045,142.32651847225287,143.0231790018653,77588800,AAPL,0.006833666525832616,141.23037719726562,2022,7
2022-07-13,142.75828552246094,143.700252180436,139.4515504526769,140.30522551606126,71185600,AAPL,-0.002536462650105098,142.1499241420201,2022,7
2022-07-14,145.68234252929688,146.1533259024835,140.56035155748177,141.3747693527097,78140700,AAPL,0.020482573015881966,143.11853245326452,2022,7
2022-07-15,147.35040283203125,148.0274497717396,145.41739039952375,146.96772607988603,76259900,AAPL,0.011449982707402828,144.13479614257812,2022,7
2022-07-18,144.3086395263672,148.7241480973096,143.9455764182645,147.9097302753274,81420900,AAPL,-0.020643060671720392,144.23571995326452,2022,7
2022-07-19,148.16485595703125,148.3905333334654,144.1516525247905,145.14268358851726,82982400,AAPL,0.02672200668872282,144.7908194405692,2022,7
2022-07-20,150.16651916503906,150.8337592919261,147.54665279809592,148.2825708215841,64823400,AAPL,0.013509703060679223,145.93605041503906,2022,7
2022-07-21,152.4331512451172,152.64902171844827,149.0871738807754,151.59910487340264,65086600,AAPL,0.01509412412754263,147.26631382533483,2022,7
2022-07-22,151.1968231201172,153.34570636779952,150.5295978961148,152.47241748797757,66675400,AAPL,-0.008110624984797088,148.47181919642858,2022,7
2022-07-25,150.07821655273438,152.12897123891142,149.42079823109208,151.1183116577891,53623900,AAPL,-0.00739834703070541,149.09980119977678,2022,7
2022-07-26,148.75357055664062,150.21558479499407,147.96858832963514,149.4011670445513,55138700,AAPL,-0.008826370851950371,149.30025373186385,2022,7
2022-07-27,153.8461151123047,154.37598449377768,149.3030578563077,149.71517016840275,78620700,AAPL,0.03423477188888713,150.66275024414062,2022,7
2022-07-28,154.39561462402344,154.68016301876492,151.51081343985047,154.0325515340952,81378700,AAPL,0.003571747725430896,151.55285862513952,2022,7
2022-07-29,159.45872497558594,160.55770616166393,156.50524578988953,158.21258113398608,101786900,AAPL,0.03279309690169585,152.88031659807478,2022,7
2022-08-01,158.4774627685547,160.51841022661148,157.86910875677486,157.9868508307224,67829400,AAPL,-0.006153706591981667,153.74378967285156,2022,8
2022-08-02,157.0056610107422,159.36060780651525,156.63280603827062,157.0939825576486,59907000,AAPL,-0.009287136051401634,154.57362365722656,2022,8
2022-08-03,163.01077270507812,163.46212742924678,157.73178199101062,157.82008857109244,82507500,AAPL,0.03824773995840225,156.42113167898995,2022,8
2022-08-04,162.69674682617188,164.05084071884252,161.34265293350123,162.89298862903826,55474100,AAPL,-0.0019264118174225908,158.4130140032087,2022,8
2022-08-05,162.47076416015625,162.96205765324038,160.16167874542583,160.3680286094797,56697000,AAPL,-0.0013889808519470526,159.64510672433036,2022,8
2022-08-08,161.9991455078125,164.88795425048374,161.34081388850365,163.47302629545368,60276900,AAPL,-0.0029027908792184087,160.73132542201452,2022,8
2022-08-09,162.04827880859375,162.93261628217675,160.4073599879795,161.16395632810153,63135500,AAPL,0.0003032935798965575,161.10126168387276,2022,8
2022-08-10,166.29306030273438,166.3913100252121,163.99379489901474,164.76021170255777,70170500,AAPL,0.026194548472523005,162.21777561732702,2022,8
2022-08-11,165.55609130859375,168.0125588424397,165.26131220591463,167.09874512344325,57149200,AAPL,-0.004431748341145347,163.43926565987724,2022,8
2022-08-12,169.10324096679688,169.1720142653812,166.45024387983412,166.86294364369544,68039400,AAPL,0.02142566685505587,164.3096182686942,2022,8
2022-08-15,170.17425537109375,170.37076978453467,168.36629877849532,168.53333677957454,54091700,AAPL,0.006333494249865845,165.3778337751116,2022,8
2022-08-16,170.0170135498047,170.68518045173758,168.67087426733767,169.7713668198312,56377100,AAPL,-0.0009240047558672915,166.45586940220423,2022,8
2022-08-17,171.5105743408203,173.08270464114312,169.5650561598673,169.76157057327157,79542000,AAPL,0.00878477253441523,167.81464494977678,2022,8
2022-08-18,171.11752319335938,171.85446345688476,170.10545976423154,170.72449438338106,62290100,AAPL,-0.0022917021237411905,169.1102512904576,2022,8
2022-08-19,168.53334045410156,170.71468497495962,168.32699056998192,170.01704154998163,70346300,AAPL,-0.015101800745080496,169.43029131208147,2022,8
2022-08-22,164.65211486816406,166.90223255698254,164.22959465128477,166.73519456201245,69026800,AAPL,-0.023029422994167215,169.3011518205915,2022,8
2022-08-23,164.31802368164062,165.7722632709113,163.74812140904885,164.17064162540487,54147100,AAPL,-0.0020290731570070664,168.6175493512835,2022,8
2022-08-24,164.61280822753906,165.1827105189657,163.35509799580043,164.40647334198977,53841500,AAPL,0.0017939878979409407,167.82305690220423,2022,8
2022-08-25,167.06927490234375,167.17736007756102,165.41853585512217,165.84104108991514,51218200,AAPL,0.014922694663037417,167.4019513811384,2022,8
2022-08-26,160.77088928222656,168.0715189036816,160.71193645776907,167.59988131493301,78961000,AAPL,-0.037699245560254946,165.86771065848214,2022,8
2022-08-29,158.5698699951172,160.06339120592008,157.037036914349,158.34386422553015,73314000,AAPL,-0.01369040935791288,164.07518877301897,2022,8
2022-08-30,156.14291381835938,159.7293506019625,154.97363281420544,159.3068453614504,77906200,AAPL,-0.015305279476060307,162.3051278250558,2022,8
2022-08-31,154.4823455810547,157.78383884788298,154.40373681361956,157.5185361319256,87991100,AAPL,-0.010634925381477256,160.85230364118303,2022,8
2022-09-01,155.20944213867188,155.66142374222144,151.97672265788725,153.91242016030444,74229900,AAPL,0.004706664408042016,159.55107770647322,2022,9
2022-09-02,153.096923828125,157.5676990129506,152.27155409978275,156.96832016408706,76957800,AAPL,-0.013610758994027194,157.90595136369978,2022,9
2022-09-06,151.83914184570312,154.35456173500972,151.01377250572787,153.7453626973735,73714800,AAPL,-0.008215592782477632,155.73021806989397,2022,9
2022-09-07,153.24429321289062,153.9419216691413,150.93520749298594,152.1241445003408,87449600,AAPL,0.009254210410484243,154.65499005998885,2022,9
2022-09-08,151.7703857421875,153.63729493578492,150.0213671908206,151.9472441951636,84923800,AAPL,-0.009618025179283785,153.68363516671317,2022,9
2022-09-09,154.62973022460938,155.07190642293236,152.05535676886382,152.76282069447305,68028800,AAPL,0.018839936845644223,153.46746608189173,2022,9
2022-09-12,160.58416748046875,161.39971639450192,156.52609383916058,156.81103743896202,104956000,AAPL,0.03850771289072408,154.33915492466517,2022,9
2022-09-13,151.1612091064453,157.74454025448654,150.69939192954584,157.11568505512628,122656600,AAPL,-0.05867924915555278,153.7608359200614,2022,9
2022-09-14,152.60557556152344,154.3644145838136,150.93518075875835,152.0946261536245,87965400,AAPL,0.009555139599743745,153.69064331054688,2022,9
2022-09-15,149.716796875,152.53683214610933,148.7440452074938,151.95709434204855,90481100,AAPL,-0.018929706047069117,153.387451171875,2022,9
2022-09-16,148.0758514404297,148.71454195841454,145.7864220311532,148.57698038414023,162278800,AAPL,-0.01096032956102011,152.64910234723772,2022,9
2022-09-19,151.79006958007812,151.8686783568659,146.5037605306467,146.71009545075992,81474200,AAPL,0.025083213120288272,152.65191432407923,2022,9
2022-09-20,154.1678924560547,155.32735289857166,150.41441795742156,150.72883799724963,107689800,AAPL,0.01566520710185282,152.5859375,2022,9
2022-09-21,151.04327392578125,155.9758648340084,150.92536828428254,154.600234046477,101696800,AAPL,-0.020267634722736516,151.22295270647322,2022,9
2022-09-22,150.08033752441406,151.78020876552435,148.28220159016286,149.7266056194288,86652500,AAPL,-0.006375235231198428,151.06854248046875,2022,9
2022-09-23,147.81056213378906,148.8324610577634,145.97312915554878,148.55733788432917,96029900,AAPL,-0.015123735914145064,150.383540562221,2022,9
2022-09-26,148.14462280273438,151.0923833374164,147.03429487021683,147.0539508051786,93339400,AAPL,0.0022600595256714318,150.15894426618303,2022,9
2022-09-27,149.11741638183594,152.02588086273627,147.33893608818533,150.08036255735442,84442700,AAPL,0.006566512916212464,150.3077392578125,2022,9
2022-09-28,147.2308349609375,148.01690757279204,142.31789987820665,145.06914652315353,146691400,AAPL,-0.012651650401905967,149.6564200265067,2022,9
2022-09-29,139.9989776611328,144.16515152497595,138.2303182381293,143.55595244325275,128138200,AAPL,-0.049119176032136225,147.63228934151786,2022,9
2022-09-30,135.79354858398438,140.60823487907734,135.59703414181732,138.819918971248,124925300,AAPL,-0.03003899847988656,145.4537571498326,2022,9
2022-10-03,139.96951293945312,140.57872706512543,135.2924042908768,135.80335372086685,114311700,AAPL,0.030752303029226935,144.0093536376953,2022,10
2022-10-04,143.5559844970703,143.67389015390162,141.74801279814906,142.50460908002574,87830100,AAPL,0.025623233819271674,143.40155683244978,2022,10
2022-10-05,143.8507537841797,144.81369999304195,140.51978392175167,141.5613389023429,79471000,AAPL,0.0020533402918871957,142.78814697265625,2022,10
2022-10-06,142.89761352539062,144.970872598081,142.6912786611767,143.27100136570334,68402200,AAPL,-0.006625896866825354,141.89960370744978,2022,10
2022-10-07,137.650634765625,140.60823177983056,137.0217795686969,140.05797036356424,85925600,AAPL,-0.03671844917713285,140.53100367954798,2022,10
2022-10-10,137.97491455078125,139.41931916166888,136.15713694040292,137.97491455078125,74899000,AAPL,0.002355817579108077,140.24185180664062,2022,10
2022-10-11,136.55995178222656,138.88869341854974,135.8131909792421,137.46393012049913,77033700,AAPL,-0.01025521757459702,140.35133797781808,2022,10
2022-10-12,135.9311065673828,137.91593686444165,135.7542480720767,136.70735883391194,70433700,AAPL,-0.0046049021447120975,139.77442278180803,2022,10
2022-10-13,140.5001220703125,141.08966528093347,132.0302118420066,132.63942598399592,113224000,AAPL,0.033612729406162556,139.33787100655692,2022,10
2022-10-14,135.97039794921875,142.00348171103434,135.78370401470698,141.79713183786654,88598000,AAPL,-0.03224000132061722,138.21210588727678,2022,10
2022-10-17,139.93023681640625,140.41169491464842,137.82750095740744,138.61357366022068,85250900,AAPL,0.029122801189906067,137.78819492885046,2022,10
2022-10-18,141.2468719482422,144.14550040873658,138.1615495711484,142.95657861316172,99136600,AAPL,0.009409225352511985,138.30194309779577,2022,10
2022-10-19,141.35496520996094,142.42598143245377,139.03605931008337,139.22275323737964,61758300,AAPL,0.000765278977352235,138.78480747767858,2022,10
2022-10-20,140.89315795898438,143.34962560942563,140.16603813694184,140.52960554450746,64522000,AAPL,-0.003267004100567794,139.4038369315011,2022,10
2022-10-21,144.70559692382812,145.27549920361895,140.1660346242772,140.38220497154572,86548600,AAPL,0.02705907809911956,140.65733555385046,2022,10
2022-10-24,146.84764099121094,147.61405773965313,143.45771845108737,144.62699951406933,75981900,AAPL,0.014802772753222282,141.56412397112166,2022,10
2022-10-25,149.6873016357422,149.83469868322362,146.75919654145045,147.47648086131204,74732300,AAPL,0.019337461775781772,143.523681640625,2022,10
2022-10-26,146.74937438964844,149.34340346890698,145.4621728259598,148.33134005875115,88194300,AAPL,-0.019627097382268754,144.49784415108817,2022,10
2022-10-27,142.27859497070312,146.45458955551916,141.62026350591435,145.49165853167307,109180200,AAPL,-0.03046540700796796,144.64523315429688,2022,10
2022-10-28,153.02813720703125,154.7574852960008,145.24604831703184,145.61942126085685,164762400,AAPL,0.07555277192989984,146.31282915387834,2022,10
2022-10-31,150.6698760986328,151.55421333060897,149.27460445858512,150.4930176480896,97943200,AAPL,-0.015410637229465562,147.70950317382812,2022,10
2022-11-01,148.02674865722656,152.7431699919974,146.5332269791364,152.37961754304112,80379300,AAPL,-0.01754250756585196,148.18395342145647,2022,11
2022-11-02,142.50460815429688,149.5202795588878,142.47513174028055,146.35634784769096,93604600,AAPL,-0.03730501786347318,147.56352015904017,2022,11
2022-11-03,136.461669921875,140.313408670562,136.33392883040858,139.58628898595558,97918500,AAPL,-0.042405212790584845,145.6741441999163,2022,11
2022-11-04,136.1959686279297,140.4182534262788,132.25910018387182,139.84740569973505,140814800,AAPL,-0.0019470763775456534,144.16651480538505,2022,11
2022-11-07,136.72743225097656,136.95379796987663,133.52872680415337,134.94600177423487,83374600,AAPL,0.003902197902044824,143.37349155970983,2022,11
2022-11-08,137.2982635498047,139.19779504119253,135.31999290082103,138.1939045722533,89908500,AAPL,0.004174958085809033,141.1263667515346,2022,11
2022-11-09,132.74134826660156,136.36327480735815,132.46576869499577,136.31406095143706,74917800,AAPL,-0.03318989742029854,138.56514848981584,2022,11
2022-11-10,144.55197143554688,144.55197143554688,137.29829567413785,139.01083896213112,118854000,AAPL,0.08897471152111947,138.0687517438616,2022,11
2022-11-11,147.3372802734375,147.64238513720315,142.0914019190675,143.5185285677149,93979700,AAPL,0.01926856348086914,138.7591334751674,2022,11
2022-11-14,145.939697265625,147.90813128864986,145.10310679865555,146.61880940644215,73374100,AAPL,-0.00948560340749316,140.1131373814174,2022,11
2022-11-15,147.6719207763672,151.16589433590542,146.2152837355369,149.81752177217496,89868300,AAPL,0.01186944706065396,141.7525591169085,2022,11
2022-11-16,146.441650390625,147.50460662223392,144.96532479416157,146.77629560614008,64218300,AAPL,-0.008331105732722888,143.1403045654297,2022,11
2022-11-17,148.34120178222656,149.08920136807347,143.84332244877638,144.1189020339811,80389400,AAPL,0.012971387488017294,144.7178671700614,2022,11
2022-11-18,148.9021759033203,150.28992540848853,147.60301733738748,149.90608139833125,74829600,AAPL,0.0037816474071532546,147.02655683244978,2022,11
2022-11-21,145.67393493652344,147.9966873729924,145.3885186493538,147.79001023834212,58724100,AAPL,-0.021680280675635766,147.18683733258928,2022,11
2022-11-22,147.80972290039062,148.0459404204949,144.6110171948753,145.79208977743497,51804100,AAPL,0.014661428379743047,147.25432913643974,2022,11
2022-11-23,148.68568420410156,149.4336837921187,146.98297781162248,147.09124229312135,58301400,AAPL,0.005926276611053938,147.64661298479353,2022,11
2022-11-25,145.77236938476562,146.53022062215993,144.79798922240155,145.96920976620405,35195900,AAPL,-0.019593781573058577,147.375248500279,2022,11
2022-11-28,141.9437713623047,144.32557460653223,141.11703271911014,142.84924916455952,69246000,AAPL,-0.02626422303910947,146.7326943533761,2022,11
2022-11-29,138.94190979003906,142.5244590100729,138.13485967272496,142.01266197350824,83763800,AAPL,-0.021148244431265062,145.3899383544922,2022,11
2022-11-30,145.69363403320312,146.3727461321645,138.33169544585772,139.16827084330671,111380900,AAPL,0.04859386381954067,144.93157523018974,2022,11
2022-12-01,145.96922302246094,146.7762881829984,144.29605710134743,145.87081033178356,71250400,AAPL,0.0018915650713675625,144.9737592424665,2022,12
2022-12-02,145.4770965576172,145.66410017016838,143.35118446433725,143.65630431626485,65447400,AAPL,-0.0033714399148924157,144.6405269077846,2022,12
2022-12-05,144.31573486328125,148.53801893223152,143.4693076933105,145.43774157529282,68826400,AAPL,-0.007983123954333093,144.01624843052454,2022,12
2022-12-06,140.6544647216797,144.97517704731527,139.68008441838234,144.74881132681773,64727200,AAPL,-0.025369861055484333,143.28511919294084,2022,12
2022-12-07,138.71556091308594,141.10720126498546,137.79039443330282,139.9458322919547,69721100,AAPL,-0.013784872115011448,142.8239462716239,2022,12
2022-12-08,140.39854431152344,141.25482328488022,138.8730200272998,140.1131279990439,62128300,AAPL,0.01213262151239114,143.03203691755022,2022,12
2022-12-09,139.9163055419922,143.2724894333561,138.6761823933455,140.09345741010685,76097000,AAPL,-0.0034347846831035422,142.20670427594865,2022,12
2022-12-12,142.2095184326172,142.21935519606154,138.8336463442299,140.44776160871248,70462700,AAPL,0.016389890240039007,141.6696036202567,2022,12
2022-12-13,143.17405700683594,147.60303377953338,141.9634742273276,147.1404505596148,93886200,AAPL,0.006782517688334488,141.3405979701451,2022,12
2022-12-14,140.94972229003906,144.3452679150581,138.9320744491566,143.05594605605327,82291200,AAPL,-0.015535878240082734,140.85973903111048,2022,12
2022-12-15,134.3456268310547,139.5619801804679,133.88304361781863,138.88286801559113,98931900,AAPL,-0.04685426371677981,139.95847647530692,2022,12
2022-12-16,132.3870391845703,135.47748033551235,131.6193510336839,134.53264031194206,160156900,AAPL,-0.014578722751782514,139.05440194266183,2022,12
2022-12-19,130.28082275390625,133.06615916355452,129.24740673369394,132.97758322204413,79592600,AAPL,-0.015909536489653098,137.6090131487165,2022,12
2022-12-20,130.21194458007812,131.14694795968774,127.83997741416957,129.3163032823837,77432800,AAPL,-0.0005286900433398856,136.22267586844308,2022,12
2022-12-21,133.3122100830078,134.6507460089221,130.65482677922608,130.881192518899,85928000,AAPL,0.02380937872426192,134.9516318184989,2022,12
2022-12-22,130.1430206298828,132.43624823454394,128.24348886904642,132.22957105725172,77852100,AAPL,-0.023772687071586973,133.09005519321985,2022,12
2022-12-23,129.77883911132812,130.32999816428637,127.59387642427377,128.85367283616628,63814900,AAPL,-0.0027983177030321826,131.4942147391183,2022,12
2022-12-27,127.97771453857422,129.33593858388994,126.68839288069665,129.30641328011848,69007800,AAPL,-0.013878414887105395,130.58451298304968,2022,12
2022-12-28,124.05070495605469,128.96194542125178,123.88338987714543,127.62340977201893,85438400,AAPL,-0.030685104798741203,129.39360809326172,2022,12
2022-12-29,127.56437683105469,128.4206408882066,125.71405141675788,125.969942452078,75703700,AAPL,0.02832448131789933,129.0055443899972,2022,12
2022-12-30,127.87933349609375,127.89902204510923,125.41879800683148,126.38333416609474,77034200,AAPL,0.00246900171398301,128.6723142351423,2022,12
2023-01-03,123.09602355957031,128.8340031338152,122.21022673136561,128.22379338136977,112117500,AAPL,-0.037404870714856764,127.21285901750836,2023,1
2023-01-04,124.36566162109375,126.62936374107429,123.10586505340991,124.88729543343348,89113600,AAPL,0.010314208573187766,126.38752201625279,2023,1
2023-01-05,123.04681396484375,125.75341088924934,122.79092293482029,125.12351256937882,80962700,AAPL,-0.010604596470271233,125.4258041381836,2023,1
2023-01-06,127.57421112060547,128.2336347517989,122.91886860960567,124.02119442530204,87754700,AAPL,0.03679410307247166,125.36816079275948,2023,1
2023-01-09,128.0958251953125,131.30438194257326,127.83993420444634,128.41078181603234,70790800,AAPL,0.004088710955961972,125.94603511265346,2023,1
2023-01-10,128.6667022705078,129.18833615231142,126.09789493911427,128.20411901412172,63896200,AAPL,0.00445664075565988,126.10351017543248,2023,1
2023-01-11,131.38314819335938,131.402821722743,128.40097153395064,129.17849644752224,69458900,AAPL,0.021112268169743986,126.60405513218471,2023,1
2023-01-12,131.30438232421875,132.14095769176564,129.36547379890666,131.76696547602162,71379600,AAPL,-0.0005995127246053444,127.77667781284877,2023,1
2023-01-13,132.6331024169922,132.79058077087095,129.582038154894,129.9461937075215,57809700,AAPL,0.010119388776320903,128.9577407836914,2023,1
2023-01-17,133.79446411132812,135.12314807764807,132.01303370787318,132.7019826183309,63646600,AAPL,0.008756197911172103,130.4931193760463,2023,1
2023-01-18,133.07598876953125,136.42232060237055,132.8988218980733,134.6605787592018,69672800,AAPL,-0.005369993045445054,131.27908761160714,2023,1
2023-01-19,133.135009765625,134.09953801753062,131.65868457644117,131.9637893793328,58280400,AAPL,0.00044351348909366095,131.99897112165178,2023,1
2023-01-20,135.6939697265625,135.84161126203279,132.1015842994744,133.1448517377868,80223600,AAPL,0.01922078922322812,133.00286647251673,2023,1
2023-01-23,138.8828887939453,141.05801539977267,135.72354499448727,135.94007397852303,81760300,AAPL,0.023500816387115986,134.07425798688615,2023,1
2023-01-24,140.2804412841797,140.90050277108796,138.08564168128757,138.0954784443646,66435100,AAPL,0.010062812650072805,135.35655212402344,2023,1
2023-01-25,139.62103271484375,140.18202862963406,136.61916767862735,138.6663409653264,65799300,AAPL,-0.004700645102763135,136.35482788085938,2023,1
2023-01-26,141.68789672851562,141.9733130723702,139.66039693887691,140.91035682918778,54105100,AAPL,0.014803385804294633,137.48246111188615,2023,1
2023-01-27,143.6267852783203,144.9062704324847,140.82177572822627,140.90051489349364,70555800,AAPL,0.013684221408972741,138.9897177559989,2023,1
2023-01-30,140.74305725097656,143.25281407268088,140.59543068062553,142.6721295386836,64015300,AAPL,-0.02007792642406958,140.07658168247767,2023,1
2023-01-31,142.0126495361328,142.0618633846007,140.03437897857034,140.4477482733763,65874500,AAPL,0.009020638814831727,140.97925022670202,2023,1
2023-02-01,143.1346435546875,144.29602720051471,139.08952688042356,141.69769542128986,77663600,AAPL,0.007900662527032143,141.5866437639509,2023,2
2023-02-02,148.43960571289062,148.7939093931277,145.831421817907,146.5498959772077,118339000,AAPL,0.037062740552927353,142.75223868233817,2023,2
2023-02-03,152.06153869628906,154.8960886893848,145.496812581912,145.6936529941079,154357300,AAPL,0.024400044489500505,144.52945382254464,2023,2
2023-02-06,149.3352508544922,150.6836384438328,148.40024764766747,150.1620046015634,69858300,AAPL,-0.017928845552734107,145.62193298339844,2023,2
2023-02-07,152.2091522216797,152.77999988075524,148.2624474794368,148.2624474794368,83322600,AAPL,0.0192446281152181,146.84798540387834,2023,2
2023-02-08,149.5222625732422,152.14028370808583,148.7840997356859,151.45133472995892,64120100,AAPL,-0.017652615557074203,148.10215759277344,2023,2
2023-02-09,148.48880004882812,151.89419715713953,148.04590544398496,151.3528748543498,56007100,AAPL,-0.006911763550312977,149.0273219517299,2023,2
2023-02-10,148.8535614013672,149.17885078358248,147.08912934244577,147.32570754066396,57450700,AAPL,0.002456490674172862,149.8443102155413,2023,2
2023-02-13,151.6529998779297,152.05713357186568,148.76483299254943,148.79440338379132,62199000,AAPL,0.018806661058072605,150.3033665248326,2023,2
2023-02-14,151.01226806640625,151.5741355635304,148.7056873791277,149.9476888936107,61707600,AAPL,-0.004224986067134728,150.1534707205636,2023,2
2023-02-15,153.11184692382812,153.27941747242824,150.69683660205456,150.92354792770303,65573800,AAPL,0.013903366158957375,150.69298444475447,2023,2
2023-02-16,151.51499938964844,154.09758049199988,151.16013965459408,151.31784339392544,68167900,AAPL,-0.010429287911170593,150.59381975446428,2023,2
2023-02-17,150.37156677246094,150.8151376986906,148.69584602843153,150.17442580979125,59144100,AAPL,-0.007546662850500763,150.71514892578125,2023,2
2023-02-21,146.3596954345703,149.13943294111823,146.29070285864162,148.05513496887053,58867200,AAPL,-0.02667972026893428,150.41099112374442,2023,2
2023-02-22,146.78353881835938,147.8086807909047,145.0585291708209,146.74410160351695,51011300,AAPL,0.002895902335206424,150.11527361188615,2023,2
2023-02-23,147.2665252685547,148.1931042440918,145.1373820304515,147.94667430552937,48394200,AAPL,0.003290467405837605,149.48863438197546,2023,2
2023-02-24,144.61492919921875,145.08807039598366,143.6390613800591,145.00921102304162,55469600,AAPL,-0.018005422919434633,148.5747288295201,2023,2
2023-02-27,145.80767822265625,147.03982803359767,145.344388690471,145.6006854773172,44998500,AAPL,0.008247758582341058,147.5312761579241,2023,2
2023-02-28,145.30494689941406,146.95109701970668,144.7332276594082,144.95008720013072,50547000,AAPL,-0.0034479070606590057,146.64412580217635,2023,2
2023-03-01,143.23495483398438,145.12753521820275,142.93923585875515,144.7332532784917,55479000,AAPL,-0.014245847162124625,145.6246098109654,2023,3
2023-03-02,143.8263702392578,144.61494903595985,141.84506394442167,142.31822024697658,52238100,AAPL,0.0041289879691652764,145.26270621163505,2023,3
2023-03-03,148.87326049804688,148.9521198871165,145.22610023869615,145.9259528752422,70732300,AAPL,0.035090159408135424,145.56123788016183,2023,3
2023-03-06,151.63328552246094,154.0680147422593,151.26857399298945,151.59384830577196,87558000,AAPL,0.018539427531717667,146.18506077357702,2023,3
2023-03-07,149.43511962890625,151.83041139396585,148.9718301446463,151.50512207262017,56182000,AAPL,-0.014496592130024633,146.87365940638952,2023,3
2023-03-08,150.68698120117188,151.278419098267,149.66183922588297,150.62784041964048,47204800,AAPL,0.00837729159901901,147.5707026890346,2023,3
2023-03-09,148.4395294189453,152.33311931510104,148.08466971716794,151.36711819838627,53833600,AAPL,-0.014914704404530799,148.01850019182478,2023,3
2023-03-10,146.37937927246094,148.78453780981002,145.5020893181875,148.06496662146847,68572400,AAPL,-0.01387871650192285,148.46770368303572,2023,3
2023-03-13,148.3212432861328,150.95311305935627,145.59079552733544,145.69922529511118,84457100,AAPL,0.013265966991548916,149.10982840401786,2023,3
2023-03-14,150.41098022460938,151.209410853691,147.95654755608294,149.11968969699433,73695900,AAPL,0.014089262550511128,149.32950265066964,2023,3
2023-03-15,150.80528259277344,151.06156433450928,147.77911548729296,149.03098388604963,77167900,AAPL,0.0026214998903355546,149.21121651785714,2023,3
2023-03-16,153.6244354248047,154.22572509887632,149.47454848721353,149.98712698991974,76161100,AAPL,0.01869399256817772,149.80969020298548,2023,3
2023-03-17,152.7865753173828,154.50173325502132,152.07685582876627,153.85115455030763,98944600,AAPL,-0.005453950767044358,150.10963221958704,2023,3
2023-03-20,155.1522979736328,155.56631354554972,151.94870846939224,152.85558396503848,73641400,AAPL,0.015483838493897117,151.068599155971,2023,3
2023-03-21,157.00543212890625,157.1237136794573,154.30455474450915,155.07342994575768,73938300,AAPL,0.0119439684714715,152.58660670689173,2023,3
2023-03-22,155.57618713378906,159.82463786522675,155.55646852262672,157.02519671590775,75701800,AAPL,-0.009103156341391694,153.62302725655692,2023,3
2023-03-23,156.66043090820312,159.24302685232914,155.4282812343858,156.56186795883147,67622100,AAPL,0.006969214211951735,154.51580592564173,2023,3
2023-03-24,157.96156311035156,158.0502742629719,155.59584212848588,156.5914134921843,59196500,AAPL,0.008305429741291004,155.5381317138672,2023,3
2023-03-27,156.0197296142578,158.47417734472043,155.61558088418133,157.6560281012329,52390300,AAPL,-0.012293075972774403,155.88031659807478,2023,3
2023-03-28,155.39869689941406,156.22671283698608,153.75254688783264,155.71413440722972,45992200,AAPL,-0.003980475523058469,156.25347682407923,2023,3
2023-03-29,158.47415161132812,158.7501519087846,157.0744315196879,157.09413508315754,51305700,AAPL,0.019790736816182708,156.72802734375,2023,3
2023-03-30,160.04144287109375,160.14987263415844,158.96701206310877,159.2232937572216,49501700,AAPL,0.009889885787869979,157.1617431640625,2023,3
2023-03-31,162.54518127441406,162.64375926608275,159.59788883873148,160.120319104618,68749800,AAPL,0.015644312862993726,158.15731375558036,2023,3
2023-04-03,163.7970428466797,163.91532439911353,161.87489241518372,161.92418140899423,56976200,AAPL,0.0077016221732970624,159.1768297467913,2023,4
2023-04-04,163.2647705078125,164.45748300799937,162.75219201536794,164.22091988909426,46278300,AAPL,-0.00324958454448665,159.93443080357142,2023,4
2023-04-05,161.42147827148438,162.69306530915642,159.48947577581393,162.38749456021097,51511700,AAPL,-0.011290201986594028,160.70610918317522,2023,4
2023-04-06,162.3086395263672,162.60435849941234,159.6866210280676,160.11047335808198,45390100,AAPL,0.005495930680245342,161.69324384416853,2023,4
2023-04-10,159.71620178222656,159.71620178222656,157.794050894079,159.11491201302218,47716900,AAPL,-0.01597227203496754,161.8706795828683,2023,4
2023-04-11,158.50376892089844,160.04148961649395,158.21790171619082,160.0316378318426,47644200,AAPL,-0.007591170136773462,161.65101187569755,2023,4
2023-04-12,157.8137664794922,159.7457691153541,157.49832888292315,158.917767985699,50133100,AAPL,-0.004353224192104821,160.97509547642298,2023,4
2023-04-13,163.19577026367188,163.43234843413578,159.11489082873655,159.3218986080038,68445600,AAPL,0.034103512667122526,160.88919939313615,2023,4
2023-04-14,162.85072326660156,163.94487250015976,161.480573779613,162.23956695610366,49386500,AAPL,-0.002114313358200559,160.8300497872489,2023,4
2023-04-17,162.8704833984375,163.02820218114718,161.6876226098968,162.73248322378927,41516200,AAPL,0.00012133892585541872,161.03705051967077,2023,4
2023-04-18,164.09278869628906,165.01936778477705,163.28449117964493,163.72807715584273,49923000,AAPL,0.007504768650200333,161.29192897251673,2023,4
2023-04-19,165.2362060546875,165.7586363174907,163.17604035173306,163.43233711220313,47720200,AAPL,0.006968114610537368,162.08050101143974,2023,4
2023-04-20,164.2701873779297,165.47276665465435,163.1957564794937,163.71818673436218,52456400,AAPL,-0.005846289380658454,162.9042750767299,2023,4
2023-04-21,162.66348266601562,164.07305473489896,162.14105238473394,162.69305305620966,58337300,AAPL,-0.009780866130124855,163.5970916748047,2023,4
2023-04-24,162.96905517578125,163.23520373133107,161.54961626736943,162.643765839196,41949600,AAPL,0.0018785562976850745,163.56470380510603,2023,4
2023-04-25,161.43133544921875,163.93505711689548,161.3918982344198,162.83105575677226,48714100,AAPL,-0.009435654670169713,163.3619341169085,2023,4
2023-04-26,161.42147827148438,162.91977666468185,160.47519563222698,160.73147738017352,45498800,AAPL,-6.106111745252107e-05,163.1549333844866,2023,4
2023-04-27,166.00506591796875,166.1529178634098,162.83104713478986,162.83104713478986,64902300,AAPL,0.02839515345520205,163.42811584472656,2023,4
2023-04-28,167.25692749023438,167.424513091262,165.4826438930684,166.08393356927388,55275900,AAPL,0.007541104636434648,163.71679033551897,2023,4
2023-05-01,167.168212890625,168.01593249804148,166.2317821133474,166.86264216717663,52472900,AAPL,-0.0005304091193146787,164.13079398018974,2023,5
2023-05-02,166.13320922851562,167.91737470896658,165.1474894240389,167.66107793363267,48425700,AAPL,-0.006191390361913851,164.626469203404,2023,5
2023-05-03,165.0587615966797,168.47921017635485,164.77290950021637,167.07949000013943,65136000,AAPL,-0.006467386242795303,164.9249986921038,2023,5
2023-05-04,163.42251586914062,164.65466589694037,161.96365444767605,162.53537386548237,81235400,AAPL,-0.009913110408141912,165.20945303780692,2023,5
2023-05-05,171.0913543701172,171.8109254505963,168.32146972164009,168.53832923206727,113453200,AAPL,0.046926449884771904,166.59086390904017,2023,5
2023-05-08,171.02236938476562,171.3673772990156,169.65221959190652,170.01693107088172,55962800,AAPL,-0.0004032055600093898,167.307621547154,2023,5
2023-05-09,169.31710815429688,171.06182151405454,169.14953757945023,170.5788283985824,45326900,AAPL,-0.009970983542113454,167.6019330705915,2023,5
2023-05-10,171.08151245117188,171.54480192353225,169.44521410372417,170.5492304195713,53724500,AAPL,0.010420708905960696,168.16097586495536,2023,5
2023-05-11,171.26878356933594,172.0967844383617,169.71134476851833,171.36736154745756,49514700,AAPL,0.0010946309480255323,168.8946293422154,2023,5
2023-05-12,170.34095764160156,171.8117019924622,168.79122976444327,171.3773829679925,45533100,AAPL,-0.005417367417447472,169.64922877720423,2023,5
2023-05-15,169.847412109375,170.97268634600138,169.2551561693846,170.92332917405315,37266700,AAPL,-0.0028973978957250734,170.56707109723772,2023,5
2023-05-16,169.847412109375,170.903583292935,169.58089543020992,169.76844364659667,42110300,AAPL,0.0,170.38936505998885,2023,5
2023-05-17,170.45938110351562,170.6962714054677,168.21869827349877,169.49204389326178,57951600,AAPL,0.003603051624634368,170.3089381626674,2023,5
2023-05-18,172.78892517089844,172.97647339745131,170.35082834910114,170.76540150488879,65496700,AAPL,0.013666270828286864,170.80491202218192,2023,5
2023-05-19,172.89747619628906,174.11158416944232,172.68031671339108,174.11158416944232,55809500,AAPL,0.0006282290678252256,171.0643354143415,2023,5
2023-05-22,171.94989013671875,172.45331220735133,171.2095777379714,171.73273062815065,43570900,AAPL,-0.0054806240115068405,171.16163635253906,2023,5
2023-05-23,169.34397888183594,171.1404774028389,169.0675968111729,170.89370662105455,50747300,AAPL,-0.015155062052152668,171.0192108154297,2023,5
2023-05-24,169.62034606933594,170.19285604024458,168.31740428792023,168.88003378894078,45143500,AAPL,0.001631987091155196,170.98677280970983,2023,5
2023-05-25,170.7555389404297,171.65377326209193,169.47232768730396,170.18302884098296,56058300,AAPL,0.00669255132063995,171.1165052141462,2023,5
2023-05-26,173.1639862060547,173.49960591702484,170.87396117733175,171.08125526170468,54835000,AAPL,0.014104650897826643,171.50287737165178,2023,5
2023-05-30,175.00987243652344,176.6780456265802,174.28930584342234,174.6742677286896,55964400,AAPL,0.01065975824945653,171.82015555245536,2023,5
2023-05-31,174.9604949951172,177.03337571367211,174.4768188110026,175.03946345752533,99625300,AAPL,-0.00028214089136124887,172.1148725237165,2023,5
2023-06-01,177.76380920410156,177.79342049505456,174.64462268903534,175.40468096744894,68901800,AAPL,0.016022555314916254,172.94543239048548,2023,6
2023-06-02,178.61268615722656,179.4319669478336,176.94451328757913,178.69165461361322,61996900,AAPL,0.004775308072692885,174.26953342982702,2023,6
2023-06-05,177.26039123535156,182.56102285189482,175.7402747725204,180.27099781019854,121946500,AAPL,-0.0075711023162409186,175.36096845354353,2023,6
2023-06-06,176.8951873779297,177.79342164547316,175.13816542041533,177.64536518975015,64848400,AAPL,-0.0020602676936269937,176.2380610874721,2023,6
2023-06-07,175.5231475830078,178.86935913776645,175.02960596689772,176.135134367242,61944600,AAPL,-0.007756230201958925,176.57508414132255,2023,6
2023-06-08,178.2376251220703,178.50412674833163,175.1677956906412,175.60209965770608,50214900,AAPL,0.015465068718522046,177.03619166782923,2023,6
2023-06-09,178.62257385253906,179.8761586114367,178.29683460490384,179.15559212759166,48900000,AAPL,0.002159750110029224,177.55934579031808,2023,6
2023-06-12,181.41603088378906,181.51474523727245,178.63246384356634,178.92859184232086,54274900,AAPL,0.01563888018742876,178.08109174455916,2023,6
2023-06-13,180.94223022460938,181.77137654932005,180.08347260699438,180.43882318354116,54929100,AAPL,-0.002611680218509438,178.41388375418526,2023,6
2023-06-14,181.57394409179688,182.00826309164242,179.668880824476,181.00143405215442,57462900,AAPL,0.003491246164056605,179.0301055908203,2023,6
2023-06-15,183.60733032226562,184.11075236554325,181.40613912687283,181.58382192499832,65433200,AAPL,0.011198667521595151,179.98898315429688,2023,6
2023-06-16,182.5314178466797,184.57468723659963,181.88981981135748,184.31803597311566,101256200,AAPL,-0.005859855778620138,180.99016462053572,2023,6
2023-06-20,182.62026977539062,183.69620198313194,182.02802885230534,182.02802885230534,49799100,AAPL,0.0004867760835867152,181.6162567138672,2023,6
2023-06-21,181.5838165283203,183.01508403325016,180.2315024183292,182.51166200493424,49515700,AAPL,-0.005675455678304853,182.03929138183594,2023,6
2023-06-22,184.58457946777344,184.63393664574576,181.29759022920584,181.36669329070625,51245300,AAPL,0.01652549768379341,182.49194117954798,2023,6
2023-06-23,184.26869201660156,185.13733008755815,182.62026481317798,183.15329819733586,53117000,AAPL,-0.0017113425838859442,182.96715000697546,2023,6
2023-06-26,182.87693786621094,185.6210283951989,182.8374460973597,184.4167854940808,48088700,AAPL,-0.007552851953088302,183.1532919747489,2023,6
2023-06-27,185.630859375,185.9565986299679,183.27173119056016,183.48889069387212,50730800,AAPL,0.015058878068068715,183.44236755371094,2023,6
2023-06-28,186.80548095703125,187.4470789620611,185.17679982937508,185.5025240055518,51216800,AAPL,0.006327727975758313,184.05294799804688,2023,6
2023-06-29,187.14108276367188,187.61489349976054,186.49948476837957,186.6376758009822,46347300,AAPL,0.0017965308347553943,184.6987784249442,2023,6
2023-06-30,191.4645233154297,191.96793030893548,188.7895213028153,189.15475231695294,85213200,AAPL,0.023102573138457316,186.11030796595983,2023,6
2023-07-03,189.9740447998047,191.37570117698604,189.28307449044232,191.27698682945007,31458200,AAPL,-0.007784619781334157,186.88023158482142,2023,7
2023-07-05,188.85861206054688,190.4872931571664,188.15777642969255,189.09551742767218,46920300,AAPL,-0.005871500711759126,187.5359344482422,2023,7
2023-07-06,189.33242797851562,189.53972207962792,186.756140199604,187.3878728511301,45094300,AAPL,0.002508839352355574,188.45814732142858,2023,7
2023-07-07,188.21701049804688,190.1813114167851,187.7827065576724,188.9375920522482,46815000,AAPL,-0.005891317680642216,188.82759748186385,2023,7
2023-07-10,186.17376708984375,187.5359467558433,184.62403920180722,186.8153651594175,59922200,AAPL,-0.01085578504725171,188.7373526436942,2023,7
2023-07-11,185.6505889892578,186.85483156149365,184.18971023636405,186.71664053164818,46638100,AAPL,-0.0028101601464263215,188.52442496163505,2023,7
2023-07-12,187.31875610351562,189.22381917553403,186.03554511598557,187.229907181424,60750200,AAPL,0.008985520182509754,187.93217250279017,2023,7
2023-07-13,188.0788116455078,188.72042471252908,187.32863389417258,188.0393349477294,41342300,AAPL,0.0040575517252110505,187.6614249093192,2023,7
2023-07-14,188.2268829345703,188.71054402484233,187.1805772351739,187.7728180713282,41616200,AAPL,0.0007872832020099363,187.57117789132255,2023,7
2023-07-17,191.48428344726562,191.81002272437502,189.33243414864154,189.42126802557274,50520200,AAPL,0.017305713519293775,187.8785858154297,2023,7
2023-07-18,191.2276153564453,191.81987127398517,189.93453883356673,190.85253399958415,48288200,AAPL,-0.0013404133550782849,188.30867222377233,2023,7
2023-07-19,192.57992553710938,195.6694855056854,190.1615598085878,190.60575926840173,80507300,AAPL,0.00707173060827726,189.22383771623885,2023,7
2023-07-20,190.63539123535156,193.9322456468904,190.01352397351403,192.57006595398724,59581200,AAPL,-0.010097284523994166,189.93595232282365,2023,7
2023-07-21,189.4607696533203,192.4516308259383,188.75993388819955,191.5928731808388,71951700,AAPL,-0.0061616134046227344,190.24195425851005,2023,7
2023-07-24,190.26028442382812,192.3923877240068,189.76674282999198,190.9117629424984,45377800,AAPL,0.004219948921197592,190.5535932268415,2023,7
2023-07-25,191.11903381347656,191.92844922240585,190.4280786239598,190.83278632842445,37283200,AAPL,0.004513550435651936,190.96675763811385,2023,7
2023-07-26,191.9876708984375,193.112945076557,190.82292002182845,191.16839008411552,47471900,AAPL,0.004545005631457322,191.0386701311384,2023,7
2023-07-27,190.7241973876953,194.65278390019768,190.06285351948284,193.4880330742484,47460200,AAPL,-0.006581013795466939,190.96675327845983,2023,7
2023-07-28,193.30047607421875,194.09014552894828,191.63230330479678,192.15545611794553,48291400,AAPL,0.01350787536039011,191.06968906947546,2023,7
2023-07-31,193.91250610351562,193.9519978690126,192.73787459795656,193.52754422924545,38824100,AAPL,0.00316621066707512,191.53784833635603,2023,7
2023-08-01,193.08334350585938,194.1888718595327,192.75760424557473,193.7052107356477,35175100,AAPL,-0.004275962465327687,192.05535888671875,2023,8
2023-08-02,190.09246826171875,192.65887532596588,189.37190180440743,192.52068429221174,50389300,AAPL,-0.015490073819080408,192.03138514927454,2023,8
2023-08-03,188.70069885253906,189.885195713569,188.22690312046603,189.09554118067888,61235200,AAPL,-0.007321538943160566,191.6859087262835,2023,8
2023-08-04,179.63926696777344,184.9596445164711,179.57016391801557,183.12366926443607,115956800,AAPL,-0.04802012891243568,189.9218510219029,2023,8
2023-08-07,176.53985595703125,180.76457131743229,175.0592309925441,179.77748800777417,97576100,AAPL,-0.0172535273777209,187.89551653180803,2023,8
2023-08-08,177.4775390625,177.9414693105031,175.2862134413724,177.36895932229305,67823000,AAPL,0.005311452761675328,185.63509695870536,2023,8
2023-08-09,175.8883514404297,178.59294967088076,174.72358547458126,178.53372709089916,60378500,AAPL,-0.008954302783692913,183.06021772112166,2023,8
2023-08-10,175.67117309570312,178.41526279292168,175.30595718386297,177.16166309157035,54686900,AAPL,-0.0012347511529217092,180.57276480538505,2023,8
2023-08-11,175.73049926757812,176.5508864753638,174.5048729038775,175.2659575562626,52036700,AAPL,0.0003377114800882097,178.52105494907923,2023,8
2023-08-14,177.3811492919922,177.60848075837384,175.2560457553654,175.90840396188517,43675600,AAPL,0.009393076508026565,176.9039764404297,2023,8
2023-08-15,175.3944091796875,177.40089237300145,174.99904882828764,176.8078518459017,43622600,AAPL,-0.01120040162235203,176.29756818498885,2023,8
2023-08-16,174.52464294433594,176.47180884084688,174.45544657600635,175.07815356283987,46964900,AAPL,-0.004958916532285307,176.00968061174666,2023,8
2023-08-17,171.9844207763672,175.4537562487029,171.47044012349116,175.08804707675128,66062900,AAPL,-0.01455509161980606,175.2249494280134,2023,8
2023-08-18,172.46875,173.0716844916875,169.96805819399307,170.30411608587545,61172200,AAPL,0.002816122654868858,174.73643493652344,2023,8
2023-08-21,173.8031005859375,174.08974972921308,171.7274356199635,173.04203097276417,46311900,AAPL,0.007736767303859304,174.46956743512834,2023,8
2023-08-22,175.17698669433594,175.62177093693052,174.2083431088137,175.00895776189057,42038900,AAPL,0.007904842340364926,174.39049421037947,2023,8
2023-08-23,179.0219268798828,179.44695366375947,176.264252478764,176.45205395893973,52722800,AAPL,0.02194888871022682,174.62489100864954,2023,8
2023-08-24,174.3368682861328,179.0021943341212,173.97114400676233,178.57716749107865,54945800,AAPL,-0.02617030592511438,174.47381373814173,2023,8
2023-08-25,176.541015625,177.07475372946672,173.78334110152613,175.3252679389123,51449600,AAPL,0.012643036212223402,174.7618669782366,2023,8
2023-08-28,178.1027069091797,178.49806733287568,176.48170504077262,178.003859262239,43820700,AAPL,0.008846053585060076,175.63590785435267,2023,8
2023-08-29,181.98716735839844,182.75813070921157,177.4206898063463,177.61837000977968,53003900,AAPL,0.021810226900142338,176.9956817626953,2023,8
2023-08-30,185.47625732421875,185.67395259086382,182.5999782117213,182.79765839633507,60813900,AAPL,0.019172175799346602,178.66327558244978,2023,8
2023-08-31,185.69371032714844,186.9292303353549,185.30822868786927,185.664059053514,60794500,AAPL,0.0011724034443372222,180.16566467285156,2023,8
2023-09-01,187.26535034179688,187.7200133732383,186.09901131803056,187.29500162288934,45766500,AAPL,0.008463614690446875,181.34329659598214,2023,9
2023-09-05,187.50253295898438,187.77928826308653,185.4367469097816,186.09898389331408,45280000,AAPL,0.0012665590124099069,183.22410583496094,2023,9
2023-09-06,180.7911834716797,186.66237722656214,179.36786194540127,186.21757793807612,81755800,AAPL,-0.035793380395414576,183.8312726702009,2023,9
2023-09-07,175.50314331054688,176.14562276256126,171.5297067502884,173.15070839406067,112488800,AAPL,-0.029249436059813005,183.45990644182478,2023,9
2023-09-08,176.11595153808594,178.15210111956102,175.73046991034678,176.28399552635892,65551300,AAPL,0.003491722233457173,182.62116132463728,2023,9
2023-09-11,177.28231811523438,178.21143169284028,175.28571330476424,177.98410020535158,58953100,AAPL,0.006622719673954114,181.45059858049666,2023,9
2023-09-12,174.25778198242188,178.04341790139725,172.79493020499618,177.4108321261293,90370200,AAPL,-0.017060562863615902,179.81689453125,2023,9
2023-09-13,172.19195556640625,175.2461573436229,171.96460903055169,174.46530026870357,84267900,AAPL,-0.011855002356359723,177.6635524204799,2023,9
2023-09-14,173.70428466796875,174.06011513653888,171.56930185654795,171.9844348895405,60895800,AAPL,0.008782809258352842,175.69237409319197,2023,9
2023-09-15,172.98269653320312,174.45544195430384,171.806494041059,174.43566940930017,109259500,AAPL,-0.004154118225378922,174.5768759591239,2023,9
2023-09-18,175.9084014892578,177.30207170667876,174.12924962468128,174.4356561798522,67257600,AAPL,0.016913281008387626,174.634769984654,2023,9
2023-09-19,176.99569702148438,177.54920768301113,175.07816717117066,175.4636488877364,51826900,AAPL,0.006181032418130172,174.7604479108538,2023,9
2023-09-20,173.45713806152344,177.61836118650515,173.36816915467014,177.18345571133617,58436200,AAPL,-0.019992344557005937,174.2139936174665,2023,9
2023-09-21,171.91519165039062,174.25774788080986,171.84601037143327,172.52801984046553,63149100,AAPL,-0.008889495286068305,173.87933785574776,2023,9
2023-09-22,172.76524353027344,175.0287248458324,172.03382526857388,172.6466384244914,56725400,AAPL,0.004944600135231125,173.96123613630022,2023,9
2023-09-25,174.04031372070312,174.92000347180993,172.13266274999066,172.1820865728236,46172700,AAPL,0.007380362880721858,174.00924028669084,2023,9
2023-09-26,169.96803283691406,173.17049122867175,169.67150500159482,172.79490338049743,64588900,AAPL,-0.023398491974245594,173.57857404436385,2023,9
2023-09-27,168.45578002929688,171.03554713361237,167.09177581326995,170.62041410420977,66921800,AAPL,-0.008897277813812221,172.51391383579798,2023,9
2023-09-28,168.71275329589844,170.03722730338785,165.67830850769053,167.37838547451082,56294400,AAPL,0.0015254642289914688,171.33063616071428,2023,9
2023-09-29,169.22671508789062,171.06516950648842,168.3667828862352,170.027329658855,51861100,AAPL,0.00304637190699375,170.7262900216239,2023,9
2023-10-02,171.73728942871094,172.28092127496365,168.94994891630552,169.2365980179806,52164500,AAPL,0.014835567419224649,170.70087541852678,2023,10
2023-10-03,170.40292358398438,171.61868620307462,168.84123947337378,170.26454593815689,49594600,AAPL,-0.007769808462479877,170.36340114048548,2023,10
2023-10-04,171.64834594726562,172.19197782627828,168.98950418793981,169.10810929534875,53020300,AAPL,0.0073086912893687295,170.02169145856584,2023,10
2023-10-05,172.8838653564453,173.41760341955526,170.67968657288918,171.77682905786853,48527900,AAPL,0.007197968628018581,170.43823896135603,2023,10
2023-10-06,175.43397521972656,175.9281832590251,171.17388925206592,171.78671747657816,57266700,AAPL,0.014750421376937162,171.43512398856026,2023,10
2023-10-09,176.91661071777344,176.9759132731787,173.76356081110382,174.76185568517045,42390800,AAPL,0.008451244955202775,172.6071036202567,2023,10
2023-10-10,176.3235626220703,177.63815795783916,175.8886570875863,176.03692856454262,43698000,AAPL,-0.0033521334898800603,173.62093898228235,2023,10
2023-10-11,177.71719360351562,177.76661741819404,175.54268149594157,176.13572202599048,47551100,AAPL,0.007903827263474827,174.47521100725447,2023,10
2023-10-12,178.61668395996094,180.227791982292,176.96601576479657,177.98409824545533,56743100,AAPL,0.005061358094884616,175.6486053466797,2023,10
2023-10-13,176.7782440185547,179.82255265296823,176.0764618780152,179.31846581874476,51427100,AAPL,-0.010292655202457812,176.3814479282924,2023,10
2023-10-16,176.64974975585938,177.00558020178707,174.46534325240765,174.70256857703768,52517000,AAPL,-0.0007268669479589818,176.91943141392298,2023,10
2023-10-17,175.097900390625,176.35319301979084,172.7751316803463,174.60369235668924,57549400,AAPL,-0.008784894217960248,176.87142072405135,2023,10
2023-10-18,173.8031005859375,175.5229501994882,173.08156098457755,173.5461178040648,54764400,AAPL,-0.0073947191930853196,176.42663356236048,2023,10
2023-10-19,173.427490234375,175.7799102245973,173.16061367257353,174.00075828264139,59302900,AAPL,-0.0021611257238577375,176.01290893554688,2023,10
2023-10-20,170.8773956298828,173.3879661145723,170.64017031492207,173.27923973046956,64244000,AAPL,-0.014704096801757993,175.0357949393136,2023,10
2023-10-23,170.99598693847656,171.99428177951037,167.96154224302492,168.93020088937016,55980100,AAPL,0.0006940140219049429,173.94712393624442,2023,10
2023-10-24,171.43089294433594,171.65822442721412,169.4639394511676,171.045411263789,43816600,AAPL,0.00254336966408375,173.18321663992745,2023,10
2023-10-25,169.11801147460938,171.0552987076063,168.67321213575732,169.88897487497013,57157000,AAPL,-0.013491625867442458,172.1072540283203,2023,10
2023-10-26,164.95675659179688,169.39475015606334,163.75088778515044,168.39644027726376,70625300,AAPL,-0.024605628025831217,170.6585191999163,2023,10
2023-10-27,166.27134704589844,167.00278034322866,164.8974493569631,164.9765244498122,58499100,AAPL,0.007969303478454481,169.58255440848214,2023,10
2023-10-30,168.31736755371094,169.18717852998205,166.91381853056686,167.06208999172168,51131000,AAPL,0.012305310230317001,168.85253688267298,2023,10
2023-10-31,168.79183959960938,168.92032345051314,165.95507483465602,167.3882903979478,44846000,AAPL,0.0028189131804656764,168.55460030691964,2023,10
2023-11-01,171.95477294921875,172.21175573979943,168.1493644262673,169.01917553597846,56934900,AAPL,0.018738662704975262,168.69156973702567,2023,11
2023-11-02,175.51307678222656,175.72063574409248,173.4275179386151,173.4868204991482,77334800,AAPL,0.02069325423178947,169.27473885672433,2023,11
2023-11-03,174.6037139892578,174.77175801380423,171.34195262679097,172.2216424329047,79829200,AAPL,-0.005181168318854512,170.05841064453125,2023,11
2023-11-06,177.15380859375,177.35148879200258,174.16880291146146,174.33683183407777,63841300,AAPL,0.014605042162213477,171.80084664481026,2023,11
2023-11-07,179.71383666992188,180.32664987384885,176.89684453064555,177.10440348202485,70530000,AAPL,0.014450878005352719,173.72120230538505,2023,11
2023-11-08,180.7714385986328,181.32494925868284,179.48649451949703,180.23770048559436,49340300,AAPL,0.005884922097865175,175.50035531180245,2023,11
2023-11-09,180.29698181152344,181.98716487212562,179.7039261272927,180.84061367506283,53763500,AAPL,-0.0026246225110970745,177.1439470563616,2023,11
2023-11-10,184.4834747314453,184.65174012268164,181.64298820237886,182.07846664625706,66133400,AAPL,0.02321998337331177,178.9337615966797,2023,11
2023-11-13,182.8999481201172,184.11729742228064,182.31601793716675,183.9094650326421,43627500,AAPL,-0.008583568873218983,179.98902893066406,2023,11
2023-11-14,185.51278686523438,186.17589626502485,184.38450869065176,185.7701081675421,60108400,AAPL,0.014285617748788226,181.54746791294642,2023,11
2023-11-15,186.07693481445312,187.55162053928348,185.84930383072194,185.91859136162876,53790500,AAPL,0.0030410192135628122,182.82220023018974,2023,11
2023-11-16,187.7594757080078,188.9966236513369,186.7103615664657,187.6209157424311,54412900,AAPL,0.009042178683953628,183.97157723563058,2023,11
2023-11-17,187.7396697998047,188.42257785422723,186.63119011836693,188.29390964052354,50922700,AAPL,-0.00010548553210665279,184.96703883579798,2023,11
2023-11-20,189.48158264160156,189.93685974559065,187.92773262314063,187.93762437034974,46505100,AAPL,0.009278341885092134,186.2791246686663,2023,11
2023-11-21,188.67990112304688,189.55085808280586,187.78916067013205,189.44198846283598,38134500,AAPL,-0.004230920532635851,186.8786141531808,2023,11
2023-11-22,189.343017578125,190.94635649331246,188.8679569924961,189.52117473642568,39617700,AAPL,0.0035145049956628593,187.79905264718192,2023,11
2023-11-24,188.0167694091797,188.93720009481962,187.30417109040621,188.90750975669584,24048300,AAPL,-0.007004473605149331,188.1567644391741,2023,11
2023-11-27,187.83863830566406,188.70959528304604,186.95778958150402,187.96730652329646,40552600,AAPL,-0.0009474213607402193,188.40843636648995,2023,11
2023-11-28,188.44235229492188,189.1153685705385,187.45263402635211,187.82873180101734,38415400,AAPL,0.0032140032248073602,188.50599016462053,2023,11
2023-11-29,187.4229736328125,190.11500896160672,187.02709230289176,188.93724161752115,43014200,AAPL,-0.005409498712444449,188.46074785505022,2023,11
2023-11-30,187.9969940185547,188.36320007044645,186.2550951920731,187.88812439803064,48794400,AAPL,0.003062700236881266,188.24866376604353,2023,11
2023-12-01,189.27374267578125,189.5904446947665,187.28439912721964,188.37309535289532,45704800,AAPL,0.006791324850122571,188.33349827357702,2023,12
2023-12-04,187.48233032226562,188.09596593756666,185.52269231677565,188.02667840765253,43389500,AAPL,-0.009464663868269607,188.06768580845423,2023,12
2023-12-05,191.4313201904297,192.40123993854135,188.22462732075607,188.25433276481266,66628400,AAPL,0.021063264262696668,188.55547877720423,2023,12
2023-12-06,190.34263610839844,192.75753614335477,190.1347886146608,192.45072587794942,41089700,AAPL,-0.005687073990547908,188.91319274902344,2023,12
2023-12-07,192.27256774902344,192.99505783958267,191.5995514892092,191.63914867608756,47477700,AAPL,0.010139250354428864,189.46036638532365,2023,12
2023-12-08,193.69778442382812,193.9749043529612,191.67875053796885,192.20330005396386,53406400,AAPL,0.007412480581551639,190.35676792689733,2023,12
2023-12-11,191.19378662109375,191.50061200003438,189.45188773429211,191.12451418849048,60943700,AAPL,-0.012927343542842973,190.8134525844029,2023,12
2023-12-12,192.70806884765625,192.71796059458774,189.7488055095461,191.09482308550778,52696900,AAPL,0.00792014350112491,191.30407060895647,2023,12
2023-12-13,195.92462158203125,195.96420366520786,192.84659737493098,193.08412007779322,70404200,AAPL,0.01669132358395342,192.51011221749442,2023,12
2023-12-14,196.07308959960938,197.56755876987646,194.14314196862804,195.9840185786185,66831600,AAPL,0.0007577813159942437,193.1732221330915,2023,12
2023-12-15,195.5386505126953,196.36010340669733,194.97450383643803,195.4990533238864,128538400,AAPL,-0.0027257135999917415,193.91550990513392,2023,12
2023-12-18,193.8759307861328,194.6083278162061,192.39135323196817,194.07387143964067,55751900,AAPL,-0.008503279132810349,194.14456176757812,2023,12
2023-12-19,194.9151153564453,194.92500710230044,193.87590816937887,194.14313632648785,40714100,AAPL,0.005360049419743884,194.31846618652344,2023,12
2023-12-20,192.82684326171875,195.64753172216422,192.82684326171875,194.87555255598716,52242800,AAPL,-0.010713751424088924,194.55175999232702,2023,12
2023-12-21,192.6783447265625,195.0536776254948,191.51048442189503,194.08375795359612,46482500,AAPL,-0.0007701133962697559,194.5475136893136,2023,12
2023-12-22,191.60946655273438,193.40085423729087,190.98593919883143,193.17320815773428,37149600,AAPL,-0.0055474743430301565,193.93106297084265,2023,12
2023-12-26,191.0651092529297,191.89646895007564,190.8473700319769,191.61934905102697,28919300,AAPL,-0.002840972889274651,193.21563720703125,2023,12
2023-12-27,191.16409301757812,191.5105004803971,189.12527563548673,190.5108903848591,48087700,AAPL,0.0005180630049905766,192.59070042201452,2023,12
2023-12-28,191.58966064453125,192.65855816674446,191.18387253758047,192.14390044821914,34049900,AAPL,0.002226190181615184,192.26409040178572,2023,12
2023-12-29,190.55047607421875,192.40124458871406,189.75869835988954,191.90638540499626,42672100,AAPL,-0.005424011748945912,191.64057050432478,2023,12
2024-01-02,183.7313232421875,186.50253778362813,181.99931604152513,185.22579259007347,82488700,AAPL,-0.03578659561771558,190.3412105015346,2024,1
2024-01-03,182.35560607910156,183.96885182302105,181.5440297827802,182.32591573673892,58414500,AAPL,-0.007487657187732366,188.86653355189733,2024,1
2024-01-04,180.0396728515625,181.2075332827541,179.02026413555495,180.277195595857,71983600,AAPL,-0.012700093390791922,187.21370588030135,2024,1
2024-01-05,179.31715393066406,180.88091065327836,178.31754388665928,180.1188384374096,62379700,AAPL,-0.004013109496672662,185.5354265485491,2024,1
2024-01-08,183.6521453857422,183.69174257913158,179.63389106527006,180.21782130157615,59144500,AAPL,0.024174995866565574,184.46229117257255,2024,1
2024-01-09,183.23643493652344,183.24632668227045,180.8512103460259,182.0289774717032,42841800,AAPL,-0.002263575240820548,183.26897321428572,2024,1
2024-01-10,184.27566528320312,184.48349768333688,182.02900036017593,182.4545871112419,46792900,AAPL,0.005671526773808333,182.37257167271204,2024,1
2024-01-11,183.6818084716797,185.12680377786887,181.73206228896322,184.6220377994394,49128400,AAPL,-0.0032226545518680982,182.36549813406808,2024,1
2024-01-12,184.0084228515625,184.8199990991005,183.28593272766105,184.14698280822722,40477800,AAPL,0.0017781531148914897,182.60161481584822,2024,1
2024-01-16,181.7419891357422,182.3655014396163,179.06973745492456,180.28710192352952,65603000,AAPL,-0.012317010714496535,182.8448028564453,2024,1
2024-01-17,180.80174255371094,181.04917214343425,178.44622312883942,179.40625114511818,47317400,AAPL,-0.005173524216954495,183.05688694545202,2024,1
2024-01-18,186.6905517578125,187.19530261085842,183.91933773499053,184.17665903424702,78005800,AAPL,0.03257053345242045,183.4909449986049,2024,1
2024-01-19,189.59043884277344,189.97642838325277,186.8786203129096,187.38337121910467,68903000,AAPL,0.015533121829983454,184.3986598423549,2024,1
2024-01-22,191.89645385742188,193.32165042723858,190.28320842049038,190.3228056040412,60133900,AAPL,0.01216313981192263,185.48734392438615,2024,1
2024-01-23,193.17323303222656,193.73737977781175,191.83712223283266,193.01488956324005,42355600,AAPL,0.006653479775886373,186.84326171875,2024,1
2024-01-24,192.50021362304688,194.36088890095834,192.34185506707502,193.41075266703035,53631300,AAPL,-0.003484020009477229,188.0563746861049,2024,1
2024-01-25,192.173583984375,194.251998276528,191.12448509283354,193.2127911304515,54822100,AAPL,-0.00169677546078717,189.5466025216239,2024,1
2024-01-26,190.4415740966797,192.75751105858055,189.966513589549,192.27255880614135,44594000,AAPL,-0.009012736567561408,190.92372131347656,2024,1
2024-01-29,189.75868225097656,190.22385105233468,187.63079398239137,190.03580216218106,47145600,AAPL,-0.0035858338650175403,191.36202566964286,2024,1
2024-01-30,186.10662841796875,189.82797900977772,185.54249682198056,188.97682064057707,55859400,AAPL,-0.019245779901536086,190.86433846609933,2024,1
2024-01-31,182.50405883789062,185.17631048108575,182.45458500160478,185.11691469411622,55467800,AAPL,-0.01935755652929927,189.52256774902344,2024,1
2024-02-01,184.93875122070312,185.02782223798647,181.93001441121828,182.0982647000541,64885400,AAPL,0.013340483484671983,188.3462132045201,2024,2
2024-02-02,183.93914794921875,185.40392677166545,177.4070012757119,178.01073002917815,102551700,AAPL,-0.005405050401208089,187.12320382254464,2024,2
2024-02-05,185.75030517578125,187.30417000412038,183.92922730587782,186.21547393955785,69668800,AAPL,0.009846502208776808,186.2055925641741,2024,2
2024-02-06,187.3536834716797,187.36357521832525,184.8496972971495,184.93876832266957,43490800,AAPL,0.008631901274030795,185.76446533203125,2024,2
2024-02-07,187.46253967285156,189.08567701882757,186.6707620426896,188.67988890685803,53439000,AAPL,0.0005810198078561868,185.43644496372767,2024,2
2024-02-08,186.38375854492188,187.59120098390878,185.42373058041275,187.44274927884152,40962000,AAPL,-0.00575464906115275,185.47603498186385,2024,2
2024-02-09,187.14682006835938,188.27653811843788,186.30447993507684,186.9486117161699,45155200,AAPL,0.004094034423356652,186.1392865862165,2024,2
2024-02-12,185.46214294433594,186.9684387436886,185.10538907399385,186.72069342042812,41781900,AAPL,-0.009001900878722213,186.21405683244978,2024,2
2024-02-13,183.3711700439453,184.53063145226378,181.85496988989732,184.09459726813964,56529500,AAPL,-0.011274391998253863,186.13291713169642,2024,2
2024-02-14,182.4891815185547,183.85674041023526,180.79461213824646,183.64864282656313,54630500,AAPL,-0.004809853834598199,185.6670423235212,2024,2
2024-02-15,182.20179748535156,182.82612045767794,179.71444020641266,181.89459574378543,65434500,AAPL,-0.0015748003843937264,184.9310586111886,2024,2
2024-02-16,180.66578674316406,183.18288755084293,180.03155935687485,181.76577652013776,49752500,AAPL,-0.008430272167380681,183.96009390694755,2024,2
2024-02-20,179.9225616455078,180.78471053407532,178.3766332434525,180.15048310961222,53665600,AAPL,-0.004113812089462376,183.03706577845983,2024,2
2024-02-21,180.6757354736328,181.24058700664372,179.03070272630967,180.2991577041748,41371400,AAPL,0.004186099960098,182.1126251220703,2024,2
2024-02-22,182.70721435546875,183.29190480468338,180.81445159653885,181.82524161821627,52292200,AAPL,0.011243783657559181,181.71906389508928,2024,2
2024-02-23,180.8739013671875,183.3711632214272,180.58650833781007,183.34143499372246,45119700,AAPL,-0.010034157626170215,181.36231122698103,2024,2
2024-02-26,179.52615356445312,181.11171437415507,179.0207434868858,180.59641504961763,40867400,AAPL,-0.007451311618464795,180.93902151925224,2024,2
2024-02-27,180.98287963867188,182.26123857968312,177.94056046222855,179.46667979462939,54318900,AAPL,0.008114283324717642,180.76489039829798,2024,2
2024-02-28,179.7838134765625,181.46847854843006,178.50545433930714,180.8639793914523,48953900,AAPL,-0.0066253016003684495,180.6388942173549,2024,2
2024-02-29,179.11985778808594,180.92345088953732,177.9108594746495,179.63517226295397,136682600,AAPL,-0.003693078234560443,180.52422223772322,2024,2
2024-03-01,178.03968811035156,178.90183692569335,175.78025215753124,177.93067957222544,73563100,AAPL,-0.006030429518385949,180.14764404296875,2024,3
2024-03-04,173.52081298828125,175.30456703921072,172.22261492332544,174.56133114426578,81510100,AAPL,-0.02538127970247539,178.8353009905134,2024,3
2024-03-05,168.58572387695312,170.48840604509627,168.0902332564625,169.21995126633416,95132400,AAPL,-0.028440905885228962,177.07984706333704,2024,3
2024-03-06,167.59474182128906,169.69563232435493,167.15870765798908,169.5172478388351,68587700,AAPL,-0.005878208622145054,175.37535967145647,2024,3
2024-03-07,167.475830078125,169.1902233947002,166.97043508778398,167.62447121611535,71765100,AAPL,-0.000709519534275449,173.44578116280692,2024,3
2024-03-08,169.19021606445312,172.13343143853632,167.41636636953461,167.4758228221548,76267000,AAPL,0.010236617340713572,171.93241010393416,2024,3
2024-03-11,171.1920166015625,172.80732093128213,170.49833272784605,171.38030546468005,60139500,AAPL,0.011831656603280116,170.79986136300224,2024,3
2024-03-12,171.6676483154297,172.46043620394545,169.4676691073548,171.58836801446097,59825400,AAPL,0.0027783521878488315,169.88956996372767,2024,3
2024-03-13,169.5866241455078,171.62804307697533,169.21995080494636,171.21183277143888,52488700,AAPL,-0.012122401572706942,169.3275429861886,2024,3
2024-03-14,171.43975830078125,172.73794133442243,170.49832912625453,171.35057361629615,72913500,AAPL,0.010927360365894367,169.73526218959265,2024,3
2024-03-15,171.06320190429688,171.06320190429688,168.75421346183686,169.62628191974133,121752700,AAPL,-0.002196435647230266,170.23075648716517,2024,3
2024-03-18,172.1532440185547,176.10726419166866,171.9550508157469,173.98656516716395,75604200,AAPL,0.006372160126335347,170.89895847865515,2024,3
2024-03-19,174.4919891357422,175.0172080151,171.46949314620932,172.76767622994936,55215200,AAPL,0.013585251503802187,171.65635463169642,2024,3
2024-03-20,177.05860900878906,177.05860900878906,173.51089450186836,174.1352174960067,53423100,AAPL,0.014709098599650972,172.49443926130022,2024,3
2024-03-21,169.824462890625,175.88927881289044,169.29924400405602,175.45324461547284,106181300,AAPL,-0.04085735315928618,172.2311270577567,2024,3
2024-03-22,170.7262420654297,171.48930183291895,168.52626256417108,170.21092760104455,71160100,AAPL,0.005310066403009683,172.39392961774553,2024,3
2024-03-25,169.30914306640625,170.3893089389317,167.92176032191367,169.03166954174233,54288300,AAPL,-0.008300416982647274,172.08955601283483,2024,3
2024-03-26,168.179443359375,169.8740129173693,168.05061095138228,168.46682128354186,57388400,AAPL,-0.0066724081557022474,171.6775905064174,2024,3
2024-03-27,171.74696350097656,172.0343565405087,168.57582642397568,168.87312383270142,60273300,AAPL,0.02121258145669014,171.61955043247767,2024,3
2024-03-28,169.93344116210938,170.67667701496117,168.97218824939392,170.2010103030642,65672700,AAPL,-0.010559268716601622,170.96832929338728,2024,3
2024-04-01,168.49655151367188,169.70554992575666,167.9515087670476,169.64609346633853,46240500,AAPL,-0.008455602608945956,169.74517822265625,2024,4
2024-04-02,167.31724548339844,167.81273603395658,166.71274640687062,167.5550863912881,49329500,AAPL,-0.006998992084284561,169.38700430733817,2024,4
2024-04-03,168.1199493408203,169.14065873561202,167.05960735256843,167.26770493028647,47691700,AAPL,0.004797496247937794,169.0146767752511,2024,4
2024-04-04,167.29747009277344,170.3695030458197,167.29747009277344,168.75419869027797,53704400,AAPL,-0.004892216844412101,168.727294921875,2024,4
2024-04-05,168.0506134033203,168.85330584999502,167.4262903353845,168.06051777285862,42104800,AAPL,0.004501821277567597,168.7088906424386,2024,4
2024-04-08,166.9307861328125,167.67402205960258,166.72268854116854,167.50555706407098,37425500,AAPL,-0.006663630961109557,168.02086530412947,2024,4
2024-04-09,168.13978576660156,168.5460917055098,166.83169838821917,167.17853275073267,42373800,AAPL,0.007242520458911494,167.76462881905692,2024,4
2024-04-10,166.266845703125,167.56502882108228,165.60289002910008,167.27765088979615,49709300,AAPL,-0.01113918430987193,167.44609941755022,2024,4
2024-04-11,173.46136474609375,173.877590209879,166.64342350182488,166.82179288243998,91070300,AAPL,0.043270917978529555,168.3238307407924,2024,4
2024-04-12,174.95773315429688,176.75140669942581,172.63884078505302,172.68837774790788,101670900,AAPL,0.00862652274409026,169.30065699986048,2024,4
2024-04-15,171.13255310058594,175.0370216134587,170.94426424521788,173.77847120218846,73531800,AAPL,-0.021863452302148145,169.84852600097656,2024,4
2024-04-16,167.8524169921875,172.1929047923956,166.75242714722782,170.20103782824683,73711200,AAPL,-0.019167224756300394,169.8202122279576,2024,4
2024-04-17,166.48484802246094,169.11094225529814,166.48484802246094,168.08032842085646,50901200,AAPL,-0.008147448778114463,169.75650678362166,2024,4
2024-04-18,165.5334930419922,167.11906901091456,165.0479219314042,166.51456987389489,43122900,AAPL,-0.00571436375002965,169.3841792515346,2024,4
2024-04-19,163.51190185546875,164.89926951971245,162.6002009445124,164.7109957890585,68149400,AAPL,-0.01221258096698652,168.99061584472656,2024,4
2024-04-22,164.3443145751953,165.75150603037284,163.28397258003716,164.0272084619306,48116400,AAPL,0.005090838711315104,167.68818010602678,2024,4
2024-04-23,165.39476013183594,165.54341638804536,163.43262154349364,163.85875133255257,49537800,AAPL,0.006391736515837909,166.32204110281808,2024,4
2024-04-24,167.4956512451172,167.77312477902248,164.71099641624178,165.03800691456527,48251800,AAPL,0.012702283383141166,165.80248369489397,2024,4
2024-04-25,168.35780334472656,169.07131105182287,166.63349053238153,168.0010494911784,50558300,AAPL,0.005147310352241252,165.8746817452567,2024,4
2024-04-26,167.7731170654297,169.79471202253325,167.6541890412428,168.3478879652858,44838400,AAPL,-0.0034728789974747265,166.0587201799665,2024,4
2024-04-29,171.9352264404297,174.4424074952563,171.5388400360099,171.80639405446584,68169400,AAPL,0.024807963562939683,166.97325352260046,2024,4
2024-04-30,168.79383850097656,173.41181476528868,168.46681287321124,171.76678225756265,65934800,AAPL,-0.01827076396436722,167.72781590053015,2024,4
2024-05-01,167.7731170654297,171.15236652369296,167.58482822154218,168.05059058657778,50383100,AAPL,-0.006047148667342905,168.21764482770647,2024,5
2024-05-02,171.46949768066406,171.85597979307556,169.34879824722077,170.95418315705703,94214900,AAPL,0.02203201966971169,169.08546447753906,2024,5
2024-05-03,181.7261505126953,185.313497878847,181.01264278710423,184.9666483851495,163224100,AAPL,0.059816194546348456,171.11839294433594,2024,5
2024-05-06,180.0712127685547,182.53874644704828,178.79283846563771,180.70544017490002,78569700,AAPL,-0.00910676718497383,172.79173714773995,2024,5
2024-05-07,180.75497436523438,183.23242749590466,179.68472791941784,181.79550770435065,77305800,AAPL,0.0037971732747672515,174.6462881905692,2024,5
2024-05-08,181.09188842773438,181.41891399944225,179.8135143636789,181.200896951637,45057100,AAPL,0.001863926919207337,175.95438276018416,2024,5
2024-05-09,182.90541076660156,182.99459544718977,180.4675903156434,180.91352883975787,48983000,AAPL,0.010014376428521654,177.97032165527344,2024,5
2024-05-10,181.64515686035156,183.66949389545601,180.7322193628195,183.48094965782863,50759500,AAPL,-0.0068901947786452755,179.95204162597656,2024,5
2024-05-13,184.850341796875,185.66405574980115,183.20307828852305,184.0167922414492,72044800,AAPL,0.017645309084610483,181.86359078543526,2024,5
2024-05-14,185.9915313720703,186.8548647149755,184.8602810891409,186.07091921634225,52393600,AAPL,0.006173586503017248,182.47293090820312,2024,5
2024-05-15,188.26397705078125,189.18683240943687,185.9320062923224,186.46787049037354,70400000,AAPL,0.012218006174512297,183.64332580566406,2024,5
2024-05-16,188.38304138183594,189.6333810173086,188.2044300863017,189.00821119957226,52845200,AAPL,0.0006324328898170695,184.73304966517858,2024,5
2024-05-17,188.4127960205078,189.34558420614056,187.7280891548122,188.05555831413108,41282900,AAPL,0.00015794754375764164,185.77889360700334,2024,5
2024-05-20,189.57383728027344,190.44708847543168,187.55941793463836,187.8769693298537,44361300,AAPL,0.006162220848520583,186.73152596609933,2024,5
2024-05-21,190.873779296875,191.25085261805762,189.4547462309282,189.62343971650407,42309400,AAPL,0.0068571804804460346,188.0499005998884,2024,5
2024-05-22,189.43490600585938,191.3401840301744,188.8097513226368,190.79440205142186,34648500,AAPL,-0.007538349669168998,188.704838344029,2024,5
2024-05-23,185.4457550048828,189.5341303535584,185.1976736824305,189.5142796080912,51005900,AAPL,-0.021058162326499485,188.62687029157365,2024,5
2024-05-24,188.52195739746094,189.11735863774422,186.59684388111853,187.37087155015982,36327000,AAPL,0.016588152112174903,188.6637246268136,2024,5
2024-05-28,188.53192138671875,191.51881559867596,187.6487523245995,190.04024519822877,52280100,AAPL,5.285320285963735e-05,188.68499319893974,2024,5
2024-05-29,188.82958984375,190.7745542503335,188.05557725890648,188.15481585355153,53068000,AAPL,0.0015788756346499788,188.7445351736886,2024,5
2024-05-30,189.8218994140625,190.70506832278696,189.16697622567534,189.29596821795033,49889100,AAPL,0.005255053358605544,188.77997262137276,2024,5
2024-05-31,190.77456665039062,191.09211806054816,188.45252874493116,189.9707854632458,75158300,AAPL,0.005018742512159058,188.76579938616072,2024,5
2024-06-03,192.5408935546875,193.49353258818425,191.04248767189634,191.41956102246726,50080500,AAPL,0.009258712706363026,189.20951189313615,2024,6
2024-06-04,192.8584442138672,193.82100104656786,191.548567440495,193.1462119125533,47471400,AAPL,0.0016492634542049078,190.26846749441964,2024,6
2024-06-05,194.3667755126953,195.38886948576234,193.37445009094603,193.9003813531384,54156800,AAPL,0.007820924331192192,191.1034415108817,2024,6
2024-06-06,192.9874267578125,194.9919281725913,192.67980832687616,194.1881470745491,41181800,AAPL,-0.007096628275302774,191.7399422781808,2024,6
2024-06-07,195.37892150878906,195.42854080055034,192.65002702042116,193.15610745634936,53103900,AAPL,0.012391971804348367,192.6755610874721,2024,6
2024-06-10,191.63783264160156,195.78575974008595,190.67527601206947,195.38882058571778,97010200,AAPL,-0.019147863230574824,192.93498011997767,2024,6
2024-06-11,205.56019592285156,205.57012886730556,192.14396771907968,192.1638033246204,172373300,AAPL,0.07264934637038722,195.0472128731864,2024,6
2024-06-12,211.43475341796875,218.51002232587345,205.3120931521647,205.7784872423207,198134300,AAPL,0.028578283206744715,197.74633571079798,2024,6
2024-06-13,212.5957794189453,215.08651049080893,209.97604121171418,213.09194207290335,97862700,AAPL,0.005491178636472416,200.56595502580916,2024,6
2024-06-14,210.85922241210938,213.5186471242216,209.67835280423736,212.20878551515116,70122700,AAPL,-0.008168351279513653,202.9220188685826,2024,6
2024-06-17,215.00714111328125,217.26964179829142,211.08745883873982,211.7324642876032,93728300,AAPL,0.01967150714928212,206.06769234793526,2024,6
2024-06-18,212.6453857421875,216.95208913019513,211.36529274424583,215.9200623200828,79943300,AAPL,-0.01098454385684522,208.5343300955636,2024,6
2024-06-20,208.07077026367188,212.59578653831548,207.24715355520107,212.28815296354617,86172500,AAPL,-0.021512883820869355,210.88189261300224,2024,6
2024-06-21,205.8975830078125,210.26380829361358,205.52049454653314,208.77532033595196,241805100,AAPL,-0.010444462012157985,210.93009076799666,2024,6
2024-06-24,206.5426025390625,211.06760381745957,205.00449518251241,206.12582769938734,80727000,AAPL,0.0031327202671704857,210.23121207101005,2024,6
2024-06-25,207.4654541015625,209.75772308170346,207.0089778092255,207.54482679949032,55549700,AAPL,0.004468093028533682,209.49830845424108,2024,6
2024-06-26,211.61338806152344,213.2110325348534,209.0234182045521,209.87681864015101,66213200,AAPL,0.019993371802181414,209.60604640415735,2024,6
2024-06-27,212.4568634033203,214.0842763709762,210.7202940415425,213.04233172557286,49772700,AAPL,0.003985926171890641,209.2417210170201,2024,6
2024-06-28,209.00355529785156,214.41174043740799,208.68601906723538,214.1140398112984,82542700,AAPL,-0.016254161198422268,208.7214595249721,2024,6
2024-07-01,215.08651733398438,215.84067914098924,210.29358412725625,210.46227761796723,60402900,AAPL,0.029104586414637534,209.7237091064453,2024,7
2024-07-02,218.5795135498047,218.6886699462021,213.44919320249295,214.4911227279333,58046200,AAPL,0.016239958966820955,211.53541346958704,2024,7
2024-07-03,219.84970092773438,219.84970092773438,217.34903661716913,218.31159349071294,37369800,AAPL,0.005811099847837564,213.4364275251116,2024,7
2024-07-05,224.60293579101562,224.71209219476,219.9489270685169,219.9489270685169,60412400,AAPL,0.021620383576703928,215.8846391950335,2024,7
2024-07-08,226.07154846191406,226.1013170084402,221.53661474646515,225.3471401186269,59085900,AAPL,0.006538706476503675,217.95009068080358,2024,7
2024-07-09,226.9249725341797,227.63944805659358,224.63270320880366,226.18072846013894,48076100,AAPL,0.0037750175909880834,220.0169634137835,2024,7
2024-07-10,231.19195556640625,231.29119415797783,227.49058625437067,227.54020555015646,62627700,AAPL,0.01880349696454786,223.18673488071985,2024,7
2024-07-11,225.823486328125,230.60648662367137,224.03729767642758,229.61416127735984,64710600,AAPL,-0.02322083060861191,224.72058759416853,2024,7
2024-07-12,228.77069091796875,230.8545803134063,226.92496506939614,227.1631286162611,53046500,AAPL,0.013050921486357003,226.17647007533483,2024,7
2024-07-15,232.60105895996094,235.409341553401,231.30111515749465,234.66509753137677,62631300,AAPL,0.01674326386226488,227.9980926513672,2024,7
2024-07-16,233.01785278320312,234.4567215545301,230.54695713829173,233.19646408342908,43234300,AAPL,0.001791882741659867,229.2002236502511,2024,7
2024-07-17,227.12344360351562,229.6836449661141,224.9006292447048,227.6890612108438,57345900,AAPL,-0.025295955263872405,229.35049438476562,2024,7
2024-07-18,222.45948791503906,228.67145424701283,220.56415801938329,228.51267855827928,66034600,AAPL,-0.020534893335882654,228.71256801060267,2024,7
2024-07-19,222.5885009765625,225.0593965950336,221.56640705838353,223.09459660515446,49151500,AAPL,0.0005799395779095828,227.48350306919642,2024,7
2024-07-22,222.24119567871094,226.03187070395737,221.3778623137636,225.26777593230437,48201800,AAPL,-0.0015603020655956534,226.97174726213728,2024,7
2024-07-23,223.2831268310547,225.19832267550643,220.97100689389265,222.64803919770813,39960300,AAPL,0.004688289896757292,226.18780953543526,2024,7
2024-07-24,216.86279296875,223.0747598557794,215.46362561910502,222.28089648286087,61777600,AAPL,-0.028754227663439047,223.93948582240515,2024,7
2024-07-25,215.8208465576172,219.15506035064124,212.97286249707204,217.24978234747041,51391200,AAPL,-0.00480463428912381,221.48277064732142,2024,7
2024-07-26,216.2872314453125,217.80548795978973,214.35218497553956,217.02154248476683,41601300,AAPL,0.0021609816434984275,219.9347403390067,2024,7
2024-07-29,216.56509399414062,217.61695646267233,214.0941983741811,215.29491873308154,36311800,AAPL,0.0012846923369971286,219.09268406459265,2024,7
2024-07-30,217.12078857421875,218.63904514115285,214.46134877521007,217.50779485320817,41643800,AAPL,0.0025659471239309894,218.31158229282923,2024,7
2024-07-31,220.37562561035156,222.10227724921992,218.93675681546986,219.74053796301214,50036300,AAPL,0.014990904636569269,218.0450722830636,2024,7
2024-08-01,216.6841583251953,222.7571844619209,215.35444602521784,222.64802807062824,62501000,AAPL,-0.016750796622504782,217.10236249651228,2024,8
2024-08-02,218.17266845703125,223.8686218452105,216.03917485082664,217.468110743228,105568600,AAPL,0.006869492183189552,217.28948756626673,2024,8
2024-08-05,207.6639404296875,211.8614726265992,194.4957781490091,197.562059997048,119548600,AAPL,-0.048167023402445275,216.12421526227678,2024,8
2024-08-06,205.63958740234375,208.37841518370308,199.52687447574846,203.72440665766518,69660500,AAPL,-0.009748216388242747,214.6031232561384,2024,8
2024-08-07,208.20970153808594,212.00037630720823,204.80601788828693,205.31209833985366,63516400,AAPL,0.012498148669757958,213.4094957624163,2024,8
2024-08-08,211.6728973388672,212.55606620855394,207.22728444417172,211.47443531656216,47161100,AAPL,0.01663321053340905,212.6312255859375,2024,8
2024-08-09,214.5804443359375,215.11629337558463,210.3432107490655,210.47221789303094,42201600,AAPL,0.013736038168436826,211.80334254673548,2024,8
2024-08-12,216.11038208007812,218.07745621052726,214.19298467780987,214.65991863613397,38028100,AAPL,0.007129902954928324,211.72137451171875,2024,8
2024-08-13,219.82598876953125,220.44193777769505,217.58072790378117,217.58072790378117,44155300,AAPL,0.017193096665186314,211.95756312779017,2024,8
2024-08-14,220.27304077148438,221.5744891931242,218.2662191901357,219.13055181670978,41960600,AAPL,0.0020336631007802364,213.7588631766183,2024,8
2024-08-15,223.2534637451172,223.87935717471936,221.30624816369337,223.13425172393934,46414000,AAPL,0.013530584420109681,216.27513122558594,2024,8
2024-08-16,224.5747833251953,225.34969177239586,222.19043681447837,222.45867901826594,44340200,AAPL,0.005918472922716411,218.61300005231584,2024,8
2024-08-19,224.41583251953125,224.51518597934856,221.58442566604344,224.2469437652095,40687800,AAPL,-0.0007077856351925815,220.43341936383928,2024,8
2024-08-20,225.0317840576172,225.68748051768907,223.97870407222223,224.29662301984854,30299000,AAPL,0.0027446884258146564,221.9264678955078,2024,8
2024-08-21,224.9224853515625,226.4921759358446,223.58130467937312,225.04171252806572,34765500,AAPL,-0.00048570341524156735,223.18533979143416,2024,8
2024-08-22,223.06471252441406,226.84984597984075,222.43881906323927,226.30343225653021,43695300,AAPL,-0.008259613636425356,223.64801461356026,2024,8
2024-08-23,225.35963439941406,226.73063334528243,222.866020162344,224.187342377279,38677300,AAPL,0.010288143960685003,224.37467084612166,2024,8
2024-08-26,225.69741821289062,225.79677167752968,222.42889539152742,225.28016094798537,30602200,AAPL,0.0014988656436933923,224.72380719866072,2024,8
2024-08-27,226.5418701171875,227.35652605602343,223.4223624308928,224.52511915345738,35934600,AAPL,0.0037415222158205808,225.00481959751673,2024,8
2024-08-28,225.0119171142578,228.35991942602843,224.20719049274723,226.43257756563742,38052200,AAPL,-0.006753510960857967,225.08997453962053,2024,8
2024-08-29,228.29037475585938,231.39995310375193,227.3863249726349,228.59836441740794,51906300,AAPL,0.014570151144202681,225.55548749651228,2024,8
2024-08-30,227.5055389404297,228.89639643358683,225.99545426270925,228.68777538921813,52990800,AAPL,-0.003437883950512699,225.92449515206474,2024,8
2024-09-03,221.31619262695312,227.50553099413642,219.7266282681139,227.05847075546578,50190600,AAPL,-0.027205255495327485,225.6747065952846,2024,9
2024-09-04,219.40872192382812,220.33264539565292,216.06070449558098,220.2134333758585,43840200,AAPL,-0.008618757988215542,224.82457624162947,2024,9
2024-09-05,220.9287567138672,224.0085170705176,220.07436845302396,220.1836512012438,36615400,AAPL,0.0069278685765590264,224.1433388846261,2024,9
2024-09-06,219.37892150878906,223.7700744804958,218.33577084564575,222.4884846157397,48423000,AAPL,-0.0070150904215939835,223.12006051199776,2024,9
2024-09-09,219.4683380126953,219.82598924771256,215.2957503769675,219.37892899374344,67180000,AAPL,0.00040758931300821644,222.328120640346,2024,9
2024-09-10,218.67355346679688,220.03460793809228,215.31560663834654,217.49131703149231,51591000,AAPL,-0.0036214086874456486,220.95428902762276,2024,9
2024-09-11,221.20692443847656,221.63411098197892,216.4680492147489,220.01475867053273,44587100,AAPL,0.011585173110859825,220.05448695591517,2024,9
2024-09-12,221.31619262695312,222.09110108310472,218.38544755210194,221.04795042006705,37455600,AAPL,0.000493963689219612,220.05448695591517,2024,9
2024-09-13,221.04794311523438,222.57788625371046,220.461797151476,222.12089674811224,36766600,AAPL,-0.0012120645513313821,220.28866141183036,2024,9
2024-09-16,214.90829467773438,215.80241517960704,212.52394807405793,215.126845002842,59357400,AAPL,-0.02777518917830124,219.42859540666853,2024,9
2024-09-17,215.3751983642578,215.48448109873988,213.10014982176025,214.3419921866889,45519300,AAPL,0.0021725717344860396,218.85663495744978,2024,9
2024-09-18,219.24977111816406,221.25659276615585,216.12031904206836,216.13026348358338,59894900,AAPL,0.017989874337124512,218.8254111153739,2024,9
2024-09-19,227.37637329101562,228.32018565098164,223.16405353373213,223.52170475455895,66781300,AAPL,0.03706549900328859,220.06867109026228,2024,9
2024-09-20,226.71075439453125,231.56884144729943,226.1345376792504,228.46920754640476,318679900,AAPL,-0.002927388131186648,220.8549325125558,2024,9
2024-09-23,224.99205017089844,227.95259834339626,224.33635371548323,225.8563676699032,54146000,AAPL,-0.007581044085107069,221.3800550188337,2024,9
2024-09-24,225.88616943359375,227.85325878901892,224.25687274556688,227.15781488965328,43556100,AAPL,0.00397400380153945,222.07123020717077,2024,9
2024-09-25,224.89268493652344,225.80667911779153,222.5580303354434,223.46208007568333,42308700,AAPL,-0.004398164347828248,223.49757167271204,2024,9
2024-09-26,226.0352020263672,227.00880227293717,223.9389713421174,225.81663654010723,36636700,AAPL,0.005080276800315753,225.02042933872767,2024,9
2024-09-27,226.30340576171875,228.0221264682928,225.81661326820586,226.96904659349977,34026000,AAPL,0.0011865573722462663,226.02809143066406,2024,9
2024-09-30,231.47943115234375,231.47943115234375,228.1512873446241,228.5387415800987,54541900,AAPL,0.02287206139564235,226.61424255371094,2024,9
2024-10-01,224.73374938964844,228.15128705136544,222.2798675150603,228.02214574584622,63285000,AAPL,-0.02914160333431859,226.3318132672991,2024,10
2024-10-02,225.30001831054688,225.8861642954019,221.56456176324298,224.41582711263038,32880600,AAPL,0.0025197324497827633,226.3758087158203,2024,10
2024-10-03,224.197265625,225.3298253274289,221.8626109260752,223.67072564154154,34044200,AAPL,-0.004894596519858574,226.13453674316406,2024,10
2024-10-04,225.3199005126953,226.5120662505933,222.66732681912907,226.41271278943105,37245100,AAPL,0.00500735316537293,226.19556753976005,2024,10
2024-10-07,220.2432403564453,224.21713611955545,219.885589131397,223.0348997045567,39505400,AAPL,-0.022530900043442714,225.36814444405692,2024,10
2024-10-08,224.29660034179688,224.50522136577493,221.79304193960246,222.83619253711748,31855700,AAPL,0.01840401539130787,225.08145795549666,2024,10
2024-10-09,228.04200744628906,228.25064364916537,223.36275355639287,223.7601370790405,33591100,AAPL,0.016698456859286726,224.59039742606026,2024,10
2024-10-10,227.54527282714844,228.00227752622936,225.68748134269669,226.29350107451606,28183500,AAPL,-0.002178259280837147,224.9920436314174,2024,10
2024-10-11,226.06500244140625,227.91286461183438,225.85636623992795,227.80358186995707,31759200,AAPL,-0.006505388432598402,225.10132707868303,2024,10
2024-10-14,229.79051208496094,230.21769857807328,227.10813563369229,227.20747392643057,39882100,AAPL,0.01647981599681847,225.9003622872489,2024,10
2024-10-15,232.32388305664062,235.9401275315396,230.853530735341,232.08544385770335,64751400,AAPL,0.011024697881098833,226.90093122209822,2024,10
2024-10-16,230.26739501953125,230.60517253033711,228.34005309673006,230.0885769817669,34082200,AAPL,-0.008851815018122822,228.33295331682478,2024,10
2024-10-17,230.63497924804688,232.3238971476739,229.0156269629083,231.9066247344228,32993800,AAPL,0.001596336417860833,229.23843601771765,2024,10
2024-10-18,233.4663848876953,234.63867690560429,232.4828401919167,234.63867690560429,46431500,AAPL,0.012276566411911327,230.01334708077567,2024,10
2024-10-21,234.9367218017578,235.30431748145634,232.9199708414818,232.9199708414818,36254500,AAPL,0.006297852749850064,231.06926836286272,2024,10
2024-10-22,234.32077026367188,234.67842149785605,231.0820505913223,232.36362533760988,38846600,AAPL,-0.002621776337739523,232.24866376604353,2024,10
2024-10-23,229.25404357910156,233.60546433739609,226.27362172475395,232.55238437433343,52287000,AAPL,-0.02162303699697188,232.1720254080636,2024,10
2024-10-24,229.0653076171875,229.3136761173618,226.91940013747097,228.47914643577636,31109500,AAPL,-0.0008232612126159999,231.7065146309989,2024,10
2024-10-25,229.8998260498047,231.69801159617745,228.07183749564092,228.24072625952675,38802300,AAPL,0.0036431463205761627,231.6540047781808,2024,10
2024-10-28,231.8768310546875,233.1981533252385,231.03238723011694,231.79736647290133,36087100,AAPL,0.00859941931602215,231.83141217912947,2024,10
2024-10-29,232.1450653076172,232.80076177889833,230.80388451731673,231.5787930163908,35417200,AAPL,0.0011567962685603561,231.6426522391183,2024,10
2024-10-30,228.59835815429688,231.94636045913163,228.05194445904854,231.09197226998216,47070900,AAPL,-0.015277977796428921,230.73717171805245,2024,10
2024-10-31,224.43568420410156,228.33009993100293,223.89919982850535,227.84329228043723,64370100,AAPL,-0.01820955313854722,229.32501656668526,2024,10
2024-11-01,221.4552764892578,223.87935529424118,218.83250593091054,219.5279346472888,65276700,AAPL,-0.013279562585659876,228.21090698242188,2024,11
2024-11-04,220.56112670898438,221.33603510883145,218.27614895309117,219.54779428408165,44944500,AAPL,-0.004037608832123785,226.99602399553572,2024,11
2024-11-05,221.9917449951172,222.4884819564664,219.6968226591573,220.35251908634842,28111300,AAPL,0.006486266675724828,225.86629813058036,2024,11
2024-11-06,221.26651000976562,224.59465366535846,219.7464961432124,221.15722727351368,54561100,AAPL,-0.003266945738759408,224.3505379813058,2024,11
2024-11-07,225.99545288085938,226.39285156162418,223.10445516924474,223.16406118155706,42137700,AAPL,0.021372158266901975,223.4720219203404,2024,11
2024-11-08,225.72694396972656,227.41770491673495,225.17992905795916,225.93579455138124,38328800,AAPL,-0.001188116432034425,223.06181989397322,2024,11
2024-11-11,223.01173400878906,224.4737485807484,220.29657059338746,223.77755477883602,42005600,AAPL,-0.012028736637225035,222.8583984375,2024,11
2024-11-12,223.01173400878906,224.36434561359883,222.14646565326132,223.3300027044557,40398300,AAPL,0.0,223.08074951171875,2024,11
2024-11-13,223.89691162109375,225.4185978724207,221.54973296285615,222.79294167641658,48566200,AAPL,0.003969197478504993,223.55729021344865,2024,11
2024-11-14,226.98008728027344,227.62654977508777,223.77758025105393,223.79747584076947,44923900,AAPL,0.013770514460679228,224.26991053989954,2024,11
2024-11-15,223.77755737304688,225.6871240415238,223.05152776948486,225.1699449930133,47923700,AAPL,-0.014109298950405691,224.62863159179688,2024,11
2024-11-18,226.7811737060547,228.49183017609323,223.94665165924164,224.0262188410909,44633700,AAPL,0.013422330497605106,224.74087742396765,2024,11
2024-11-19,227.03973388671875,228.90952454109907,225.42854034251505,225.7467938634959,36211800,AAPL,0.0011401307103171554,224.9284188406808,2024,11
2024-11-20,227.75582885742188,228.68076882556113,224.66272507245372,226.82093350733243,35169600,AAPL,0.0031540513127117364,225.60614667619978,2024,11
2024-11-21,227.27847290039062,228.90956230117874,224.4837418395179,227.63651765548505,42108300,AAPL,-0.0020959110439718875,226.21568080357142,2024,11
2024-11-22,228.62110900878906,229.46649702017746,226.82094518602503,226.82094518602503,38168300,AAPL,0.005907449532129183,226.89056614467077,2024,11
2024-11-25,231.6048126220703,231.98275293866183,228.49182822914253,230.20248468460477,90152800,AAPL,0.013050866677260853,227.5512411934989,2024,11
2024-11-26,233.7829132080078,234.29015208323423,232.06231657216094,232.06231657216094,45986200,AAPL,0.009404383964558116,228.98057774135046,2024,11
2024-11-27,233.6536102294922,234.40949083683986,232.53970008294309,233.19611792325418,33498400,AAPL,-0.0005530899446042348,229.9623543875558,2024,11
2024-11-29,236.04058837890625,236.51797629056327,232.698842645531,233.5342752849028,28481400,AAPL,0.010215883876433907,231.2481907435826,2024,11
2024-12-02,238.28829956054688,239.4817769036961,235.8715090788613,235.9809120539101,48137100,AAPL,0.009522562187620265,232.7528294154576,2024,12
2024-12-03,241.3316650390625,241.44106801091166,237.60203896586935,238.5070985351772,38861000,AAPL,0.012771778908692744,234.76042829241072,2024,12
2024-12-04,241.68972778320312,242.78375758332757,239.9392952788925,241.55048900644988,44383900,AAPL,0.0014836956604209472,236.62737383161272,2024,12
2024-12-05,241.7195587158203,243.21140922639395,240.81451427308068,242.6644095132275,40033900,AAPL,0.0001234265638461185,238.0723375592913,2024,12
2024-12-06,241.5206298828125,243.30091318780651,240.76476447856876,241.59025685240857,36870600,AAPL,-0.0008229736727332071,239.17772565569197,2024,12
2024-12-09,245.40940856933594,245.89675186527563,240.43657354260168,240.516140724136,44649200,AAPL,0.016101227826419207,240.85712541852678,2024,12
2024-12-10,246.4238739013672,246.861485816723,244.0070681600661,245.54865007065558,36914800,AAPL,0.004133767070892969,242.34045192173548,2024,12
2024-12-11,245.1508026123047,249.43738355757404,244.92204129682997,246.61281718111218,45205800,AAPL,-0.005166184870432078,243.32080950055803,2024,12
2024-12-12,246.61285400390625,247.388615093895,244.3452271532981,245.54865996903848,32777500,AAPL,0.00596388580425633,244.07526506696428,2024,12
2024-12-13,246.7819061279297,247.9355922748061,244.90217516923994,246.47359279661413,33155300,AAPL,0.00068549599616885,244.80271911621094,2024,12
2024-12-16,249.6761016845703,250.01426601000418,246.30452004436617,246.64268436980004,51694800,AAPL,0.011727746179009957,245.93936811174666,2024,12
2024-12-17,252.1028289794922,252.45093348613432,248.42293425963442,248.72130738305802,51356400,AAPL,0.009719501700597988,247.45111083984375,2024,12
2024-12-18,246.7023468017578,252.89849494785605,246.39403346062903,250.7900177691265,56774100,AAPL,-0.021421743657520365,247.6358163016183,2024,12
2024-12-19,248.43287658691406,250.6308762664829,245.7475488049507,246.15532490458142,60882300,AAPL,0.007014646628176857,247.92281668526786,2024,12
2024-12-20,253.10736083984375,253.6145845456153,244.35516822034685,246.69239156062656,147495300,AAPL,0.018815884262783245,249.05946786063058,2024,12
2024-12-23,253.88311767578125,254.26104280923545,252.07299848460428,253.38583418491564,40858800,AAPL,0.0030649319457300983,250.09807695661272,2024,12
2024-12-24,256.7972412109375,256.80716624287646,253.90303208844082,254.101957652135,23234700,AAPL,0.01147820919261644,251.52883911132812,2024,12
2024-12-26,257.61273193359375,258.6868812844183,256.23029959445824,256.78725468311694,27237100,AAPL,0.003175621041763499,252.6626434326172,2024,12
2024-12-27,254.2013702392578,257.29448932345014,251.68511699924173,256.42919055718573,42355300,AAPL,-0.01324220922130237,252.96243504115515,2024,12
2024-12-30,250.8297882080078,252.1227283114492,249.38766912858338,250.85962400320443,35557500,AAPL,-0.013263429807937821,253.55206952776228,2024,12
2024-12-31,249.05946350097656,251.90392569582917,248.07483671879714,251.0684930674946,39480700,AAPL,-0.00705787267006408,253.64158194405692,2024,12
