date,close,high,low,open,volume,ticker,daily_return,moving_avg_7d,year,month
2021-01-04,38.17303466796875,39.70096122762374,37.8157414410783,39.43972311005681,24171000,AVGO,,,2021,1
2021-01-05,38.43157196044922,38.54737640285737,37.91986947069555,38.15776582168943,15069000,AVGO,0.006772772841594721,,2021,1
2021-01-06,38.194583892822266,39.01330742843274,37.752902964220944,38.00067577713944,17226000,AVGO,-0.006166494252976218,,2021,1
2021-01-07,39.80419921875,39.91192517817996,38.656010417224216,38.78707808563706,21267000,AVGO,0.042142501943324584,,2021,1
2021-01-08,40.00617980957031,40.396691062578604,39.37867285124479,40.128271723246634,15271000,AVGO,0.005074353831622025,,2021,1
2021-01-11,40.016963958740234,40.28807506254393,39.53757876205524,39.55463643012459,11660000,AVGO,0.0002695620831894008,,2021,1
2021-01-12,40.34282684326172,40.824907037078766,40.00259134603136,40.197396646981005,13846000,AVGO,0.008143118624827972,39.281337193080354,2021,1
2021-01-13,40.50621795654297,40.71089967867536,40.227925606539344,40.424525398838,13118000,AVGO,0.004050066048074674,39.6146490914481,2021,1
2021-01-14,40.58342361450195,41.160658319564625,40.5169908373955,40.71269681946055,19692000,AVGO,0.0019060199113580811,39.92205647059849,2021,1
2021-01-15,40.02504348754883,40.3975999534553,39.55912702188555,40.23421481706043,18165000,AVGO,-0.013758822623175515,40.183550698416575,2021,1
2021-01-19,41.22978210449219,41.24953488824275,40.24318397907573,40.24318397907573,18819000,AVGO,0.03009962043684311,40.38720539637974,2021,1
2021-01-20,41.464088439941406,41.8150975893276,40.84645438720334,41.25222545689856,14710000,AVGO,0.0056829389700725486,40.59547805786133,2021,1
2021-01-21,41.90756607055664,42.145462467864164,41.33122859025973,41.48473731234337,15749000,AVGO,0.010695463165857122,40.8655640738351,2021,1
2021-01-22,41.745967864990234,41.97309402241067,41.50896874175337,41.629266189966884,16248000,AVGO,-0.0038560627762140864,41.066012791224885,2021,1
2021-01-25,41.72532272338867,42.19303694434862,40.943406405640275,42.15353823062265,14692000,AVGO,-0.0004945421715536469,41.24017061505999,2021,1
2021-01-26,41.64274215698242,41.92642133788691,41.46409382555752,41.53321830213872,10742000,AVGO,-0.001979147458096464,41.39150183541434,2021,1
2021-01-27,39.92180252075195,41.022410699330514,39.63542823694094,40.89493537716724,21857000,AVGO,-0.041326280333388477,41.37675312587193,2021,1
2021-01-28,40.55379104614258,41.15885693871644,40.1309623637072,40.894029955075936,16946000,AVGO,0.015830661079546893,41.28018297467913,2021,1
2021-01-29,40.442466735839844,41.124738914179474,40.184821063313706,40.38860548592304,22069000,AVGO,-0.002745102428921342,41.13423701695034,2021,1
2021-02-01,41.900386810302734,42.13199917588673,40.71988050344438,40.922764346932894,17027000,AVGO,0.03604923715424335,41.13321140834263,2021,2
2021-02-02,42.8106803894043,42.818758895234424,42.013500694126755,42.17150243299504,16141000,AVGO,0.021725183187992325,41.285313197544646,2021,2
2021-02-03,41.76123809814453,42.95790476824489,41.70737340668565,42.81516624674335,17857000,AVGO,-0.02451356254360082,41.29044396536691,2021,2
2021-02-04,42.249595642089844,42.297176287022054,41.06908949984235,41.29531502195418,15243000,AVGO,0.011694038926662209,41.37713732038225,2021,2
2021-02-05,41.83484649658203,42.814263230707844,41.77649223258285,42.58175025485756,12488000,AVGO,-0.009816641773835899,41.65042931692941,2021,2
2021-02-08,42.435428619384766,42.5000635095855,41.79624729315308,42.08082710536465,17610000,AVGO,0.014356025493049263,41.91923468453543,2021,2
2021-02-09,42.60868835449219,42.658960694682186,42.069154504042984,42.37258643200858,12758000,AVGO,0.004082902912597719,42.228694915771484,2021,2
2021-02-10,42.197532653808594,42.86543908267791,41.78816921291757,42.84030291128354,14587000,AVGO,-0.009649574219766976,42.271144321986604,2021,2
2021-02-11,42.946231842041016,43.032413974399006,42.120323735580946,42.524300340667594,17123000,AVGO,0.01774272430511048,42.29050881522043,2021,2
2021-02-12,43.658119201660156,43.72095961584492,42.63201913939344,42.94532740388116,13551000,AVGO,0.01657624730005436,42.56149183000837,2021,2
2021-02-16,43.91038131713867,44.41759767190171,43.72096282967882,44.06748578869472,15163000,AVGO,0.0057781260414195845,42.79874692644392,2021,2
2021-02-17,43.31340789794922,43.64017815539402,42.64729587168799,43.47050898325922,14084000,AVGO,-0.013595268391724202,43.009969983782085,2021,2
2021-02-18,43.383419036865234,43.576429873091676,42.653569523033205,43.11140734932481,16715000,AVGO,0.0016163849097481364,43.1453971862793,2021,2
2021-02-19,43.984893798828125,44.44991633531823,43.69851955759381,43.741610620894434,17992000,AVGO,0.013864162284023429,43.341997964041575,2021,2
2021-02-22,42.763999938964844,43.68416537263239,42.670636521367776,43.449861309668904,16967000,AVGO,-0.02775711737414288,43.42292186192104,2021,2
2021-02-23,42.36360168457031,42.60778550420009,40.94160695036481,42.29537445694656,21303000,AVGO,-0.009362974814470126,43.33968898228237,2021,2
2021-02-24,43.16975784301758,43.217335056223995,41.53410236096609,41.984762299519666,15125000,AVGO,0.019029452794163237,43.269923073904856,2021,2
2021-02-25,41.04035949707031,43.03510279490195,40.865303550643354,42.619455363748955,23148000,AVGO,-0.04932615915267824,42.85991995675223,2021,2
2021-02-26,42.18137741088867,42.710137730987576,41.361756621580746,41.971308852923435,22640000,AVGO,0.027802337206617622,42.69820131574358,2021,2
2021-03-01,43.950782775878906,43.988487028954076,42.53956155428504,43.06383217297573,24677000,AVGO,0.0419475482688596,42.77925327845982,2021,3
2021-03-02,43.13654327392578,44.06568766063312,43.05485072992811,44.02169936771129,18546000,AVGO,-0.018526166100504504,42.65806034633091,2021,3
2021-03-03,41.57001495361328,43.21554351197312,41.47216197859388,42.911214390007366,23991000,AVGO,-0.036315573790063005,42.48749106270926,2021,3
2021-03-04,39.8221549987793,41.9237273204374,39.62824689768859,41.44523939841459,34575000,AVGO,-0.04204617094279062,42.1244272504534,2021,3
2021-03-05,40.41015625,40.93622130531709,38.87145637284007,40.779120258468645,42414000,AVGO,0.014765681345942472,41.730198451450896,2021,3
2021-03-08,37.8166389465332,40.2144620175738,37.63799061951917,40.1130166710686,45243000,AVGO,-0.06417983853914933,41.269666944231304,2021,3
2021-03-09,39.823062896728516,40.119310227215045,38.6560216282241,39.11296242554857,37884000,AVGO,0.05305664400879406,40.932764870779856,2021,3
2021-03-10,39.28350830078125,40.75936764113615,39.059974504342264,40.15968859339856,19914000,AVGO,-0.013548797021124881,40.26601137433733,2021,3
2021-03-11,40.72885513305664,41.0663989919056,39.68749503519528,40.30961871538576,26170000,AVGO,0.03679271263678463,39.92205592564174,2021,3
2021-03-12,40.50263214111328,40.710902804008015,39.90564459520034,39.98105311579396,18906000,AVGO,-0.005554366583698789,39.76957266671317,2021,3
2021-03-15,42.26216125488281,42.30345785511884,40.68396265448692,40.86261094576422,31241000,AVGO,0.04344233993581548,40.11814498901367,2021,3
2021-03-16,42.92737579345703,43.4498519266742,41.96052714750853,42.30704668300645,31190000,AVGO,0.01574019214403899,40.477747780936106,2021,3
2021-03-17,43.41305923461914,43.74342187115195,42.19394785475007,42.2199812619889,23754000,AVGO,0.011314072481368287,41.27723639351981,2021,3
2021-03-18,41.667869567871094,43.39149838821226,41.63195977797747,42.60240078889435,28728000,AVGO,-0.04019964723786085,41.540780203683035,2021,3
2021-03-19,42.926368713378906,43.12722145683531,41.08431547086622,41.35121603464576,108602000,AVGO,0.030203107539680918,42.06118883405413,2021,3
2021-03-22,43.00056457519531,43.54340822941446,42.673952757402404,42.78614122823927,31805000,AVGO,0.001728444870606527,42.38571875435965,2021,3
2021-03-23,41.985443115234375,43.00870648110355,41.85787558052181,42.864852187116355,24712000,AVGO,-0.023607165859085177,42.59754889351981,2021,3
2021-03-24,41.37112045288086,42.5219511947377,41.33492996036148,42.47309437496807,20882000,AVGO,-0.014631801328556349,42.47025735037668,2021,3
2021-03-25,41.771907806396484,41.9818098494755,40.65093467370728,41.162112310302966,17537000,AVGO,0.00968761177189048,42.30519049508231,2021,3
2021-03-26,43.612159729003906,43.69901552394185,41.31411884922736,41.31411884922736,28925000,AVGO,0.044054773153684446,42.33363342285156,2021,3
2021-03-29,42.7598991394043,43.53254856131064,42.366335294474645,43.46378800530901,28410000,AVGO,-0.019541811157607558,42.489637647356304,2021,3
2021-03-30,41.27069854736328,41.98001640148178,40.85994366056311,41.969158562287454,27935000,AVGO,-0.03482703706072776,42.253113337925505,2021,3
2021-03-31,41.94925308227539,42.257769631260196,40.93051446395766,41.52764382510818,28684000,AVGO,0.01644155681381032,42.10292598179409,2021,3
2021-04-01,43.06118392944336,43.11818241018439,42.450480498007465,42.710143694921314,23528000,AVGO,0.02650657080799812,42.2566032409668,2021,4
2021-04-05,44.19481658935547,44.299767634880354,43.1398875691596,43.454737254419,22966000,AVGO,0.026326091306954957,42.65998840332031,2021,4
2021-04-06,43.77773666381836,44.171297086269924,43.22312750072507,43.70988034747014,18063000,AVGO,-0.009437304139362945,42.94653538295201,2021,4
2021-04-07,43.6501579284668,43.78134586307841,43.24664398347584,43.42849722234408,12074000,AVGO,-0.002914237808392839,42.95196369716099,2021,4
2021-04-08,43.92338943481445,44.149574803578865,43.438448639225484,44.149574803578865,18121000,AVGO,0.006259576581496562,43.1181765965053,2021,4
2021-04-09,43.88811111450195,43.90801485072528,43.11455742784639,43.427598642156795,16614000,AVGO,-0.0008031784606434833,43.492092677525115,2021,4
2021-04-12,43.75963592529297,43.91796500936204,43.30093197812417,43.60221108580212,23247000,AVGO,-0.0029273346686942148,43.750718797956196,2021,4
2021-04-13,43.87635040283203,44.17129637943583,43.45383690042955,43.87997083285646,15281000,AVGO,0.002667172042708943,43.867171151297434,2021,4
2021-04-14,43.18331527709961,44.25905227217502,42.992416128680475,43.65106857992895,18220000,AVGO,-0.015795186230614378,43.72267096383231,2021,4
2021-04-15,43.427589416503906,43.636583779423745,43.136263940918674,43.57596833898181,18370000,AVGO,0.00565667869261155,43.67264992850168,2021,4
2021-04-16,43.318119049072266,43.58863655997225,43.136265817207004,43.471019200485124,16263000,AVGO,-0.002520756249713374,43.62521580287388,2021,4
2021-04-19,41.7990608215332,43.13807791807408,41.62263649318825,43.113649509372145,26319000,AVGO,-0.03506750202653586,43.32174028669085,2021,4
2021-04-20,41.370208740234375,41.80176803345477,41.12411619657875,41.61901056593266,19128000,AVGO,-0.01025984969207494,42.962039947509766,2021,4
2021-04-21,41.5991096496582,41.648870708428866,40.94859890758498,41.185642120130865,25947000,AVGO,0.005532988988794063,42.6533933367048,2021,4
2021-04-22,41.17569351196289,41.72124978709173,40.62289637782537,41.1747858161005,27057000,AVGO,-0.010178490387444894,42.267585209437776,2021,4
2021-04-23,42.17272186279297,42.32833822829483,41.3919307526001,41.48149929298699,22890000,AVGO,0.024214002626097963,42.12321472167969,2021,4
2021-04-26,42.69023132324219,42.86936838325356,41.941102668459735,42.25323960795242,18271000,AVGO,0.012271189470125066,42.017877851213726,2021,4
2021-04-27,42.1926155090332,42.90826631894504,42.07590585130457,42.85760101922135,13267000,AVGO,-0.011656432836850472,41.85709163120815,2021,4
2021-04-28,41.54572677612305,42.15823852030805,41.26073445465219,42.103952789464394,15940000,AVGO,-0.015331799773627752,41.82090105329241,2021,4
2021-04-29,42.187191009521484,42.494803244031125,41.53034713564013,42.494803244031125,14650000,AVGO,0.015439956962483459,41.93761280604771,2021,4
2021-04-30,41.27430725097656,41.684157810890675,41.06078819664782,41.59187309887283,19367000,AVGO,-0.021638884616396625,41.891212463378906,2021,4
2021-05-03,40.726036071777344,41.60363647959687,40.55775339801271,41.595491375921966,15098000,AVGO,-0.013283594946012056,41.82697568620954,2021,5
2021-05-04,40.21937561035156,40.50527562388504,39.56524792058359,40.461847730040525,23497000,AVGO,-0.012440701582958402,41.547926221575054,2021,5
2021-05-05,40.15514373779297,40.843653493925814,40.02305155416419,40.75046453434176,16388000,AVGO,-0.0015970380341275847,41.18577085222517,2021,5
2021-05-06,40.58489227294922,40.63103289824023,39.79414777276787,40.15242529321326,13495000,AVGO,0.01070220388108778,40.95609610421317,2021,5
2021-05-07,40.946800231933594,41.47155208607255,40.640996398595995,41.128653510895184,11712000,AVGO,0.008917307370200689,40.87053516932896,2021,5
2021-05-10,39.45578384399414,40.58037774071008,39.42592651366687,40.56680716819282,25239000,AVGO,-0.036413501897436196,40.4803341456822,2021,5
2021-05-11,39.81496810913086,39.96786829734502,38.275098033844806,38.45152238988136,17887000,AVGO,0.009103462918311545,40.27185712541853,2021,5
2021-05-12,38.21446990966797,38.98169030250099,37.9213359325522,38.83964798773687,29940000,AVGO,-0.04019840465716318,39.9130619594029,2021,5
2021-05-13,38.95816421508789,39.33996241850638,38.50941051244392,38.89392490028976,21841000,AVGO,0.019461065590544058,39.732888902936665,2021,5
2021-05-14,39.95519256591797,40.27185415833822,39.08935774829134,39.48201384326199,16964000,AVGO,0.02559228266828706,39.704324449811665,2021,5
2021-05-17,39.803199768066406,40.00224401592131,39.160834088026675,40.00224401592131,15725000,AVGO,-0.0038040812242565725,39.59265409197126,2021,5
2021-05-18,39.24225616455078,40.21032924032209,39.200636760140256,40.16328091783065,17824000,AVGO,-0.014092927372277853,39.34914779663086,2021,5
2021-05-19,39.96424102783203,40.03481006181222,38.51484411556366,38.54198525525263,21369000,AVGO,0.018398148675596637,39.42178453717913,2021,5
2021-05-20,41.165733337402344,41.55477241208076,40.29084926723454,40.328848240036734,21886000,AVGO,0.030064184347541323,39.61475099836077,2021,5
2021-05-21,40.8255500793457,41.43624981386986,40.65364701019404,41.43624981386986,13216000,AVGO,-0.008263748279872307,39.987762451171875,2021,5
2021-05-24,41.54482650756836,41.83886820464433,41.28878724164024,41.33945254808384,14420000,AVGO,0.017618291163859823,40.35728563581194,2021,5
2021-05-25,41.57649612426758,41.8859203612617,41.301457343284035,41.79001520702884,9600000,AVGO,0.0007622998905398859,40.58890042986189,2021,5
2021-05-26,41.662437438964844,41.80810017248232,41.213687158189025,41.68777008827223,9873000,AVGO,0.002067064873393809,40.854505811418804,2021,5
2021-05-27,42.31294631958008,42.38170685781755,41.58643772047032,41.618103530756365,19098000,AVGO,0.015613797958130116,41.29317583356585,2021,5
2021-05-28,42.73365783691406,42.94084372819683,42.312952891307695,42.522851516187245,19946000,AVGO,0.009942855648870319,41.68880680629185,2021,5
2021-06-01,42.36994934082031,43.246641983614026,42.26952298148211,43.01502769573076,16277000,AVGO,-0.008511054623074443,41.86083766392299,2021,6
2021-06-02,42.86032485961914,43.21950669540747,42.4749026735171,42.688421746581454,13286000,AVGO,0.011573663089712305,42.151519775390625,2021,6
2021-06-03,42.05239486694336,42.50114874946722,41.913065249045985,42.414292936635775,20389000,AVGO,-0.01885030025605272,42.224029541015625,2021,6
2021-06-04,42.975223541259766,43.28283580571296,42.47942486911013,42.56808915429007,23865000,AVGO,0.02194473530547536,42.42384774344308,2021,6
2021-06-07,41.96010208129883,42.92817871423278,41.84158392028009,42.79427459043531,24142000,AVGO,-0.023621086205318664,42.46637126377651,2021,6
2021-06-08,41.93749237060547,42.73909149685394,41.93568388119427,42.346435313053576,16615000,AVGO,-0.0005388383147770792,42.41273498535156,2021,6
2021-06-09,41.97367858886719,42.268624544667915,41.77373008720722,42.268624544667915,12126000,AVGO,0.0008628608010687877,42.30416652134487,2021,6
2021-06-10,42.40251922607422,42.481229912091344,41.637107330925495,42.115714963686116,15413000,AVGO,0.010216894292433443,42.30881936209543,2021,6
2021-06-11,42.586181640625,42.7155610817781,42.26499882596529,42.38171194148465,14508000,AVGO,0.004331403367134001,42.26965604509626,2021,6
2021-06-14,43.05031204223633,43.05664520469655,42.1663785798386,42.56717975504602,14675000,AVGO,0.010898615084301788,42.41221564156668,2021,6
2021-06-15,42.58981704711914,43.11728168672339,42.39167698980265,43.11637399058902,11131000,AVGO,-0.010696670320656465,42.35715757097517,2021,6
2021-06-16,42.13833999633789,42.62418509527508,41.752013572609755,42.54728288889366,20437000,AVGO,-0.01060058676189568,42.38262013026646,2021,6
2021-06-17,42.62870407104492,42.99693174838259,41.97457637931725,42.0596202270029,20881000,AVGO,0.011637005035073589,42.48136465890067,2021,6
2021-06-18,41.93477249145508,42.501143696997005,41.664254941735805,42.27586253778271,28537000,AVGO,-0.016278505169505908,42.47580664498465,2021,6
2021-06-21,42.36422348022461,42.434433572332736,41.80163142088587,42.050558111087405,18591000,AVGO,0.010240928071257205,42.470335824149,2021,6
2021-06-22,42.34964370727539,42.726228662921734,42.06424319191749,42.54386326067558,13722000,AVGO,-0.00034415296095358094,42.436544690813335,2021,6
2021-06-23,42.5511589050293,42.66239940449434,42.22107921905217,42.29584941937425,17674000,AVGO,0.004758368196596807,42.36523709978376,2021,6
2021-06-24,42.861183166503906,43.188528915805904,42.728056996457845,42.84568024434219,12502000,AVGO,0.0072859181618663005,42.4040036882673,2021,6
2021-06-25,42.14448165893555,43.07909862341966,41.943879383600404,42.97879748575209,19100000,AVGO,-0.01672145877971154,42.404881068638396,2021,6
2021-06-28,43.111019134521484,43.42924816204461,42.44629963986364,42.49097880193268,13987000,AVGO,0.02293390350385316,42.47378322056362,2021,6
2021-06-29,43.50766372680664,43.52225184716625,42.92318584971862,43.071811456501145,14184000,AVGO,0.00920053852235525,42.69848196847098,2021,6
2021-06-30,43.479393005371094,43.638964911386566,43.08639727276032,43.59701971968196,15381000,AVGO,-0.0006497871642353603,42.857791900634766,2021,6
2021-07-01,42.8228874206543,43.5705825507884,42.758148719317035,43.5705825507884,11153000,AVGO,-0.015099235277633682,42.92539814540318,2021,7
2021-07-02,42.68886184692383,43.638070885119426,41.55272723482856,43.47302749926222,37054000,AVGO,-0.003129764987912176,42.94506999424526,2021,7
2021-07-06,43.15478515625,43.47118804665645,42.70069949451689,42.892181609605004,13870000,AVGO,0.010914399896556404,42.987013135637554,2021,7
2021-07-07,42.81376647949219,43.3444485131842,42.52472063555524,43.31162350170111,12581000,AVGO,-0.007902221631346129,43.082625252859934,2021,7
2021-07-08,42.90129470825195,42.954182724876006,42.08612358612352,42.346907943793475,16011000,AVGO,0.0020443945010466535,43.052664620535715,2021,7
2021-07-09,43.78394317626953,43.84777054436481,42.67607746100049,42.81649767081011,16782000,AVGO,0.020573935449267555,43.09213311331613,2021,7
2021-07-12,44.291831970214844,45.045909779696636,43.1529637953895,43.887893392792506,33142000,AVGO,0.011599887015671717,43.20819582257952,2021,7
2021-07-13,44.1331787109375,44.454138252367805,43.94990195694933,44.253539408556684,11806000,AVGO,-0.003581998129678521,43.395380292619976,2021,7
2021-07-14,43.91251754760742,44.861726344960466,43.83592469139429,44.60641334591868,14020000,AVGO,-0.004999892819308571,43.57018824986049,2021,7
2021-07-15,43.524993896484375,44.17329921661816,43.140203485076746,44.066615314170406,12624000,AVGO,-0.008824901708332167,43.62307521275112,2021,7
2021-07-16,42.679725646972656,43.79306285194072,42.60587024649813,43.681818872381704,13980000,AVGO,-0.019420295647186614,43.603926522391184,2021,7
2021-07-19,42.46089172363281,42.48824531915831,41.7241359849447,42.26120073696965,14938000,AVGO,-0.005127350750797621,43.541011810302734,2021,7
2021-07-20,42.727149963378906,43.060875005608196,42.24205836709004,42.66332257943715,20727000,AVGO,0.006270669996266243,43.39004135131836,2021,7
2021-07-21,43.678184509277344,43.701892818775676,42.718944080842576,42.82198270353463,13660000,AVGO,0.022258319282085548,43.30237742832729,2021,7
2021-07-22,43.43289566040039,43.675439695387986,43.26694447856678,43.45751528867577,12583000,AVGO,-0.00561582061234378,43.202336992536274,2021,7
2021-07-23,44.054744720458984,44.093955935727195,43.47847238039326,43.7702555795407,13489000,AVGO,0.014317467223940117,43.2226551600865,2021,7
2021-07-26,43.97178268432617,44.09761479290109,43.73835535752514,43.96448862385289,11160000,AVGO,-0.0018831577996701876,43.28648212977818,2021,7
2021-07-27,43.34444808959961,43.93257475722234,42.6551089418666,43.83683369202764,14715000,AVGO,-0.014266753732278814,43.381442478724885,2021,7
2021-07-28,43.553245544433594,43.68363771398363,43.249608175513686,43.466621205583486,8359000,AVGO,0.004817167227562091,43.53749302455357,2021,7
2021-07-29,44.14229202270508,44.299126490168,43.53410584346198,43.62802425939417,9162000,AVGO,0.013524743584735432,43.739656175885884,2021,7
2021-07-30,44.259918212890625,44.34562776658393,43.72832488912342,43.94624928172083,11548000,AVGO,0.0026647050888306545,43.822760990687776,2021,7
2021-08-02,44.19426727294922,45.09879686180583,44.08758685560069,44.59273445815285,15619000,AVGO,-0.0014833045923317023,43.93152836390904,2021,8
2021-08-03,44.38665771484375,44.475104707203,43.7638799994528,44.26811968383027,11135000,AVGO,0.00435328955011971,43.97894450596401,2021,8
2021-08-04,44.478759765625,44.67753945059309,44.13318058068503,44.54532459433702,12123000,AVGO,0.002074994052783774,44.05136980329241,2021,8
2021-08-05,44.466896057128906,44.71856023918974,44.21340922978667,44.71856023918974,8372000,AVGO,-0.00026672750226419684,44.21171951293945,2021,8
2021-08-06,44.26266098022461,44.50794249474522,44.135006207858986,44.229835964235114,9964000,AVGO,-0.004592969040202566,44.31306457519531,2021,8
2021-08-09,44.19426727294922,44.39030949669165,43.8587161421636,44.35930713086748,5952000,AVGO,-0.0015451783910133132,44.32048961094448,2021,8
2021-08-10,43.97360610961914,44.355659025736884,43.569667535093444,44.30550844993811,9319000,AVGO,-0.004992981600243529,44.27958788190569,2021,8
2021-08-11,44.09123611450195,44.31189798620742,43.748390892374864,44.20612540377876,9816000,AVGO,0.002675013838746354,44.26486914498465,2021,8
2021-08-12,44.155975341796875,44.22345149526353,43.4693735665818,43.975436021752884,8702000,AVGO,0.0014683014812013617,44.23191452026367,2021,8
2021-08-13,44.3292236328125,44.58544448783794,43.9599326556846,44.00552662499948,8582000,AVGO,0.003923552580926248,44.21055221557617,2021,8
2021-08-16,44.509769439697266,44.579979571279885,44.16874681296339,44.20795804969021,9188000,AVGO,0.0040728393616875636,44.21667698451451,2021,8
2021-08-17,43.6480827331543,44.334687868600476,43.267852465031176,44.277239754833516,16499000,AVGO,-0.01935949606996723,44.128880092075896,2021,8
2021-08-18,42.76179885864258,43.50128868918423,42.70526553432876,43.46208093482102,15616000,AVGO,-0.0203052189011389,43.924241747174946,2021,8
2021-08-19,43.17758560180664,43.38730462254203,42.18643165893483,42.52289411054206,14044000,AVGO,0.009723322083304398,43.81052453177316,2021,8
2021-08-20,43.327117919921875,43.42377377594511,42.89582577180956,43.112842308197415,10007000,AVGO,0.003463193136694853,43.70136478969029,2021,8
2021-08-23,43.99092483520508,44.331947333237096,43.37544465365767,43.43288928509112,15707000,AVGO,0.015320818627033272,43.67778614589146,2021,8
2021-08-24,43.89792251586914,44.04472546716904,43.78211844863475,43.9863695113828,9429000,AVGO,-0.0021141251220413437,43.61617170061384,2021,8
2021-08-25,44.078468322753906,44.33924925622447,43.910694490240616,43.910694490240616,10017000,AVGO,0.0041128553821538905,43.55455725533621,2021,8
2021-08-26,44.29092788696289,44.507029669793205,43.82225053661969,44.041086288052,10836000,AVGO,0.004820030556717647,43.64639227730887,2021,8
2021-08-27,45.220985412597656,45.26657590114587,44.37298910794195,44.4979064204644,16459000,AVGO,0.02099882684798149,43.9977046421596,2021,8
2021-08-30,45.489959716796875,46.306953438687174,45.43160376773265,45.59117217467794,19614000,AVGO,0.0059479974119336365,44.32804380144392,2021,8
2021-08-31,45.33677673339844,45.708801583020964,44.92554414122115,45.708801583020964,17378000,AVGO,-0.003367402045464485,44.615137917654856,2021,8
2021-09-01,44.967491149902344,45.52187793880585,44.94287152489931,45.25106554210319,12586000,AVGO,-0.0081453868162632,44.754647391183035,2021,9
2021-09-02,44.852603912353516,45.224628822695394,44.69394679267305,45.20730325513508,16991000,AVGO,-0.0025548954280292246,44.89103044782366,2021,9
2021-09-03,45.379642486572266,46.13827698053499,45.138921089850605,45.21824791373342,25191000,AVGO,0.011750456567664047,45.07691247122629,2021,9
2021-09-07,45.28025436401367,45.37234666729924,44.770543152684006,45.37234666729924,12398000,AVGO,-0.0021901477647824352,45.21824482509068,2021,9
2021-09-08,45.078739166259766,45.58115282101444,44.50702671653914,45.55653667023524,13987000,AVGO,-0.004450398978192549,45.197923932756694,2021,9
2021-09-09,44.99758529663086,45.47264534412562,44.939229333204956,44.939229333204956,13174000,AVGO,-0.0018002692872485238,45.127584729875835,2021,9
2021-09-10,45.42249298095703,46.137363070271356,45.272956047944284,45.32219530322396,16110000,AVGO,0.0094428996917304,45.13982990809849,2021,9
2021-09-13,45.49635314941406,45.81640483944415,44.9766139426968,45.77354832055159,14927000,AVGO,0.0016260703367381169,45.21538162231445,2021,9
2021-09-14,45.761695861816406,46.08539285494206,45.44164415993839,45.77355001503389,14134000,AVGO,0.005832175417025853,45.34525190080915,2021,9
2021-09-15,46.47929382324219,46.566829498254855,45.53829401268319,45.78448679428224,23346000,AVGO,0.015681192488859352,45.502344948904856,2021,9
2021-09-16,46.26137161254883,46.42550014133434,45.61032891214377,46.065329396406746,17569000,AVGO,-0.004688586954915919,45.64250455583845,2021,9
2021-09-17,46.138282775878906,46.28600056855674,45.68237087699342,45.953183351904364,34470000,AVGO,-0.0026607260524141862,45.793867928641184,2021,9
2021-09-20,45.11885452270508,45.86472696036561,44.537114091703415,45.49999960278346,30105000,AVGO,-0.02209506275137718,45.811192103794646,2021,9
2021-09-21,45.09773254394531,45.35124113822321,44.73125018798423,45.32735908135404,16935000,AVGO,-0.0004681408467304138,45.764797755650115,2021,9
2021-09-22,45.97949981689453,46.20086084672886,45.21071198271327,45.39716792716511,20610000,AVGO,0.01955236379323466,45.83381870814732,2021,9
2021-09-23,46.32026290893555,46.59489603665486,45.97949512759225,46.15584953215928,18370000,AVGO,0.007411196150415966,45.913614000592915,2021,9
2021-09-24,46.3772087097168,46.43048082807596,46.00153936519471,46.133805163401746,10605000,AVGO,0.0012293928662108211,45.89903041294643,2021,9
2021-09-27,46.37077331542969,46.45986850445043,45.684647859065855,45.90509082812516,9831000,AVGO,-0.00013876200112405979,45.914659227643696,2021,9
2021-09-28,45.100494384765625,46.05849571812318,45.05640577701173,45.649760722579785,20124000,AVGO,-0.0273939561461094,45.76640374319894,2021,9
2021-09-29,44.959041595458984,45.399002629948555,44.790952696333676,45.34021899205588,15783000,AVGO,-0.0031363911024979707,45.743573325020925,2021,9
2021-09-30,44.54112243652344,45.421969570713905,44.49979133819685,45.421969570713905,15735000,AVGO,-0.009295553110228227,45.66405759538923,2021,9
2021-10-01,44.763397216796875,44.88372199745057,43.858668109835726,44.8093218229536,16052000,AVGO,0.004990327322581756,45.49032865251814,2021,10
2021-10-04,43.716304779052734,44.69083713408199,43.42513707318819,44.54112227362607,20093000,AVGO,-0.02339171070222601,45.11833463396345,2021,10
2021-10-05,44.586116790771484,44.98750415340603,43.65934530078025,43.71537492198096,16557000,AVGO,0.019896741412955166,44.8624643598284,2021,10
2021-10-06,44.894744873046875,44.947102501874895,44.06074387194816,44.375790127457186,12042000,AVGO,0.006922066878433997,44.65160315377371,2021,10
2021-10-07,45.36685562133789,45.91612542774909,45.24837034245448,45.24837034245448,13261000,AVGO,0.010515946791234576,44.68965475899832,2021,10
2021-10-08,45.26857376098633,45.74160384984383,45.12436692735837,45.63322010018731,10279000,AVGO,-0.0021663802572496893,44.733873639787944,2021,10
2021-10-11,45.22172927856445,45.88764478313113,45.08486996695631,45.12069304944176,11186000,AVGO,-0.0010348124212883336,44.83110318865095,2021,10
2021-10-12,44.573265075683594,45.622197499633906,44.27383188302984,45.54320731843372,20991000,AVGO,-0.014339659566894092,44.803941454206196,2021,10
2021-10-13,44.548465728759766,44.58244930663794,44.04696356341253,44.19576040862878,16424000,AVGO,-0.0005563726794911572,44.92282158987863,2021,10
2021-10-14,45.704864501953125,45.84723533786386,45.08211954640166,45.177644270134444,19233000,AVGO,0.02595821773603313,45.082642691476,2021,10
2021-10-15,46.22382354736328,46.46355161067786,46.024508578105475,46.32944979440988,25103000,AVGO,0.01135456917037736,45.27251107352121,2021,10
2021-10-18,46.23392105102539,46.29086868069618,45.80222557272302,45.96112743411475,16042000,AVGO,0.00021844804014881092,45.39637756347656,2021,10
2021-10-19,46.879638671875,46.92372727723268,46.087883282534705,46.32210334153054,16383000,AVGO,0.01396631750391597,45.626529693603516,2021,10
2021-10-20,46.78778839111328,47.1588642937236,46.70053268130737,46.935667250381584,13458000,AVGO,-0.001959278769288475,45.85025242396763,2021,10
2021-10-21,47.224998474121094,47.28378211578843,46.715227238132506,46.790545421435894,11787000,AVGO,0.009344534076991318,46.22907148088728,2021,10
2021-10-22,47.34072494506836,47.88907321868144,47.121199933012896,47.27918380080165,15367000,AVGO,0.002450534138411564,46.62796565464565,2021,10
2021-10-25,47.95246124267578,48.175658311687386,47.31961113021807,47.531785170091815,12416000,AVGO,0.012921988379291705,46.94905090332031,2021,10
2021-10-26,49.036285400390625,49.139157633604796,48.12972034136807,48.24269409530283,24043000,AVGO,0.022602054819039985,47.3508311680385,2021,10
2021-10-27,48.0479736328125,49.238355358936516,47.93316036964609,48.84799096493525,23500000,AVGO,-0.020154702981850514,47.609981536865234,2021,10
2021-10-28,48.64133071899414,48.676232298789785,48.07736589827654,48.142582553706355,11872000,AVGO,0.012349263482288153,47.86165182931082,2021,10
2021-10-29,48.8342170715332,48.87830567575817,48.08379630191787,48.08379630191787,15564000,AVGO,0.003965482639720186,48.153998783656526,2021,10
2021-11-01,48.50171661376953,48.91779907896348,48.21514244811411,48.71205460223327,16896000,AVGO,-0.006808759875818637,48.33638708932059,2021,11
2021-11-02,49.3302116394043,49.674651453813986,48.37588238147848,48.44660704836752,16262000,AVGO,0.017081767068829024,48.62059947422573,2021,11
2021-11-03,49.81702423095703,49.94745405570457,49.02710827634629,49.51207947588844,14038000,AVGO,0.009868447253201573,48.88696561540876,2021,11
2021-11-04,50.391082763671875,50.43241736143436,49.68383262440296,49.94836423937898,15956000,AVGO,0.011523340496081058,49.08050809587751,2021,11
2021-11-05,51.33713912963867,51.40602778489491,50.50038075378257,50.51783329392963,18674000,AVGO,0.018774281362511802,49.550388881138396,2021,11
2021-11-08,51.339900970458984,51.79364252581492,51.261828789697425,51.61728811408838,17231000,AVGO,5.379810537031737e-05,49.93589891706194,2021,11
2021-11-09,51.23427200317383,51.61085938508981,50.989950432066905,51.361944302155536,15838000,AVGO,-0.002057443923507707,50.278763907296316,2021,11
2021-11-10,50.40486145019531,51.51901056969408,50.33873029619108,50.912796645245514,18450000,AVGO,-0.016188588625347,50.55064174107143,2021,11
2021-11-11,51.013824462890625,51.17180830896033,50.40852863996086,50.764909419118574,14157000,AVGO,0.012081434115180034,50.79115785871233,2021,11
2021-11-12,51.73210906982422,51.972758666628934,50.93943910847874,51.29030847708226,13592000,AVGO,0.014080195211713553,51.06474140712193,2021,11
2021-11-15,51.966312408447266,52.142666789566924,51.42072173556947,52.142666789566924,13972000,AVGO,0.004527233527381158,51.28977421351841,2021,11
2021-11-16,52.24187469482422,52.31168136032287,51.6880148827794,51.81201517851787,13194000,AVGO,0.005302710036669156,51.41902215140207,2021,11
2021-11-17,52.32179260253906,52.4797764962622,51.81293933638494,52.184015258420075,12532000,AVGO,0.0015297672256535666,51.559292384556365,2021,11
2021-11-18,52.796653747558594,52.973008170604096,52.32178761375682,52.455889434332605,12712000,AVGO,0.009075781264353822,51.78248977661133,2021,11
2021-11-19,52.23728561401367,53.01709647328071,51.98101949954597,52.93167326718379,19612000,AVGO,-0.010594764892098651,52.04426465715681,2021,11
2021-11-22,50.81911087036133,52.54222801903835,50.74563219541002,52.5091624401191,25898000,AVGO,-0.02714870665622582,52.01644842965262,2021,11
2021-11-23,50.98811340332031,51.05608055864811,50.3828174973329,50.74011632697499,17109000,AVGO,0.003325570441208736,51.910163334437776,2021,11
2021-11-24,51.3197021484375,51.351849727932276,50.27811356515988,50.81452439759523,12084000,AVGO,0.006503255817572384,51.81779044015067,2021,11
2021-11-26,50.204620361328125,51.18833951311021,49.90426920441639,50.680404400210605,14219000,AVGO,-0.021728142222729674,51.52675410679409,2021,11
2021-11-29,51.83497619628906,52.12981940001445,50.855850371085666,51.08731292011298,18703000,AVGO,0.032474218970825586,51.457208905901226,2021,11
2021-11-30,50.85584259033203,51.89467340094311,50.701534247922424,51.73668954874269,22574000,AVGO,-0.018889438711213846,51.17995016915457,2021,11
2021-12-01,50.955047607421875,52.21523602617111,50.82369980142219,51.75598296169567,21980000,AVGO,0.0019507103222924371,50.99677331107004,2021,12
2021-12-02,50.74287033081055,51.35459575168677,49.96673503111232,50.1568629695331,22619000,AVGO,-0.004164008995654944,50.98588180541992,2021,12
2021-12-03,51.2636604309082,52.262996172621556,50.55457434181255,51.89008083451883,20305000,AVGO,0.010263315746674273,51.025245666503906,2021,12
2021-12-06,51.893760681152344,52.20513490596169,51.06434975246151,51.86344910971609,22482000,AVGO,0.012291362827930863,51.10725402832031,2021,12
2021-12-07,54.228599548339844,54.47383910083059,52.53854822895833,52.53854822895833,29562000,AVGO,0.04499267034303611,51.68210819789341,2021,12
2021-12-08,54.05958938598633,54.278196369520444,53.49654614878815,54.278196369520444,17998000,AVGO,-0.0031166241385758298,51.999910082135884,2021,12
2021-12-09,53.58748245239258,54.21390288888411,53.49838724784678,53.49838724784678,29080000,AVGO,-0.008733083971890654,52.39014434814453,2021,12
2021-12-10,58.02019500732422,59.220681799961376,56.817872211513475,57.31294486115555,57087000,AVGO,0.08271917903345605,53.39945111955915,2021,12
2021-12-13,57.099849700927734,58.27186436409975,57.06035461194827,58.23328727665618,26898000,AVGO,-0.015862499363890503,54.307591029575896,2021,12
2021-12-14,56.47986602783203,56.820630343898266,55.628408982758515,56.74898767287255,35956000,AVGO,-0.010857886252643278,55.052763257707866,2021,12
2021-12-15,58.77153396606445,58.86338317859151,56.06010414746169,56.540481765782914,29092000,AVGO,0.0405749535082669,56.0353022984096,2021,12
2021-12-16,57.00983428955078,58.84501038814045,56.16664640765472,58.541901709543225,42748000,AVGO,-0.029975390425080684,56.43262154715402,2021,12
2021-12-17,58.321468353271484,58.78347896333974,56.497314978890415,56.72051201414745,50661000,AVGO,0.023007154468454694,57.04146139962332,2021,12
2021-12-20,59.24639892578125,59.34376315361239,57.4148981934236,57.5260394524852,32770000,AVGO,0.01585917842306661,57.84987803867885,2021,12
2021-12-21,59.73725128173828,60.035824804356366,58.541102390707344,59.9091835357988,36534000,AVGO,0.008284931487092306,58.095171792166575,2021,12
2021-12-22,60.56549835205078,60.746683465154646,59.09203550891037,59.46733644645187,28383000,AVGO,0.013864833961078071,58.59026445661272,2021,12
2021-12-23,61.45291519165039,62.00106877994691,60.65147197808953,60.65147197808953,23596000,AVGO,0.01465218422609671,59.30070005144392,2021,12
2021-12-27,62.3292236328125,62.51594493881419,61.42147852556839,61.452911402923334,19442000,AVGO,0.014259835166960055,59.80894143240793,2021,12
2021-12-28,61.84113311767578,62.65089092642231,61.65903123227664,62.63147547037863,17247000,AVGO,-0.007830845415500609,60.49912697928293,2021,12
2021-12-29,62.17483139038086,62.58063061917269,61.85222311923291,61.91508180060624,14797000,AVGO,0.005396056894204859,61.04960741315569,2021,12
2021-12-30,61.47879409790039,62.46048439860112,61.36417023507701,62.22014313107155,11473000,AVGO,-0.011194840048865062,61.36852100917271,2021,12
2021-12-31,61.50929641723633,62.05467835367662,61.311481567818056,61.65349835762834,12046000,AVGO,0.0004961437481574293,61.621670314243865,2021,12
2022-01-03,61.31608581542969,62.09071528783555,61.121966510380695,61.5934031383411,22591000,AVGO,-0.0031411609798953632,61.72889709472656,2022,1
2022-01-04,62.018619537353516,62.136014997449905,60.75313794605379,61.27541586224374,21103000,AVGO,0.011457576141415071,61.80971200125558,2022,1
2022-01-05,59.4377555847168,62.04543598529813,59.34623563210413,62.04543598529813,34961000,AVGO,-0.04161434053014157,61.39664513724191,2022,1
2022-01-06,58.885887145996094,59.960017534439686,58.645549453381086,59.17521836680619,28581000,AVGO,-0.009284812881841131,60.97446714128767,2022,1
2022-01-07,57.23310089111328,59.152117735486186,57.16931832023358,58.77681682873595,27832000,AVGO,-0.02806761237688493,60.2685056413923,2022,1
2022-01-10,57.41889953613281,57.500242762923456,55.79290950700639,56.281910372932906,29793000,AVGO,0.0032463494398637938,59.68852070399693,2022,1
2022-01-11,57.50116729736328,58.051172029734495,56.80972874668351,56.89939388747361,19037000,AVGO,0.0014327645060263627,59.11593082972935,2022,1
2022-01-12,57.49654769897461,58.32756531524479,57.287635807721585,58.00588084918945,18806000,AVGO,-8.033921058991922e-05,58.57028252737863,2022,1
2022-01-13,55.20315933227539,58.04008382637834,54.922146470199976,58.002187359622276,30048000,AVGO,-0.03988740991383244,57.59664535522461,2022,1
2022-01-14,55.12735366821289,55.49802811490678,54.72339860214575,55.07281336943708,25661000,AVGO,-0.0013732124208003516,56.98087365286691,2022,1
2022-01-18,53.40985870361328,54.63466536958353,53.243469687227446,54.383234096846714,35825000,AVGO,-0.031155041015326956,56.19858387538365,2022,1
2022-01-19,52.132354736328125,54.05137136485674,52.073195068521294,53.76019239548502,22692000,AVGO,-0.023918879365968593,55.469905853271484,2022,1
2022-01-20,50.6302375793457,52.702702038160496,50.5424201830336,52.50488369107919,25225000,AVGO,-0.02881352980466234,54.5000970023019,2022,1
2022-01-21,49.290809631347656,51.3401630905746,49.116098716541124,50.53040518772991,38010000,AVGO,-0.02645509900874843,53.32718876429966,2022,1
2022-01-24,50.06266784667969,50.24107425844166,47.45775933362236,49.07450352717779,54256000,AVGO,0.015659272410107672,52.26520592825754,2022,1
2022-01-25,49.37492370605469,50.415776955125615,48.45793655657287,48.80735130330001,38158000,AVGO,-0.013737664615303014,51.432600838797434,2022,1
2022-01-26,51.49916458129883,53.07523384137579,50.84747366813454,51.02588010310973,49715000,AVGO,0.04302266648330333,50.91428811209543,2022,1
2022-01-27,50.130149841308594,52.71379887689154,50.011830490994136,52.66388146844392,34183000,AVGO,-0.026583241711213512,50.44575827462332,2022,1
2022-01-28,51.774620056152344,51.811596172299275,49.2131583219117,50.2272052103921,30254000,AVGO,0.03280401554851653,50.3946533203125,2022,1
2022-01-31,54.157684326171875,54.202978838802096,51.395628824841495,51.70991879107108,40288000,AVGO,0.04602765346100024,50.89857428414481,2022,1
2022-02-01,54.789947509765625,54.89902457057196,53.22774382083781,54.156748348518036,25719000,AVGO,0.01167448703651841,51.68416540963309,2022,2
2022-02-02,55.77996826171875,55.90660952447324,54.87407454219735,55.37046992674029,24443000,AVGO,0.01806938675706271,52.500922611781526,2022,2
2022-02-03,53.692718505859375,55.37232155587272,53.625240436751774,55.06265448475592,30602000,AVGO,-0.0374193428376659,53.117750440325054,2022,2
2022-02-04,54.553321838378906,55.142154075370506,53.25733800301203,53.27952508716969,20548000,AVGO,0.016028306192498176,53.55405861990793,2022,2
2022-02-07,54.3194465637207,55.60895955986138,53.998685975735384,54.55331362889333,18671000,AVGO,-0.004287095025140464,54.15252958025251,2022,2
2022-02-08,55.483238220214844,55.63391430029526,54.260283027395566,54.38877202823736,14570000,AVGO,0.021424954231242577,54.68233217511858,2022,2
2022-02-09,56.51115798950195,56.54628636104298,55.607111963545954,56.142331245742305,22004000,AVGO,0.018526672239411512,55.01854269845145,2022,2
2022-02-10,54.66423797607422,56.816197767317135,54.4063325747497,55.02844177254944,24920000,AVGO,-0.032682395461987146,55.000584193638396,2022,2
2022-02-11,53.00590133666992,55.440725527909755,52.604721376645486,54.664244659690176,27281000,AVGO,-0.03033677411052771,54.60428891863142,2022,2
2022-02-14,53.48288345336914,53.873893736569116,52.69623293817636,53.1519531911381,19291000,AVGO,0.008998660614591536,54.57431248256138,2022,2
2022-02-15,55.71895980834961,56.02123233391824,54.376757801551186,54.448858760829566,34284000,AVGO,0.041809195963229406,54.7408321925572,2022,2
2022-02-16,55.20500564575195,55.53778365522115,54.281547727345966,54.91382312434807,22931000,AVGO,-0.009224044461085601,54.86734063284738,2022,2
2022-02-17,53.521705627441406,54.68457735233288,53.51153596110753,54.51079383432578,21424000,AVGO,-0.030491800492009835,54.5871216910226,2022,2
2022-02-18,53.61322021484375,54.32961398994426,52.99295870477831,53.701037613729866,19708000,AVGO,0.001709859323979046,54.173130580357146,2022,2
2022-02-22,53.37934875488281,54.557936934482846,52.67219725761745,53.61321934804692,20204000,AVGO,-0.004362197589022787,53.9895749773298,2022,2
2022-02-23,52.24513626098633,54.08280633347043,52.203537246043965,53.63540446707579,22416000,AVGO,-0.021248151585827157,53.880894252232146,2022,2
2022-02-24,53.61415100097656,54.140124535613595,50.750416226931925,50.98705847643553,35316000,AVGO,0.02620367823621761,53.8996467590332,2022,2
2022-02-25,54.35457229614258,54.4812135602186,53.05951603484193,53.598430786435685,22380000,AVGO,0.013810184090251365,53.70473425728934,2022,2
2022-02-28,54.30188751220703,54.75113715265247,53.279522105824185,53.70658466335348,25005000,AVGO,-0.0009692797074826176,53.575717381068635,2022,2
2022-03-01,52.70085525512695,54.31852337794291,52.25530114748211,54.05692245843227,24898000,AVGO,-0.02948391539281514,53.458453042166575,2022,3
2022-03-02,54.148441314697266,54.587524826408504,53.0206978113128,53.10758781855729,21771000,AVGO,0.02746798040681675,53.5349131992885,2022,3
2022-03-03,53.4847297668457,54.880544687752305,53.09001694569305,54.87869693976878,26454000,AVGO,-0.01225726044438169,53.54996762956892,2022,3
2022-03-04,55.09223175048828,56.00921906128759,53.98482412424417,54.79642984716423,44757000,AVGO,0.03005534459368331,53.956695556640625,2022,3
2022-03-07,52.75446701049805,55.35012976361378,52.68976056909107,55.192986556264444,26494000,AVGO,-0.04243365472246485,53.833883558000835,2022,3
2022-03-08,53.239768981933594,55.097774781472246,52.0990808098402,52.89035067121564,26993000,AVGO,0.009199258355486295,53.67462594168527,2022,3
2022-03-09,55.187435150146484,55.61450115379387,54.261205715610814,54.42667082741031,22560000,AVGO,0.03658291922479617,53.80113274710519,2022,3
2022-03-10,54.32869338989258,54.5403769182503,53.278597667227814,54.12810340287538,19323000,AVGO,-0.015560457881718115,54.03368105207171,2022,3
2022-03-11,53.415401458740234,54.9480273371831,53.347923393674414,54.72340253457243,19813000,AVGO,-0.01681048952526909,53.92896107264927,2022,3
2022-03-14,52.48639678955078,53.612295951186,52.20446006213706,53.33313084580178,25234000,AVGO,-0.017392075016173902,53.786342075892854,2022,3
2022-03-15,54.793663024902344,55.16341367332893,53.15565887204207,53.36179564312766,28260000,AVGO,0.043959318537387215,53.74368940080915,2022,3
2022-03-16,56.121070861816406,56.17560764032055,53.9894430789607,55.15324227574765,29454000,AVGO,0.024225572148932395,54.22463280814035,2022,3
2022-03-17,55.709716796875,56.10997640440915,55.243830397140954,55.899216759951805,18174000,AVGO,-0.007329761507121946,54.577482495989116,2022,3
2022-03-18,56.425193786621094,56.68401958054745,55.09223389542641,55.8298909343535,41538000,AVGO,0.012842947889231127,54.75430515834263,2022,3
2022-03-21,55.9580078125,56.35911022658985,54.80123148913467,56.35911022658985,25789000,AVGO,-0.008279740710999017,54.987064361572266,2022,3
2022-03-22,56.8932991027832,57.094315399148314,55.7756090180807,55.99803230925502,19262000,AVGO,0.01671416347445942,55.48390688214983,2022,3
2022-03-23,55.78025817871094,56.896087920456026,55.75978485731702,56.58246304930934,13839000,AVGO,-0.01956365585446984,55.95445850917271,2022,3
2022-03-24,58.29762649536133,58.37114514486563,56.02409003883298,56.45497059934464,26016000,AVGO,0.045130094389042696,56.45502471923828,2022,3
2022-03-25,58.52470016479492,58.66801697723576,57.70574238645608,58.35811611458502,14538000,AVGO,0.0038950757189344376,56.798400333949495,2022,3
2022-03-28,58.89787673950195,58.93696668999001,57.306495779963456,58.24643673273072,14427000,AVGO,0.006376394473721847,57.25385175432478,2022,3
2022-03-29,59.69729995727539,60.05465832033279,58.629861275309004,59.560493993964705,23001000,AVGO,0.013573039675253362,57.721295492989675,2022,3
2022-03-30,58.73129653930664,59.959731343913575,58.38137917679215,59.45532862187166,18626000,AVGO,-0.0161816936219914,58.117479596819194,2022,3
2022-03-31,58.6000862121582,59.467438814935406,58.448394737634864,58.67453854204431,21731000,AVGO,-0.0022340785046457423,58.36130632672991,2022,3
2022-04-01,58.34880447387695,59.055153566291025,57.5773078334027,58.787129503109306,16267000,AVGO,-0.004288077962402603,58.72824151175363,2022,4
2022-04-04,59.08121871948242,59.255247293499366,58.119874240566865,58.29669317910468,16484000,AVGO,0.012552343654845144,58.84018325805664,2022,4
2022-04-05,57.152008056640625,58.840178376005326,57.04777765986955,58.587977026652,19778000,AVGO,-0.032653535330773864,58.64408438546317,2022,4
2022-04-06,56.02408981323242,56.91656624069671,55.2581773609926,56.03153433529479,23742000,AVGO,-0.01973540881171454,58.233543395996094,2022,4
2022-04-07,56.12179946899414,56.54895949342814,55.20884982167921,55.82213707693209,16583000,AVGO,0.0017440650278737202,57.72275761195591,2022,4
2022-04-08,54.62813949584961,55.70674315045474,54.53228373257143,55.594134550359044,20464000,AVGO,-0.026614612989552144,57.13659232003348,2022,4
2022-04-11,54.03346633911133,54.84032543526224,53.92365165134327,54.216799675862305,23512000,AVGO,-0.010885839463441016,56.484218052455354,2022,4
2022-04-12,54.44852828979492,55.7067448295261,54.178643950119444,54.82450328226646,17350000,AVGO,0.007681571788836994,55.927035740443635,2022,4
2022-04-13,55.14370346069336,55.531777069535174,54.53972099532318,54.76772497951428,20266000,AVGO,0.01276756585960337,55.36453356061663,2022,4
2022-04-14,53.404354095458984,55.56435527292506,53.3122223701405,55.37171362901777,27385000,AVGO,-0.03154212096897313,54.82915442330496,2022,4
2022-04-18,54.58161163330078,55.02087040028214,53.311296380879114,53.311296380879114,21375000,AVGO,0.022044223879900793,54.62308611188616,2022,4
2022-04-19,55.61647033691406,55.716976705171206,53.91713489042736,53.91713489042736,16581000,AVGO,0.018959841467595995,54.550896235874724,2022,4
2022-04-20,55.62577819824219,57.087801402327905,55.38474537521559,56.22882709160261,13920000,AVGO,0.00016735800153688807,54.69341605050223,2022,4
2022-04-21,55.161376953125,57.314863258946524,54.968738901465436,56.35351904282963,20352000,AVGO,-0.00834866963051073,54.854546138218474,2022,4
2022-04-22,54.62348175048828,55.72069841279356,54.5592678720286,54.91756342142168,21064000,AVGO,-0.00975130122465595,54.879539489746094,2022,4
2022-04-25,54.71002960205078,54.79192643825478,53.15029052897722,54.115355405833725,26959000,AVGO,0.0015844440667081017,54.81758608136858,2022,4
2022-04-26,52.121944427490234,54.48482216284495,52.088442304259296,54.330336797313784,35809000,AVGO,-0.04730549760959246,54.63438470023019,2022,4
2022-04-27,52.0726203918457,53.05350804591093,51.65011448387153,51.72363313181955,19313000,AVGO,-0.0009463199461630101,54.27595738002232,2022,4
2022-04-28,53.87803649902344,54.443859074245424,51.926500119605755,52.66821501277852,22334000,AVGO,0.03467112070781164,54.02760968889509,2022,4
2022-04-29,51.59333801269531,53.816619154044346,51.501206297566036,53.28988291140887,26108000,AVGO,-0.0424050064699284,53.451546805245535,2022,4
2022-05-02,53.63701248168945,53.75706560159652,51.77854105239433,51.84926933426169,26725000,AVGO,0.03961120849539257,53.23378045218332,2022,5
2022-05-03,54.085575103759766,54.6048668425302,53.21077819175195,53.605369763604706,17064000,AVGO,0.008362930769558519,53.15693664550781,2022,5
2022-05-04,56.17857360839844,56.2167298892199,53.4164536460378,54.1432796745065,23896000,AVGO,0.03869790606133683,53.36672864641462,2022,5
2022-05-05,53.975765228271484,55.63973478169026,53.44530488556509,55.30098596357081,32806000,AVGO,-0.03921082787686947,53.63156018938337,2022,5
2022-05-06,53.98599624633789,54.90546385121923,52.993013550039656,53.50579089789299,20745000,AVGO,0.00018954836532913966,53.90489959716797,2022,5
2022-05-09,52.387168884277344,53.7905622715899,52.140551819243235,53.31407742626906,30074000,AVGO,-0.029615594287916935,53.6919185093471,2022,5
2022-05-10,54.106056213378906,55.014355376372535,53.213579766434975,54.02229912570548,29271000,AVGO,0.03281122774354461,54.0508782523019,2022,5
2022-05-11,52.777099609375,54.41315459406135,52.66077054408651,53.47228363717418,26660000,AVGO,-0.024562067483959282,53.92803355625698,2022,5
2022-05-12,53.192176818847656,53.382024562644965,51.95350345124489,52.43184862196757,25518000,AVGO,0.00786472186885634,53.80040522984096,2022,5
2022-05-13,54.74353790283203,55.05529899811852,53.37178269342399,53.70216041837276,19449000,AVGO,0.029165211442045758,53.59540012904576,2022,5
2022-05-16,54.22517395019531,54.82729626087161,53.75799735713508,54.38431347675471,14189000,AVGO,-0.009468952363962946,53.63102994646345,2022,5
2022-05-17,56.59641647338867,56.67552293711477,55.24327809909222,55.414512725101496,24676000,AVGO,0.04372955124812128,54.00394712175642,2022,5
2022-05-18,53.0991096496582,55.9049666945593,52.690562657912295,55.83796244605423,35024000,AVGO,-0.06179378557253501,54.10565294538225,2022,5
2022-05-19,50.83208465576172,52.18522674904667,50.1573774020843,51.92930134933077,34884000,AVGO,-0.042694218582082666,53.63794272286551,2022,5
2022-05-20,50.5510368347168,51.649183682483056,47.6893406301571,51.547743641012545,40281000,AVGO,-0.005528945408164843,53.3199337550572,2022,5
2022-05-23,48.98478698730469,49.84189753622892,47.85871865986935,48.765157601138085,58586000,AVGO,-0.030983535560965225,52.71887806483677,2022,5
2022-05-24,48.78376770019531,49.218375869891084,48.03833207875302,49.01270540458946,25060000,AVGO,-0.004103708507734671,51.86748232160296,2022,5
2022-05-25,49.475223541259766,50.01685244318351,48.755845586517474,48.755845586517474,17842000,AVGO,0.014173891719759135,51.18891797746931,2022,5
2022-05-26,51.246212005615234,51.610088240989484,49.11133865171151,49.46684024524643,39743000,AVGO,0.03579546159864355,50.42460305350168,2022,5
2022-05-27,54.28194046020508,54.48482053663374,52.116358593085145,52.30993035495519,37301000,AVGO,0.05923810435505383,50.5935788835798,2022,5
2022-05-31,53.988792419433594,54.63092767038671,53.604439260251546,54.395479143395114,30009000,AVGO,-0.005400470916959832,51.04453713553293,2022,5
2022-06-01,53.38294982910156,54.994807687017975,52.89995054459181,54.68211292851281,18345000,AVGO,-0.011221636254156286,51.449096134730745,2022,6
2022-06-02,53.673301696777344,53.7691574462105,52.87202701133755,53.76729720352678,29488000,AVGO,0.005439037531745683,52.1188839503697,2022,6
2022-06-03,52.42439270019531,53.00882839917515,52.20662360754396,52.940894041688004,20562000,AVGO,-0.02326871940238806,52.638973236083984,2022,6
2022-06-06,52.229896545410156,53.2991918272359,51.88649358492741,53.18751690474047,14557000,AVGO,-0.0037100316239702114,53.032497950962615,2022,6
2022-06-07,53.32432174682617,53.46856867623866,51.88556228832924,52.16568505393817,15895000,AVGO,0.02095399902744388,53.3293707711356,2022,6
2022-06-08,52.61425018310547,53.62957009942166,52.31458775723598,53.21543882792089,24004000,AVGO,-0.013316091803136088,53.091129302978516,2022,6
2022-06-09,51.76364517211914,53.38480406194563,51.736653902932076,52.223377168496356,18787000,AVGO,-0.016166818077347767,52.77325112479074,2022,6
2022-06-10,50.372352600097656,51.28158180994949,50.22810567486993,51.19317057186446,24018000,AVGO,-0.026877793621281953,52.343165806361604,2022,6
2022-06-13,48.171417236328125,49.60272884503573,48.022516126383806,49.023877244536195,31619000,AVGO,-0.04369332084293531,51.55718231201172,2022,6
2022-06-14,48.40871047973633,48.85541721596708,47.889418780229946,48.85541721596708,24380000,AVGO,0.004926017481363454,50.983513423374724,2022,6
2022-06-15,49.01734924316406,49.67995775604486,47.97596833401813,49.24442310657069,19141000,AVGO,0.012572918332177219,50.52457809448242,2022,6
2022-06-16,46.26919174194336,47.87453515996492,45.813183740941874,47.64373724512562,37244000,AVGO,-0.056064996244242216,49.516702379499165,2022,6
2022-06-17,46.406002044677734,46.565138024203044,45.402777248219955,46.06631954057475,43504000,AVGO,0.002956833642078882,48.6298097882952,2022,6
2022-06-21,47.271156311035156,47.94113744373401,47.18858409221335,47.300247017744226,21901000,AVGO,0.01864315451101528,47.9880256652832,2022,6
2022-06-22,46.55145263671875,47.27116406944161,46.373164196017974,46.57115786210539,24721000,AVGO,-0.015225006758474269,47.44218281337193,2022,6
2022-06-23,46.59648895263672,47.08161329709063,46.07382982661779,47.08161329709063,16707000,AVGO,0.0009674524288088016,47.21719305855887,2022,6
2022-06-24,47.77035140991211,48.024643593174304,47.05345370465198,47.38656676424521,21201000,AVGO,0.025192079567809778,47.12599890572684,2022,6
2022-06-27,47.45319366455078,48.2348376834434,47.1820133103414,48.212318964765345,13207000,AVGO,-0.006639217338801462,46.902548108782085,2022,6
2022-06-28,46.77195358276367,48.24515954229671,46.740049380965374,48.100654591483604,15667000,AVGO,-0.014356042853571283,46.97437122889927,2022,6
2022-06-29,46.01752471923828,46.53549106964685,45.666582050967705,46.493267127714624,14444000,AVGO,-0.016129941251874724,46.91887446812221,2022,6
2022-06-30,45.58588409423828,46.32999334980895,45.10732462332109,45.79419745885821,18890000,AVGO,-0.009379918360092665,46.67812129429409,2022,6
2022-07-01,44.83802032470703,45.441375957799316,44.048870044456756,44.98534236098641,21315000,AVGO,-0.016405599768235635,46.43334524972098,2022,7
2022-07-05,44.69351577758789,44.75263144324829,43.53090052723962,44.29002585542187,20711000,AVGO,-0.0032228128287705715,46.161491938999724,2022,7
2022-07-06,45.28561019897461,45.702236902177006,44.61844262666397,45.09043366090658,22975000,AVGO,0.013247881959727925,45.80652890886579,2022,7
2022-07-07,46.780399322509766,47.047828348150816,45.80170308668541,45.80170308668541,21319000,AVGO,0.03300803758561255,45.710415431431365,2022,7
2022-07-08,46.79447555541992,46.88268192761721,45.979051636677184,46.259617486007414,12713000,AVGO,0.00030090022988282783,45.71363285609654,2022,7
2022-07-11,45.30906677246094,46.13105903068531,45.132657622137074,45.93119333019055,21449000,AVGO,-0.0317432509997847,45.61242457798549,2022,7
2022-07-12,45.16925811767578,46.22302036065213,45.0472718768486,45.77449300008964,21159000,AVGO,-0.0030856661755419568,45.55290658133371,2022,7
2022-07-13,45.20303726196289,45.56993023158798,44.31723654550692,44.56965309547914,17665000,AVGO,0.0007478348260470113,45.60505185808454,2022,7
2022-07-14,45.47609329223633,45.66751491797308,44.424203234351566,45.270593441206046,19957000,AVGO,0.006040656708331538,45.71684864589146,2022,7
2022-07-15,46.39754867553711,46.42382230174756,45.615904716262826,46.05692936723535,18714000,AVGO,0.02026241298651943,45.875696999686106,2022,7
2022-07-18,46.07851791381836,47.143544943897886,45.809213200380455,46.93241448715956,18042000,AVGO,-0.006876026230389187,45.7754282270159,2022,7
2022-07-19,47.76191711425781,47.9824258989275,46.53174204914385,46.617131349312594,27257000,AVGO,0.036533275735733284,45.91363416399275,2022,7
2022-07-20,48.02183532714844,48.56983381189424,47.33684169560826,47.8125841176139,27412000,AVGO,0.005441955193482784,46.3011725289481,2022,7
2022-07-21,48.5764045715332,48.58859997516323,47.482290373249654,48.09503155123231,13912000,AVGO,0.011548272584893216,46.78790773664202,2022,7
2022-07-22,48.09220504760742,48.774385080732436,47.5442102232502,48.68242738837923,17867000,AVGO,-0.00996779255683189,47.2006459917341,2022,7
2022-07-25,48.14756774902344,48.167272968147046,47.53013397030407,47.89890613919987,15061000,AVGO,0.0011511782701834061,47.58228519984654,2022,7
2022-07-26,47.95802307128906,48.494756743449734,47.75439888875314,48.290198307993194,17958000,AVGO,-0.003936744608209586,47.80521011352539,2022,7
2022-07-27,49.52506637573242,49.750271461231485,48.50602186519348,48.62519102527351,25699000,AVGO,0.032675310700650995,48.29757417951311,2022,7
2022-07-28,50.07118225097656,50.344241832974326,48.84851362241352,49.600132637000144,14867000,AVGO,0.01102705993568831,48.62746919904436,2022,7
2022-07-29,50.24665832519531,50.46717067487266,49.75777910985404,49.91823796153554,18482000,AVGO,0.0035045322744566842,48.9453010559082,2022,7
2022-08-01,50.330169677734375,50.651083787065694,49.77372717024692,49.8666262799195,11485000,AVGO,0.0016620279899726143,49.195838928222656,2022,8
2022-08-02,49.845977783203125,50.59571756244641,49.47251643202749,50.03458591346675,13072000,AVGO,-0.009620311189720732,49.44637789045061,2022,8
2022-08-03,51.30323791503906,51.42146924658315,50.119041775486984,50.22882903463893,19228000,AVGO,0.029235260228499316,49.897187914167134,2022,8
2022-08-04,51.87187194824219,51.90471398230983,51.14089954748432,51.45993798393282,16293000,AVGO,0.011083784500011795,50.45630918230329,2022,8
2022-08-05,51.744266510009766,51.796813772427505,50.97857271547448,51.13058750705189,14357000,AVGO,-0.0024600122077673703,50.77333777291434,2022,8
2022-08-08,51.189697265625,51.88970332178407,50.55255820287621,51.54814615551354,13722000,AVGO,-0.010717501315386957,50.93312563214983,2022,8
2022-08-09,49.99517059326172,50.60979084806718,49.52130752246205,50.585392888446,20072000,AVGO,-0.023335294720827182,50.897198813302175,2022,8
2022-08-10,51.647605895996094,51.70484588972822,50.599470772196995,51.2394232804464,19519000,AVGO,0.033051898475911834,51.08540398733957,2022,8
2022-08-11,51.18031692504883,52.33823950513742,51.06959182668327,51.979790579225664,14268000,AVGO,-0.009047640502219179,51.276023864746094,2022,8
2022-08-12,52.38139724731445,52.39828539066151,51.20095253838987,51.40363531514708,18399000,AVGO,0.023467621820797868,51.430046626499724,2022,8
2022-08-15,52.44990158081055,52.52778463938722,51.65605851468396,52.00606336198734,14329000,AVGO,0.0013077988960976672,51.5126222882952,2022,8
2022-08-16,51.76395797729492,52.354176690032915,51.234730583793876,52.314766253692824,14782000,AVGO,-0.013078072271666352,51.51543535505022,2022,8
2022-08-17,50.538490295410156,51.112758861811926,49.83003649321564,51.08085465484363,19022000,AVGO,-0.023674149538995604,51.42240578787668,2022,8
2022-08-18,52.40203857421875,52.600028602630864,50.82373460297078,50.99076184309528,23459000,AVGO,0.03687384146055184,51.766244070870535,2022,8
2022-08-19,51.461814880371094,52.13273380339101,51.4092676246054,51.68983345935821,16923000,AVGO,-0.017942502227580093,51.73970249720982,2022,8
2022-08-22,49.61514663696289,50.96073578875655,49.45562920754943,50.91194344335814,18555000,AVGO,-0.03588424247572686,51.51610674176897,2022,8
2022-08-23,49.71179962158203,50.4474648062614,49.630161658225575,50.09370507106803,9003000,AVGO,0.0019480539950098574,51.13473565237863,2022,8
2022-08-24,49.81126403808594,49.8544293912462,49.11688853446655,49.69115704248602,11883000,AVGO,0.0020008210779141056,50.7577874319894,2022,8
2022-08-25,51.621334075927734,51.65417610962578,49.94450753337892,50.05617044795229,17345000,AVGO,0.03633856865101448,50.73741258893694,2022,8
2022-08-26,48.87479019165039,51.70203303720496,48.79409364208316,51.500288083773505,25682000,AVGO,-0.053205596744895445,50.49974114554269,2022,8
2022-08-29,48.247982025146484,49.05120705552969,48.043423542063934,48.794101307819915,16580000,AVGO,-0.01282477457286324,49.90630449567522,2022,8
2022-08-30,47.51700210571289,48.59797935236492,47.04782812752429,48.49757400196064,18282000,AVGO,-0.015150476532937995,49.342759813581196,2022,8
2022-08-31,46.83387756347656,47.87075147897776,46.59272220145567,47.87075147897776,32445000,AVGO,-0.014376423426641138,48.945435660226,2022,8
2022-09-01,46.167659759521484,46.28776675615981,45.11952450826525,46.116988166137325,31930000,AVGO,-0.014225125883546963,48.439129965645925,2022,9
2022-09-02,46.938045501708984,48.776268985909596,46.75788499584128,48.60642821814399,40426000,AVGO,0.0166866968393089,48.028670174734934,2022,9
2022-09-06,46.74849319458008,47.29273670758678,46.01376588382633,46.77945956372994,24738000,AVGO,-0.004038351088180847,47.332550048828125,2022,9
2022-09-07,47.398773193359375,47.80226312151818,46.83107308037165,47.19045982188682,20440000,AVGO,0.013910180935087002,47.121690477643696,2022,9
2022-09-08,48.03684997558594,48.11285378689502,46.7954138230506,47.16136897083921,22535000,AVGO,0.013461883910445893,47.0915287562779,2022,9
2022-09-09,49.0192985534668,49.354287311657,48.366205601625396,48.366205601625396,23019000,AVGO,0.020451977562645718,47.30614253452846,2022,9
2022-09-12,49.64423370361328,49.85067139274239,49.22198000059576,49.42747627773567,18157000,AVGO,0.012748757501392038,47.70762198311942,2022,9
2022-09-13,47.25989532470703,48.63175811579404,47.07503851924614,48.21606923601996,35136000,AVGO,-0.048028506052510744,47.86365563528879,2022,9
2022-09-14,47.92612075805664,48.13724760837537,47.177318802459595,47.58643926899479,20605000,AVGO,0.014097056897231619,48.00480924333845,2022,9
2022-09-15,46.93052673339844,48.0021183155836,46.662159921677855,47.7553359659317,36574000,AVGO,-0.020773515755306282,48.030814034598215,2022,9
2022-09-16,47.151981353759766,47.26364426557478,45.9659096810588,46.70345046211107,59012000,AVGO,0.004718775512990936,47.995558057512554,2022,9
2022-09-19,47.090057373046875,47.235503756741934,46.39380614639549,46.39380614639549,17948000,AVGO,-0.0013132848065980918,47.86030197143555,2022,9
2022-09-20,46.26618194580078,46.807608376329746,45.95277408665116,46.54205502936628,17132000,AVGO,-0.017495740570442786,47.46699959891183,2022,9
2022-09-21,45.620872497558594,47.29945853636196,45.58586006951131,46.458272319175656,20669000,AVGO,-0.013947756678909573,46.89223371233259,2022,9
2022-09-22,45.192230224609375,45.72210894893081,44.756022363876944,45.648304927975765,23540000,AVGO,-0.009395749127160125,46.59685298374721,2022,9
2022-09-23,44.347251892089844,45.22817876453343,43.715180291771304,44.94052828956549,29649000,AVGO,-0.0186974249405244,46.08558600289481,2022,9
2022-09-26,43.73979187011719,44.78441464543808,43.64990017573319,44.37564638676858,19361000,AVGO,-0.013697805299205168,45.62976673671177,2022,9
2022-09-27,43.97539520263672,44.46175025787564,43.19571544382403,44.429582142126364,17850000,AVGO,0.005386475848333738,45.17596871512277,2022,9
2022-09-28,44.08988571166992,44.353879366381705,43.18056982268406,43.652732172937675,27605000,AVGO,0.0026035129077439656,44.74737276349749,2022,9
2022-09-29,42.5920295715332,43.655577082598754,42.09526463089886,43.61110408452022,39997000,AVGO,-0.03397278346176935,44.22249385288784,2022,9
2022-09-30,42.012939453125,43.319664299523296,41.97792703392815,42.490775956023725,27202000,AVGO,-0.01359620859192967,43.70707484654018,2022,9
2022-10-03,43.22126770019531,43.61583970779257,42.29302689149981,42.50781910892932,21479000,AVGO,0.02876085945898832,43.42550877162388,2022,10
2022-10-04,45.405128479003906,45.433513808609526,44.08042441797611,44.33022542518449,27277000,AVGO,0.05052745777742951,43.576633998325896,2022,10
2022-10-05,45.872554779052734,46.18385850984081,44.61030288437373,44.713441533611814,18493000,AVGO,0.01029457058501615,43.88131441388811,2022,10
2022-10-06,45.371070861816406,46.33621189021967,45.29726683017777,45.776998450121866,17250000,AVGO,-0.010932112232504787,44.08069665091379,2022,10
2022-10-07,43.57136535644531,44.78819876629975,43.433217873241084,44.69736137277644,28425000,AVGO,-0.03966636606070717,44.006622314453125,2022,10
2022-10-10,41.41588592529297,43.53540831570966,40.86140097624879,43.52594774134976,33454000,AVGO,-0.04947009150433923,43.838601793561665,2022,10
2022-10-11,40.75920104980469,41.5104953489602,40.269059683926464,41.179321189263845,28046000,AVGO,-0.015855869331705907,43.65949630737305,2022,10
2022-10-12,40.741233825683594,41.22853463485292,40.499001965868004,40.900197468507635,15046000,AVGO,-0.0004408139428233593,43.30520575387137,2022,10
2022-10-13,41.44143295288086,41.990236487871464,39.274596925637184,39.496958316622376,27980000,AVGO,0.017186497841306325,42.73896353585379,2022,10
2022-10-14,40.412899017333984,42.0082205463199,40.34760985886055,41.94387708441435,22816000,AVGO,-0.02481897613715056,41.95901271275112,2022,10
2022-10-17,41.195411682128906,41.750842270507604,41.008062730945134,41.59093295262568,24120000,AVGO,0.019362943115248443,41.36248997279576,2022,10
2022-10-18,41.144317626953125,42.44252410801918,40.70243197956554,42.41035238418551,20341000,AVGO,-0.0012402850970402168,41.01576886858259,2022,10
2022-10-19,41.18878936767578,41.472657110727255,40.77056415298495,40.99292553392874,12702000,AVGO,0.0010808719961252766,40.98332650320871,2022,10
2022-10-20,40.71568298339844,41.84073690414984,40.51130065430637,41.17270703688062,23402000,AVGO,-0.011486290117782127,40.97710963657924,2022,10
2022-10-21,42.55417251586914,42.6421728000173,40.60875261649401,40.88504752012014,26980000,AVGO,0.04515433360703636,41.23610087803432,2022,10
2022-10-24,43.196659088134766,43.411451275405355,42.684755816272386,42.83804164511303,25287000,AVGO,0.015098086375102904,41.48684746878488,2022,10
2022-10-25,43.532562255859375,43.929025572310195,43.225987010655075,43.33574914206636,18246000,AVGO,0.007776137664703642,41.93251364571707,2022,10
2022-10-26,43.637596130371094,44.63869153953837,43.08500624913799,43.33575294961549,29291000,AVGO,0.002412765733714295,42.2813971383231,2022,10
2022-10-27,43.09068298339844,44.54501597632876,43.044318595638764,44.09840185205626,18512000,AVGO,-0.01253307229249534,42.559449332101,2022,10
2022-10-28,44.74656295776367,44.882815427840974,43.11433792023881,43.23829272777629,23094000,AVGO,0.038427795980936263,43.06770270211356,2022,10
2022-10-31,44.4835205078125,44.73805002920716,44.000002489661405,44.174108103486226,19259000,AVGO,-0.0058784950745705,43.60596520560129,2022,10
2022-11-01,44.273460388183594,45.118429385197174,43.82590049422774,45.02097211196776,16324000,AVGO,-0.004722200878683025,43.85157775878906,2022,11
2022-11-02,43.150291442871094,45.46094871450736,43.1209568104046,44.498648601849915,21070000,AVGO,-0.025368899007773726,43.84495380946568,2022,11
2022-11-03,42.023345947265625,42.85033929313554,41.762193003460204,42.66866815086148,23887000,AVGO,-0.02611675281724324,43.629351479666575,2022,11
2022-11-04,44.027435302734375,44.36712799015221,42.89008383394999,43.2288308250114,28891000,AVGO,0.047689904511260206,43.68504279000418,2022,11
2022-11-07,44.96609115600586,45.20453662805886,43.67450790618999,44.16653721405303,17687000,AVGO,0.021319794051532837,43.952958243233816,2022,11
2022-11-08,45.61802291870117,46.25104388504638,44.803330800497825,45.536649720324625,20743000,AVGO,0.014498297404448524,44.07745252336775,2022,11
2022-11-09,44.4220085144043,45.32375528251962,44.38037621637272,45.27644158713225,23695000,AVGO,-0.026218023662015533,44.068665095738005,2022,11
2022-11-10,47.932472229003906,47.98924288708098,46.09870561683542,46.45921084611477,33970000,AVGO,0.07902532622903147,44.59138107299805,2022,11
2022-11-11,49.02251434326172,49.10862325340445,47.50005495777414,47.764994344279685,26728000,AVGO,0.022741203688597222,45.43027005876814,2022,11
2022-11-14,48.56170654296875,49.678241948992714,48.54089039294599,48.767038172966096,21608000,AVGO,-0.009399921780150589,46.36432157244001,2022,11
2022-11-15,49.62146759033203,50.392632437323094,48.81623601726524,50.145668525678516,23315000,AVGO,0.021822977873019678,47.16346904209682,2022,11
2022-11-16,48.420719146728516,49.0650921110094,48.283517372443946,48.89288152325542,25405000,AVGO,-0.024198164663663868,47.65698732648577,2022,11
2022-11-17,48.4566764831543,48.51628784393101,47.60792115726152,47.78391815030493,20375000,AVGO,0.0007426022797558662,48.06250926426479,2022,11
2022-11-18,48.745269775390625,48.988447295514334,48.351643512984985,48.90707409319184,14536000,AVGO,0.005955697195548559,48.68011801583426,2022,11
2022-11-21,48.96101379394531,49.28367316405393,48.36205944845512,48.53521575393163,18622000,AVGO,0.004425947780139383,48.827052525111604,2022,11
2022-11-22,50.1541862487793,50.17594809327869,49.1095635698881,49.48426506526664,18920000,AVGO,0.02436984781106677,48.98871994018555,2022,11
2022-11-23,50.49388122558594,51.23571512279096,50.035915084044774,50.18257744415023,13964000,AVGO,0.0067730134254726515,49.264744894845144,2022,11
2022-11-25,50.14093780517578,50.5828198232635,50.1002512064069,50.214741822655135,7455000,AVGO,-0.00698982553615457,49.33895492553711,2022,11
2022-11-28,49.41236114501953,50.032131655275144,48.84746990861849,49.69906239751856,23505000,AVGO,-0.014530575055998307,49.480618068150115,2022,11
2022-11-29,49.33476257324219,49.75677415722451,48.71404646893564,49.487102705490756,12694000,AVGO,-0.0015704283296562593,49.60605893816267,2022,11
2022-11-30,52.139347076416016,52.19895843164371,48.99790987029684,49.592132029892035,47349000,AVGO,0.05684803892610524,50.09092712402344,2022,11
2022-12-01,52.11286163330078,52.27087957665172,51.281136004065985,52.139355573275104,23006000,AVGO,-0.0005079741999149956,50.54119110107422,2022,12
2022-12-02,51.17136764526367,51.35114740210972,50.72475353732553,50.8165366131398,19320000,AVGO,-0.01806644192103779,50.68650272914341,2022,12
2022-12-05,50.21001434326172,51.046471983281506,49.722713590537786,50.8846676601329,18548000,AVGO,-0.01878693781777263,50.64595031738281,2022,12
2022-12-06,49.75393295288086,50.48724822471668,49.368821606224856,50.21095331182521,19655000,AVGO,-0.009083474608528319,50.59066390991211,2022,12
2022-12-07,49.061309814453125,49.676351804414395,48.82948785003382,49.165394176710734,16524000,AVGO,-0.013920972621072614,50.540513719831196,2022,12
2022-12-08,50.25165557861328,50.37844749111558,49.23920084301579,49.27989105936328,27514000,AVGO,0.024262413063613097,50.67149843488421,2022,12
2022-12-09,51.54228973388672,52.29169280225364,51.19029574289843,52.13083777841803,37028000,AVGO,0.025683415609150995,50.586204528808594,2022,12
2022-12-12,52.66923141479492,52.69194256751378,51.307627062542984,51.54512681247863,23416000,AVGO,0.021864408560943183,50.6656859261649,2022,12
2022-12-13,54.03273391723633,55.05464561090796,53.46405629356301,54.48502590026627,40414000,AVGO,0.025888027332375163,51.07445253644671,2022,12
2022-12-14,54.35443115234375,55.41513773872769,53.71951887063987,53.79710927426642,35218000,AVGO,0.0059537471415045395,51.66651208060129,2022,12
2022-12-15,52.798858642578125,53.602195202417924,52.770473314097806,53.34577072116532,36876000,AVGO,-0.02861905601413972,52.10150146484375,2022,12
2022-12-16,52.60110092163086,52.96917894134673,52.1242100674439,52.74681757152132,49549000,AVGO,-0.003745492346453716,52.60718590872629,2022,12
2022-12-19,52.4408073425293,53.09437108873247,52.06774738517565,52.85966131137011,25092000,AVGO,-0.003047342665705388,52.919921875,2022,12
2022-12-20,51.905555725097656,52.38070413091435,51.609779955275876,52.01527647027759,29831000,AVGO,-0.01020677683193394,52.97181701660156,2022,12
2022-12-21,53.547584533691406,53.61246485307417,52.18511238523509,52.253807053025405,25619000,AVGO,0.031634933595360515,53.09729603358677,2022,12
2022-12-22,52.77093505859375,52.94744694254875,52.20896652638722,52.79574288177946,27553000,AVGO,-0.014503912396067076,52.91703905378069,2022,12
2022-12-23,52.70796585083008,52.82150459036184,52.2328174177994,52.47611679659342,13761000,AVGO,-0.0011932554860693,52.68182972499302,2022,12
2022-12-27,52.813865661621094,53.249895131026584,52.18415248424888,52.62399630160042,16677000,AVGO,0.002009180378744313,52.683973584856304,2022,12
2022-12-28,51.988555908203125,53.21745287223619,51.75575330511925,52.632583783857584,15410000,AVGO,-0.01562676284113973,52.59646715436663,2022,12
2022-12-29,53.221275329589844,53.67829468321133,52.52382100101287,52.6526280516286,18176000,AVGO,0.023711361084223004,52.70796258108957,2022,12
2022-12-30,53.34721374511719,53.396829387237226,52.28624263738833,52.64975947189706,14376000,AVGO,0.0023663171306480546,52.91391372680664,2022,12
2023-01-03,52.808143615722656,54.152486606967415,52.55148675505354,53.90728007010199,20173000,AVGO,-0.010104935038783958,52.80827930995396,2023,1
2023-01-04,53.45313262939453,54.208792283773185,53.051454022058316,53.715514706584756,17074000,AVGO,0.012213817216627953,52.905736105782644,2023,1
2023-01-05,52.955074310302734,53.41495802460663,52.582971556012616,53.02090821049053,16277000,AVGO,-0.009317663803634746,52.94103731427874,2023,1
2023-01-06,56.142765045166016,56.38797159938553,53.64967341935682,53.727911238143875,35261000,AVGO,0.06019613372996613,53.41659436907087,2023,1
2023-01-09,55.041717529296875,57.40600557832267,53.48365456938965,56.51200316574409,37739000,AVGO,-0.019611565532680175,53.852760314941406,2023,1
2023-01-10,54.85471725463867,54.87379991609323,52.47516432990196,54.575163361638076,44635000,AVGO,-0.003397428042805295,54.08610916137695,2023,1
2023-01-11,55.16097640991211,55.18005906799861,54.08569428623415,54.67056337998815,22502000,AVGO,0.005583096050823855,54.34521811349051,2023,1
2023-01-12,55.52354431152344,55.82599882622344,54.74308063637084,54.917681695085506,19514000,AVGO,0.006572905796971673,54.73313249860491,2023,1
2023-01-13,55.2430419921875,55.52259588538151,55.02073244375127,55.0665301033448,19647000,AVGO,-0.00505195269527714,54.98883383614676,2023,1
2023-01-17,55.26593780517578,55.84985340278962,54.817504369509535,54.851855343194835,15835000,AVGO,0.0004144560502572503,55.3189571925572,2023,1
2023-01-18,54.79364776611328,56.05975288913287,54.739264189874916,55.64471324589974,15703000,AVGO,-0.008545770827728005,55.126226152692524,2023,1
2023-01-19,53.73744583129883,54.39005967989734,53.459799142510946,54.30037154470371,22692000,AVGO,-0.019275992343544157,54.939901624407085,2023,1
2023-01-20,54.45875930786133,54.51410011704767,53.345311690110364,53.71932529700267,22950000,AVGO,0.013422920747423683,54.883336203438894,2023,1
2023-01-23,55.49396514892578,55.79546607785813,54.36334576454249,54.57515855649964,23429000,AVGO,0.01900898687780095,54.93090602329799,2023,1
2023-01-24,55.81836700439453,55.97674981596031,54.92150376990649,55.18961097296674,13825000,AVGO,0.005845714116808454,54.973023550851,2023,1
2023-01-25,55.88038635253906,56.003464602739996,54.960622472318846,55.116140882326995,13766000,AVGO,0.001111092127429103,55.06407274518694,2023,1
2023-01-26,57.11118698120117,57.30009912584588,55.935719886974454,56.331676888667914,24525000,AVGO,0.02202562847180789,55.327679770333425,2023,1
2023-01-27,56.38701629638672,57.17511234329118,56.31068929378832,56.60932583425855,19344000,AVGO,-0.012680014601216816,55.55530384608677,2023,1
2023-01-30,55.4767951965332,56.25534808782015,55.31555162945657,55.624681265276315,16984000,AVGO,-0.016142388082198367,55.80378232683454,2023,1
2023-01-31,55.81645584106445,56.028268632753495,55.40905215631442,55.53594838599066,23719000,AVGO,0.00612257148827644,55.99773897443499,2023,1
2023-02-01,57.50904846191406,58.038580417761914,55.59605467222627,55.67906041684835,26553000,AVGO,0.030324258237914847,56.2856080191476,2023,2
2023-02-02,57.79719543457031,58.50037494247008,57.22281934077544,57.97466090882334,24188000,AVGO,0.005010463229053075,56.568297794886995,2023,2
2023-02-03,57.019596099853516,58.01377982302016,56.888881871858295,57.05585060854262,19093000,AVGO,-0.013453928497224155,56.73104204450335,2023,2
2023-02-06,57.37070083618164,57.55388780689309,56.508185051769274,56.61122704036104,18709000,AVGO,0.006157615282178952,56.7681154523577,2023,2
2023-02-07,58.62535858154297,58.869611527855646,57.21995328294987,57.30964141871463,24025000,AVGO,0.02186931181029017,57.08787863595145,2023,2
2023-02-08,57.409828186035156,58.21796051427438,57.305828955518,57.884019400003375,15290000,AVGO,-0.020733867133914563,57.3640262058803,2023,2
2023-02-09,57.19038009643555,58.67115887296374,56.81541291738725,58.4488493372652,18837000,AVGO,-0.0038224829534151405,57.56030109950474,2023,2
2023-02-10,56.60264587402344,57.09973770611764,56.25725809644441,56.89460365903312,21035000,AVGO,-0.010276802172341948,57.430815015520366,2023,2
2023-02-13,57.3535270690918,57.38787439965094,56.62363264604092,56.7696115306511,19847000,AVGO,0.013265832073284134,57.36743382045201,2023,2
2023-02-14,57.46706771850586,57.77906174428729,56.60932345427851,56.69042202851892,17571000,AVGO,0.001979662894616485,57.431358337402344,2023,2
2023-02-15,57.98038101196289,58.03667176413796,56.931810157871375,57.13790142588901,12683000,AVGO,0.008932303558125243,57.518455505371094,2023,2
2023-02-16,57.29819869995117,58.09965230780634,57.20374261650442,57.318234949156405,17449000,AVGO,-0.011765743862065414,57.328861236572266,2023,2
2023-02-17,56.82591247558594,57.32777594551969,56.52632231690167,57.24667735944212,14215000,AVGO,-0.008242601601464283,57.24544470650809,2023,2
2023-02-21,55.485382080078125,56.58737935130929,55.323184923120024,56.292560795795424,22737000,AVGO,-0.023590125298625697,57.00187356131418,2023,2
2023-02-22,54.97303009033203,55.63327273660892,54.58470537321478,55.553127738615416,23475000,AVGO,-0.009233999488489686,56.76907130650112,2023,2
2023-02-23,55.701011657714844,55.905192119747085,54.735450154434346,55.887063046476925,18939000,AVGO,0.013242522127424827,56.53299767630441,2023,2
2023-02-24,55.12377166748047,55.36134222191733,54.72876826435936,55.10277819455917,15353000,AVGO,-0.010363186826507609,56.1982410975865,2023,2
2023-02-27,55.858436584472656,56.273476252831955,55.7448978504705,55.89851271847162,18321000,AVGO,0.013327551703534724,55.895106179373606,2023,2
2023-02-28,56.70187759399414,57.111192130489435,55.54644664243637,55.868937434772896,27822000,AVGO,0.0150996171947273,55.80991744995117,2023,2
2023-03-01,56.633174896240234,57.0758831461847,56.32118086579266,56.67420461713984,15484000,AVGO,-0.0012116476679280286,55.782383510044646,2023,3
2023-03-02,57.11786651611328,57.33635806033371,55.92331674564692,56.23435718937655,27525000,AVGO,0.008558439832502263,56.01559557233538,2023,3
2023-03-03,60.37234115600586,60.65571302648937,58.7493978027853,58.93544919540737,46088000,AVGO,0.05697822482522996,56.786925724574495,2023,3
2023-03-06,60.38760757446289,61.44953237960068,60.274068833498305,60.586062884282896,24983000,AVGO,0.0002528710691802605,57.45643942696707,2023,3
2023-03-07,59.64625930786133,60.660479221177376,59.48978731774663,60.57365548308834,19334000,AVGO,-0.012276496724719865,58.10250908987863,2023,3
2023-03-08,60.32463073730469,60.36947116425462,59.50504818686307,59.89718718361738,20912000,AVGO,0.011373243474364081,58.74053682599749,2023,3
2023-03-09,59.39532470703125,61.29591826095837,59.334262381192794,60.11663321254423,21775000,AVGO,-0.015405084439228167,59.12531498500279,2023,3
2023-03-10,58.661617279052734,60.12426693032799,58.46984073469381,59.93630837376646,26098000,AVGO,-0.012352949185774231,59.41509246826172,2023,3
2023-03-13,58.81809616088867,59.57375210316949,57.90310381308826,57.92314006217194,22364000,AVGO,0.002667483255559988,59.65798241751535,2023,3
2023-03-14,60.343711853027344,60.43053922822868,59.01177278373419,59.478335258570084,25893000,AVGO,0.02593786252390018,59.653892517089844,2023,3
2023-03-15,59.73117446899414,60.115681145634596,58.79232799177438,59.88669286839373,22963000,AVGO,-0.010150807188081035,59.56011635916574,2023,3
2023-03-16,60.72917556762695,60.783559145606226,58.94593870082277,59.33140260077263,31716000,AVGO,0.01670821154120894,59.7148186819894,2023,3
2023-03-17,60.20155715942383,61.022093409975454,59.8304079444802,60.729182015696196,79303000,AVGO,-0.00868805484796309,59.697236742292134,2023,3
2023-03-20,61.41709899902344,61.51536943219454,60.26166800260867,60.370435173900724,25857000,AVGO,0.020191202635849503,59.98606164114816,2023,3
2023-03-21,61.190303802490234,62.135904072628236,60.957746453800056,61.7995630719453,25000000,AVGO,-0.0036927044785493024,60.3473025730678,2023,3
2023-03-22,60.63005065917969,62.31945019480579,60.606028397751416,61.20471535413144,25799000,AVGO,-0.00915591373951874,60.606153215680806,2023,3
2023-03-23,61.42863082885742,62.288707052171425,60.68867692166254,61.396917628273115,27162000,AVGO,0.013171359103207658,60.76114164079939,2023,3
2023-03-24,61.134559631347656,61.4353455879174,60.40229313893887,61.313302394463086,17228000,AVGO,-0.004787200911722356,60.961625235421316,2023,3
2023-03-27,60.23796463012695,61.41612575018597,60.156282350779634,61.40651757972688,14707000,AVGO,-0.014665927204306928,60.891452244349885,2023,3
2023-03-28,60.03232192993164,60.20914013759481,59.471110895234744,60.08325146841206,12439000,AVGO,-0.003413838788511536,60.867275782993865,2023,3
2023-03-29,60.10919952392578,60.926993832140944,60.026556787370644,60.80879243054922,26395000,AVGO,0.001280603373693845,60.680433000837056,2023,3
2023-03-30,60.90200424194336,61.12302882729913,60.474369160257396,60.803983304391274,21523000,AVGO,0.01318940735023455,60.639247349330354,2023,3
2023-03-31,61.650604248046875,61.71595153815889,60.148595355144145,60.59352953234402,22097000,AVGO,0.012291878000099565,60.78504071916853,2023,3
2023-04-03,61.73998260498047,61.87740034991181,61.160511997432806,61.40652297338642,15682000,AVGO,0.0014497563815267789,60.82951954432896,2023,4
2023-04-04,60.965431213378906,61.91007460305389,60.733834338749524,61.80532684523602,13429000,AVGO,-0.01254537754824503,60.805358341761995,2023,4
2023-04-05,60.44650650024414,60.70500700556954,60.12842140115903,60.651192446913676,16908000,AVGO,-0.008511786151705003,60.83515003749302,2023,4
2023-04-06,59.8343620300293,60.38788582138674,59.48168238239112,59.98043116470547,14493000,AVGO,-0.010127044649178685,60.80687005179269,2023,4
2023-04-10,60.29082107543945,60.33694836028699,59.239512692303485,59.39326908651473,15400000,AVGO,0.007628710826415697,60.832815987723215,2023,4
2023-04-11,59.731536865234375,60.62620753628965,59.659462750835964,60.61659569925426,16518000,AVGO,-0.009276440430381117,60.665606362479075,2023,4
2023-04-12,59.26353454589844,60.3033138500733,59.221252729178815,60.286018409525084,14112000,AVGO,-0.007835095895688093,60.3245964050293,2023,4
2023-04-13,59.98811721801758,60.20530001449192,59.30293839607104,59.4912930127585,17265000,AVGO,0.012226450509089437,60.07432992117746,2023,4
2023-04-14,59.53645706176758,60.35233048702112,59.1203546864472,59.62679073633364,17465000,AVGO,-0.0075291603936911145,59.87019075666155,2023,4
2023-04-17,60.287933349609375,60.38210881034531,59.37019733387095,59.447077355768734,13201000,AVGO,0.012622119704942536,59.84753744942801,2023,4
2023-04-18,60.764583587646484,61.070175475781916,60.26583850517962,60.697315394137625,16806000,AVGO,0.007906229514835328,59.98042624337332,2023,4
2023-04-19,60.974082946777344,61.19414709822353,60.11400680031714,60.233168655140645,19060000,AVGO,0.003447721464735709,60.078035082135884,2023,4
2023-04-20,60.83185577392578,61.7649701556255,60.266802911363484,60.3359920104163,20239000,AVGO,-0.002332584041906949,60.23522349766323,2023,4
2023-04-21,60.82032012939453,60.90680832678602,59.77189313978874,60.59929555069215,14807000,AVGO,-0.00018963163928653604,60.45762143816267,2023,4
2023-04-24,60.97792053222656,61.39210197793957,60.713653678158686,60.891432331696336,12338000,AVGO,0.002591245861526925,60.599021911621094,2023,4
2023-04-25,59.77477264404297,61.117258730126764,59.74786536861227,60.92506233454688,23670000,AVGO,-0.019730877630497967,60.63306699480329,2023,4
2023-04-26,59.214534759521484,59.88145408514797,58.956994687061155,59.57778672126269,17179000,AVGO,-0.00937248039164762,60.47972433907645,2023,4
2023-04-27,59.42786407470703,59.589307739950684,57.96910105279364,59.21452675539461,18250000,AVGO,0.0036026512080507,60.288764408656526,2023,4
2023-04-28,60.205299377441406,60.232206655848934,59.05789091128948,59.49129238326311,16183000,AVGO,0.013081999746062944,60.17893818446568,2023,4
2023-05-01,61.30561447143555,61.40555631171652,60.17646559928259,60.20529744368012,17030000,AVGO,0.018276050536614852,60.24661799839565,2023,5
2023-05-02,58.84455490112305,60.205300723893025,58.14111651296334,60.134187058293406,28357000,AVGO,-0.04014411390426886,59.96436582292829,2023,5
2023-05-03,58.92719650268555,59.76805262134926,58.85032013521687,59.28275749214194,19816000,AVGO,0.0014044052453343614,59.67140524727957,2023,5
2023-05-04,58.63505172729492,59.000224513266524,57.78266663100518,58.61967718867759,17684000,AVGO,-0.004957723983650131,59.508587973458425,2023,5
2023-05-05,60.55317306518555,60.68290353863031,58.94353494838836,59.191466822996006,24876000,AVGO,0.03271287875401896,59.699822017124724,2023,5
2023-05-08,60.45131301879883,60.61179992136292,59.636403645213484,60.5205057889831,13934000,AVGO,-0.0016821586917842302,59.84602900913784,2023,5
2023-05-09,59.43747329711914,59.9717770224053,59.18281095634918,59.84300334340362,16990000,AVGO,-0.016771177846284457,59.7363395690918,2023,5
2023-05-10,60.183197021484375,60.349446617832015,59.41441498585021,59.778627376887385,19174000,AVGO,0.01254635641453783,59.575994219098774,2023,5
2023-05-11,60.317726135253906,60.39556661291768,59.38750053435101,60.21298204707988,14430000,AVGO,0.0022353268092671907,59.78644725254604,2023,5
2023-05-12,60.652156829833984,60.801107317362124,59.9852375471253,60.385965387095055,11942000,AVGO,0.005544484449399922,60.03287015642439,2023,5
2023-05-15,61.483402252197266,61.50454316273822,60.39461419968115,60.72134702707934,14614000,AVGO,0.013705125519203332,60.43977737426758,2023,5
2023-05-16,61.640995025634766,62.16665472022025,61.380573636292446,61.54681955417919,14967000,AVGO,0.0025631758761668344,60.59518051147461,2023,5
2023-05-17,63.18144607543945,63.511056551408146,61.94274355668013,62.20893497405663,24133000,AVGO,0.02499069084079597,60.98519951956613,2023,5
2023-05-18,65.14472198486328,65.28502106746798,63.04017709233026,63.04017709233026,26389000,AVGO,0.03107361466655334,61.800520760672434,2023,5
2023-05-19,65.562744140625,65.82221239167886,65.19373321822343,65.3465254858686,22968000,AVGO,0.0064168230829022566,62.56902749197824,2023,5
2023-05-22,65.18989562988281,65.79627721904453,64.7814841722764,65.48107346021831,17796000,AVGO,-0.0056868960509411925,63.26505170549665,2023,5
2023-05-23,65.9711685180664,67.17143106557776,65.5406520724839,66.36901498269667,36088000,AVGO,0.01198457031775746,64.02491051810128,2023,5
2023-05-24,65.30135345458984,65.76069797727885,64.96789390691472,65.48489477459553,23021000,AVGO,-0.010153148390772082,64.57033211844308,2023,5
2023-05-25,70.0361099243164,70.38110231768925,66.38151469841081,67.21179859130001,49263000,AVGO,0.07250625322825943,65.76963424682617,2023,5
2023-05-26,78.10159301757812,78.31781167184108,71.78700533890753,71.8263984700104,82500000,AVGO,0.11516178014423661,67.90108380998883,2023,5
2023-05-30,77.1992416381836,88.58107198118859,76.76391558954701,80.25323246918306,116912000,AVGO,-0.011553559210904174,69.62315804617745,2023,5
2023-05-31,77.6432113647461,78.96071491096093,75.92978957145755,76.38817376295948,89998000,AVGO,0.005750959687444768,71.34893907819476,2023,5
2023-06-01,75.91249084472656,77.43468026832609,75.4521784403528,76.93784874942975,80792000,AVGO,-0.02229068697183445,72.88073839460101,2023,6
2023-06-02,78.03145599365234,79.16252963357203,75.64823327504484,75.97881160001853,62815000,AVGO,0.027913260720952682,74.60363660539899,2023,6
2023-06-05,77.09931182861328,77.7623820385788,76.34782150418182,77.7623820385788,26222000,AVGO,-0.011945748713376392,76.28905923025948,2023,6
2023-06-06,75.91728973388672,77.07046082248776,74.60843768896818,77.07046082248776,37823000,AVGO,-0.015331162713282276,77.12922777448382,2023,6
2023-06-07,76.17005157470703,77.40202398116764,75.6780295064044,75.90001827369443,28957000,AVGO,0.003329437098009258,76.85329328264508,2023,6
2023-06-08,77.28187561035156,77.35971608687615,75.80004720008375,76.3891259198088,21909000,AVGO,0.014596603424300802,76.86509813581195,2023,6
2023-06-09,77.32222747802734,78.58399528076352,77.25111749465312,77.43562660297313,19241000,AVGO,0.0005221388243632497,76.81924329485211,2023,6
2023-06-12,82.1982650756836,82.45196335679665,77.94689246691962,77.94689246691962,51065000,AVGO,0.06306126655549171,77.7172110421317,2023,6
2023-06-13,81.79078674316406,82.95741143860133,80.81827568097695,82.75272551878422,38990000,AVGO,-0.004957261958562609,78.25425829206195,2023,6
2023-06-14,85.15998077392578,85.38677173646857,81.41601265676123,82.25013827692395,43524000,AVGO,0.04119283069548563,79.40578242710659,2023,6
2023-06-15,84.89572143554688,85.33200060764007,83.70314242818878,84.98989691307078,33814000,AVGO,-0.003103092978384292,80.68841552734375,2023,6
2023-06-16,83.42350006103516,85.52228257749293,83.16788089944089,85.45789572887337,68299000,AVGO,-0.017341526164300736,81.72462245396206,2023,6
2023-06-20,83.41580200195312,84.28452575327488,82.74119188177008,82.89975418350134,27535000,AVGO,-9.227686534851731e-05,82.60089765276227,2023,6
2023-06-21,81.89225006103516,83.66407318206042,81.59662435180883,83.08441594034589,23229000,AVGO,-0.018264548255285007,83.25375802176339,2023,6
2023-06-22,81.38700866699219,82.01304284889923,80.69914868043647,81.64399704382589,23464000,AVGO,-0.006169587398885845,83.1378642490932,2023,6
2023-06-23,79.42774963378906,80.76772866514906,79.10894287106244,80.57354643122233,37413000,AVGO,-0.02407336336957344,82.80028751918248,2023,6
2023-06-26,79.37751007080078,80.86239776803755,79.24129137632686,79.70308314334055,21372000,AVGO,-0.0006325190279204973,81.9742202758789,2023,6
2023-06-27,81.9637680053711,82.11834725580991,79.31666099293341,80.0586222311044,24923000,AVGO,0.0325817467978462,81.5553697858538,2023,6
2023-06-28,81.91931915283203,82.94241518905487,80.86820692098453,81.02954512304412,19445000,AVGO,-0.0005422987939762702,81.34048679896763,2023,6
2023-06-29,83.33272552490234,83.35880321501249,81.7715062554563,82.54824993527181,23386000,AVGO,0.017253639149922728,81.32861873081752,2023,6
2023-06-30,83.80223083496094,84.49202913485567,83.50274282904847,83.90753663188137,23145000,AVGO,0.005634104814179919,81.60147312709263,2023,6
2023-07-03,84.6727066040039,84.70072280274022,83.55976108224976,83.91722006412672,9038000,AVGO,0.010387262491344362,82.07085854666573,2023,7
2023-07-05,83.26412963867188,84.71714645838294,83.25350839698629,83.79934882240316,14440000,AVGO,-0.01663554906682796,82.61891283307757,2023,7
2023-07-06,81.92512512207031,82.49511948602985,81.57056285956696,81.63529273212028,23939000,AVGO,-0.01608140891416543,82.98285784040179,2023,7
2023-07-07,81.80436706542969,82.89026196007552,81.60245289781436,82.15988754293417,19409000,AVGO,-0.001474005153616731,82.96008627755302,2023,7
2023-07-10,84.79733276367188,84.93644818042202,81.9521740970686,81.9521740970686,30622000,AVGO,0.03658686944974865,83.37123107910156,2023,7
2023-07-11,85.21468353271484,85.3064640302987,83.53173641961456,85.12386860252447,25498000,AVGO,0.004921744062470923,83.64008222307477,2023,7
2023-07-12,85.9779052734375,86.71600418184788,85.20985166242593,85.88612477225888,28197000,AVGO,0.008956458078373863,83.95089285714286,2023,7
2023-07-13,86.01750946044922,86.8464158722143,84.84949726536689,86.8464158722143,25912000,AVGO,0.0004606321459654783,84.14300755092076,2023,7
2023-07-14,85.84553527832031,87.2724594479491,85.61173532346335,85.61173532346335,18510000,AVGO,-0.001999292739439107,84.51177978515625,2023,7
2023-07-17,87.94874572753906,88.22504542586162,85.96147529423237,86.08030642415704,26819000,AVGO,0.02449993983262977,85.37229701450893,2023,7
2023-07-18,87.28018951416016,87.90525058456134,86.78071115330339,87.52654183844136,24513000,AVGO,-0.0076016571680289635,86.15455736432757,2023,7
2023-07-19,87.08119201660156,87.52559629166409,85.56055591000003,86.6850882277395,24118000,AVGO,-0.002279984709775529,86.48082297188895,2023,7
2023-07-20,85.8223648071289,87.6251014047188,85.59629671413406,86.22812427109703,28268000,AVGO,-0.014455787527950514,86.56763458251953,2023,7
2023-07-21,86.63484191894531,88.02601804001813,86.35274147717095,87.38259641212767,74287000,AVGO,0.009466962529432799,86.66148267473493,2023,7
2023-07-24,87.10242462158203,87.47437440830853,86.3913764481536,87.02610795210606,19992000,AVGO,0.0053971669166799074,86.81647055489677,2023,7
2023-07-25,88.68683624267578,89.18823840615987,87.00871707108088,87.00871707108088,20042000,AVGO,0.01819021259140885,87.22237069266183,2023,7
2023-07-26,86.28125,87.97481831077792,85.75569389250334,87.8183153188915,19877000,AVGO,-0.02712450172529912,86.98415701729911,2023,7
2023-07-27,86.3237533569336,87.90042898223109,85.59628313959927,87.77000368565945,21922000,AVGO,0.0004926140608021434,86.84752328055245,2023,7
2023-07-28,86.92853546142578,87.29276074659869,86.3643345370335,86.88313168207407,18791000,AVGO,0.007005975539450038,86.82571520124164,2023,7
2023-07-31,86.81839752197266,87.04543114899546,86.07933311766202,86.70729831217736,14952000,AVGO,-0.0012669940758636145,86.96800558907645,2023,7
2023-08-01,88.88102722167969,88.94092188521704,86.72662516654869,86.85029150482454,19683000,AVGO,0.0237579793981455,87.28888920375279,2023,8
2023-08-02,86.2049331665039,88.20475585656031,86.01074356462485,88.13712928716684,26877000,AVGO,-0.030108721049108556,87.16067613874164,2023,8
2023-08-03,85.49774932861328,86.49765701311046,85.12097166538322,85.6561908296265,18281000,AVGO,-0.008203519356887679,86.70509229387555,2023,8
2023-08-04,85.176025390625,86.33244326351118,84.37609346945203,85.49773618013036,21156000,AVGO,-0.0037629521304909375,86.54720306396484,2023,8
2023-08-07,86.66478729248047,86.69473462007635,85.5257569398588,85.75858396031134,11146000,AVGO,0.017478649596853968,86.5959221976144,2023,8
2023-08-08,85.32191467285156,86.04068741408118,84.37899763820856,85.99142136813659,14081000,AVGO,-0.015495020083496125,86.3664049421038,2023,8
2023-08-09,82.18885803222656,85.35765847662809,81.99467580195889,85.27941066654945,24672000,AVGO,-0.0367204211560187,85.70504215785435,2023,8
2023-08-10,81.43240356445312,83.22934648398245,80.86916823792403,82.41975144334084,20186000,AVGO,-0.00920385665264789,84.64095306396484,2023,8
2023-08-11,80.1629638671875,80.80445450020486,79.55625577734058,80.5735585588281,20331000,AVGO,-0.015588876684216713,83.77781459263393,2023,8
2023-08-14,82.51445007324219,82.52217461322543,79.93303116519857,80.29531798700786,17688000,AVGO,0.029333823159914507,83.35162898472377,2023,8
2023-08-15,81.39569091796875,82.56466866063408,80.81024016466218,82.04200926775529,14035000,AVGO,-0.013558342257391165,82.81158120291573,2023,8
2023-08-16,80.47500610351562,82.55307661166911,80.37549369842019,81.90482711046639,16003000,AVGO,-0.011311223039816687,81.92732674734933,2023,8
2023-08-17,79.90596008300781,81.0961949320424,79.8972626070084,80.815060076475,19228000,AVGO,-0.0070710901192830855,81.15361894880023,2023,8
2023-08-18,79.78423309326172,80.00933556762931,78.44715093019107,79.2200322418229,17759000,AVGO,-0.0015233781012035097,80.81010110037667,2023,8
2023-08-21,83.58100891113281,83.79355166723033,80.35714157650857,80.57837443905078,30012000,AVGO,0.047588046794069694,81.11704472133091,2023,8
2023-08-22,82.6777114868164,84.50942970809761,82.20335254412151,84.37997733911598,17079000,AVGO,-0.01080744820006696,81.4762943812779,2023,8
2023-08-23,84.68622589111328,84.8417706950714,82.11833986987608,82.19273278587615,19692000,AVGO,0.024293299465807605,81.7865480695452,2023,8
2023-08-24,82.54922485351562,87.90140969350753,82.35600816443055,87.17587048582884,30934000,AVGO,-0.025234340237872188,81.95133863176618,2023,8
2023-08-25,82.2941665649414,83.99643239840782,80.92713688594078,82.7965416983146,24181000,AVGO,-0.003089772060571372,82.21121869768415,2023,8
2023-08-28,83.18877410888672,83.48343431452196,81.83913204136141,82.73567240488153,14306000,AVGO,0.010870850040620272,82.68019212995257,2023,8
2023-08-29,85.97596740722656,86.25710231744092,82.73857457166008,82.9298601148902,27822000,AVGO,0.03350444009057818,83.56472560337612,2023,8
2023-08-30,86.20299530029297,86.8242015466961,84.93065021889339,86.21362391215003,23234000,AVGO,0.0026405971332790212,83.93929508754185,2023,8
2023-08-31,89.16021728515625,89.23556838670643,86.34693750995567,86.75656652968091,55203000,AVGO,0.03430532749542681,84.86536734444755,2023,8
2023-09-01,84.29398345947266,87.1294787922199,83.53463477851344,87.1294787922199,65017000,AVGO,-0.054578532599580676,84.80933271135602,2023,9
2023-09-05,84.26017761230469,85.30646199242783,83.7606991935613,84.00318927691168,24808000,AVGO,-0.00040104697607779016,85.05375453404018,2023,9
2023-09-06,84.26982879638672,84.76254084654391,83.7355826100284,84.2920515862086,20142000,AVGO,0.00011454027697932467,85.33599199567523,2023,9
2023-09-07,82.79751586914062,83.24771355627513,81.20248681666914,83.03613634300713,27789000,AVGO,-0.01747141234620886,85.28009796142578,2023,9
2023-09-08,82.84774017333984,83.16462318150484,82.12993293866464,82.60138781053051,16810000,AVGO,0.0006065919209290449,84.83320835658482,2023,9
2023-09-11,83.0013427734375,83.95391543499719,81.69807754965223,83.93169264605437,15710000,AVGO,0.001854034881051403,84.3758294241769,2023,9
2023-09-12,81.58892059326172,82.91730548875594,81.31261352773554,82.1415273535705,16680000,AVGO,-0.01701685940227693,83.29421561104911,2023,9
2023-09-13,82.40140533447266,82.99845768091498,81.5618702640169,81.84686743730109,17413000,AVGO,0.009958272953031866,83.02384730747768,2023,9
2023-09-14,84.20896911621094,84.69491482753115,82.6013805979294,82.99071798152929,19648000,AVGO,0.02193607954137744,83.01653180803571,2023,9
2023-09-15,82.28064727783203,83.87277957900739,81.43241468651989,83.87277957900739,50190000,AVGO,-0.022899245277753777,82.73236301967076,2023,9
2023-09-18,82.11833190917969,82.72987508259247,81.15223388671875,81.40149030170869,16541000,AVGO,-0.001972704080757448,82.63533673967633,2023,9
2023-09-19,82.04105377197266,82.21784843755725,81.00732903820116,81.73093708891561,13126000,AVGO,-0.000941058292471153,82.52009582519531,2023,9
2023-09-20,80.67823028564453,82.56461232501591,80.65686469796348,82.56461232501591,13681000,AVGO,-0.016611481979692755,82.18822261265346,2023,9
2023-09-21,78.52083587646484,79.89433999544706,77.2318455107355,77.23378716308136,53654000,AVGO,-0.02674072549114359,81.7499247959682,2023,9
2023-09-22,80.53349304199219,80.67919848970092,78.71705501466904,78.80059053201673,27764000,AVGO,0.02563214136810532,81.4830801827567,2023,9
2023-09-25,81.00071716308594,81.45434494739497,79.94388025780465,80.42858930083175,15648000,AVGO,0.005801612514809484,81.02475847516742,2023,9
2023-09-26,79.28141784667969,80.64908964356023,78.79767960442652,80.54223947386316,17641000,AVGO,-0.021225729556747397,80.59629712785993,2023,9
2023-09-27,79.34162902832031,80.00894968346546,78.13423263339376,79.5796148155699,15352000,AVGO,0.0007594614636821095,80.19962528773716,2023,9
2023-09-28,80.81712341308594,81.48348066764189,79.1347336437426,79.66800620172269,16180000,AVGO,0.018596724101025863,80.0247780936105,2023,9
2023-09-29,80.67920684814453,81.98665788645705,79.93417548724695,81.2493931358549,16481000,AVGO,-0.001706526527014085,80.02491760253906,2023,9
2023-10-02,81.10369110107422,81.4543520565152,79.99147995348092,80.53155577799889,14676000,AVGO,0.005261383564772348,80.3938969203404,2023,10
2023-10-03,79.14930725097656,81.18138720000647,78.574259499155,80.33144742861771,18761000,AVGO,-0.024097347772520483,80.19615609305245,2023,10
2023-10-04,80.0215835571289,80.67919599844129,79.29209292581146,79.68355078254382,16417000,AVGO,0.01102064359687227,80.05627986363002,2023,10
2023-10-05,80.02645111083984,80.4897871923857,79.21244666655846,79.66219118089403,11474000,AVGO,6.0828010326252624e-05,80.16271318708148,2023,10
2023-10-06,82.10515594482422,82.40918757718178,78.84721151848653,79.59322103072643,21103000,AVGO,0.02597522200635005,80.55750274658203,2023,10
2023-10-09,83.13675689697266,83.20767169042392,81.38345180671564,81.63891996011226,15760000,AVGO,0.01256438697761797,80.88887895856585,2023,10
2023-10-10,83.38249969482422,84.75599646045205,83.12119922562373,83.26010148303956,14718000,AVGO,0.00295588626527854,81.27506365094867,2023,10
2023-10-11,84.95124053955078,85.02700203583504,83.20181917846713,83.50877070097496,14334000,AVGO,0.01881379006947581,81.82471357073102,2023,10
2023-10-12,87.9663314819336,89.16401964419457,85.13287543353141,85.13287543353141,43871000,AVGO,0.035492017812018606,83.08428846086774,2023,10
2023-10-13,85.78855895996094,89.93918209789035,85.68267961114339,88.29661077361166,28312000,AVGO,-0.024756886928039346,83.90814208984375,2023,10
2023-10-16,87.67202758789062,88.95616391567731,86.5452466312605,86.5452466312605,21150000,AVGO,0.021954776380015195,85.00036730085101,2023,10
2023-10-17,85.90705871582031,86.74047963099933,84.11975292102872,85.97990773276169,33008000,AVGO,-0.02013149371161682,85.54349626813617,2023,10
2023-10-18,86.16254425048828,86.9979143980311,85.01341932626904,85.47482122994371,20404000,AVGO,0.0029739760444262853,85.97575160435268,2023,10
2023-10-19,84.29751586914062,86.40148157992242,84.0877062403323,86.16156151623548,26620000,AVGO,-0.021645465527639463,86.1064682006836,2023,10
2023-10-20,82.9181900024414,84.98427133958172,82.74431575898939,84.98427133958172,26953000,AVGO,-0.01636259209394042,85.81603240966797,2023,10
2023-10-23,83.7525863647461,84.85799431217205,81.86814594592421,83.3387846514153,16456000,AVGO,0.010062886831949891,85.21406882149833,2023,10
2023-10-24,85.58748626708984,85.77107618051392,83.84000643035291,83.92549101644853,14972000,AVGO,0.021908575985375434,85.18534415108817,2023,10
2023-10-25,82.52964782714844,85.35630866369704,82.18481921636608,85.19506256626735,21432000,AVGO,-0.035727634649753814,84.45071847098214,2023,10
2023-10-26,80.30716705322266,82.99491771291676,79.4902502163782,82.36256159260446,27917000,AVGO,-0.026929483312234437,83.6507339477539,2023,10
2023-10-27,81.43490600585938,81.61461258009555,80.48102863814685,80.62285076323069,18236000,AVGO,0.014042818269125679,82.97535705566406,2023,10
2023-10-30,81.71563720703125,82.51021023613316,80.34601643183345,81.7010674039663,20889000,AVGO,0.0034473079781252025,82.6065172467913,2023,10
2023-10-31,81.72730255126953,82.1284761152104,80.87542105246095,81.9720841598441,14747000,AVGO,0.000142755348143897,82.43639046805245,2023,10
2023-11-01,82.85115814208984,82.9376135479933,81.16390671290657,81.78848884509733,18684000,AVGO,0.01375128697188166,82.307615007673,2023,11
2023-11-02,84.63458251953125,85.52823922918971,83.53694853805543,83.73121754704468,18759000,AVGO,0.021525642096430708,82.1714859008789,2023,11
2023-11-03,85.73998260498047,86.20818021112994,84.61126746490426,85.23682043410312,18041000,AVGO,0.013060855888243239,82.63010515485492,2023,11
2023-11-06,85.5602798461914,86.05178467134704,84.62583373617214,85.63118720976743,12870000,AVGO,-0.0020959038400670815,83.38054983956474,2023,11
2023-11-07,87.21063232421875,87.59432363497142,85.10666642424383,85.70502892514158,19365000,AVGO,0.01928876905258048,84.20565359933036,2023,11
2023-11-08,88.50350952148438,88.67641293939637,87.32525250661882,87.422387010008,15280000,AVGO,0.01482476577464964,85.17534964425224,2023,11
2023-11-09,88.52779388427734,90.31704150235812,88.25387266134156,88.63658571244403,24486000,AVGO,0.00027438869853035897,86.1468484061105,2023,11
2023-11-10,93.00965118408203,93.14855345482476,89.19123569101423,89.53413006037856,36272000,AVGO,0.05062655583243525,87.59806169782367,2023,11
2023-11-13,91.98097229003906,92.51230324317771,91.35444108271581,92.284033102325,16893000,AVGO,-0.0110599156210901,88.64754595075335,2023,11
2023-11-14,94.5094223022461,94.8795146013573,92.78914786326875,93.47784161677615,23886000,AVGO,0.027488837628658613,89.90032305036273,2023,11
2023-11-15,94.74642944335938,95.36324495014665,93.92174597691913,95.14565390720854,16099000,AVGO,0.0025077620340892004,91.21263013567243,2023,11
2023-11-16,93.20684814453125,94.09564341062713,92.32971020601178,93.63910303680743,26198000,AVGO,-0.016249491488737333,92.06923239571708,2023,11
2023-11-17,94.9727783203125,95.57113343697124,92.37632915939984,93.07668033093317,19789000,AVGO,0.01894635652782628,92.99341365269252,2023,11
2023-11-20,96.71926879882812,97.12335484381366,94.51331441936557,94.51331441936557,18674000,AVGO,0.018389379666511108,94.1636243547712,2023,11
2023-11-21,95.30982208251953,96.26175049485981,94.38023008306205,94.7075763648953,43344000,AVGO,-0.01457255347163744,94.49222019740513,2023,11
2023-11-22,94.41618347167969,95.96939448244358,94.31904895958158,95.5517094106223,33743000,AVGO,-0.009376143941031923,94.84010750906808,2023,11
2023-11-24,95.08348846435547,95.17965212657029,93.90620245820679,94.70368794610272,23158000,AVGO,0.007067697169478748,94.922116960798,2023,11
2023-11-27,92.30249786376953,95.29136800850041,92.21410079977291,94.81928707509591,96962000,AVGO,-0.029247881472380555,94.57298387799945,2023,11
2023-11-28,91.92462158203125,92.36270128161674,90.74053246186023,91.3019811794113,39025000,AVGO,-0.004093890094892028,94.38980865478516,2023,11
2023-11-29,91.38843536376953,93.1951650091344,91.24661323023324,92.11792596912278,34843000,AVGO,-0.0058328901336106576,93.8777596609933,2023,11
2023-11-30,89.92168426513672,91.54288244331882,89.2067634296463,91.40495101881822,49571000,AVGO,-0.016049635742142243,92.90667615618024,2023,11
2023-12-01,90.33647155761719,90.71530132934261,88.19948272168466,89.60406832039978,29612000,AVGO,0.004612761603279836,92.19619750976562,2023,12
2023-12-04,89.750732421875,90.43068130159807,89.01929269946729,89.42726943818809,25009000,AVGO,-0.006483971818277201,91.52970450265067,2023,12
2023-12-05,88.6968002319336,89.09991542739138,87.99062422568343,88.54916054218435,37066000,AVGO,-0.011742881216694423,90.61732046944755,2023,12
2023-12-06,87.77595520019531,89.45932338930862,87.72350094111073,89.40007334672863,24813000,AVGO,-0.010381941956534635,89.97067151750836,2023,12
2023-12-07,89.58462524414062,89.76530266942235,87.77595380424901,87.96051453432351,43517000,AVGO,0.020605529610246753,89.63638632638114,2023,12
2023-12-08,91.72551727294922,92.35009950605408,88.44523589990015,90.12665523280627,69668000,AVGO,0.023897984983183518,89.68454088483539,2023,12
2023-12-11,99.97623443603516,100.97381390369837,92.87073549123343,92.96009596386611,101184000,AVGO,0.08995007505418728,91.12090519496373,2023,12
2023-12-12,104.15695190429688,104.84759461960216,99.52356952617657,99.85480649465366,90242000,AVGO,0.041817112755297314,93.09525953020368,2023,12
2023-12-13,105.84809875488281,106.82819590739417,103.21085326872509,103.74122077306629,71654000,AVGO,0.01623652401176079,95.39488329206195,2023,12
2023-12-14,107.47998809814453,108.93411525959097,105.90541179287632,106.08997251875692,66964000,AVGO,0.015417275911972395,98.07819584437779,2023,12
2023-12-15,109.73841094970703,111.69472970327224,106.32699401792493,106.38528065056158,118544000,AVGO,0.02101249629373081,101.21568952287946,2023,12
2023-12-18,111.41496276855469,111.8831603717959,108.66018788090852,108.87000491152038,54741000,AVGO,0.015277711827046847,104.33430916922433,2023,12
2023-12-19,111.20321655273438,112.26491309311007,110.51330662605854,111.4393633667827,36020000,AVGO,-0.0019005186606774194,107.11683763776507,2023,12
2023-12-20,108.35380554199219,111.37691508274693,108.24451346996784,110.53184466017119,34523000,AVGO,-0.025623458556982892,108.31363351004464,2023,12
2023-12-21,110.00391387939453,110.79726407637895,108.80462704936477,110.52695978777783,24106000,AVGO,0.015228891400245637,109.14891379220145,2023,12
2023-12-22,109.48577117919922,110.46354818366113,108.66119665998725,110.07126554441993,19089000,AVGO,-0.004710220590545489,109.6685812813895,2023,12
2023-12-26,110.45281219482422,110.80508556847612,109.58725320557843,109.70630562897948,16793000,AVGO,0.008832572536226824,110.09327043805804,2023,12
2023-12-27,109.89462280273438,111.20223386295541,109.58138340700489,110.85386168430898,20055000,AVGO,-0.005053645814877661,110.11558641706195,2023,12
2023-12-28,109.52772521972656,110.4869642112559,109.19984898810576,110.43329346298718,21247000,AVGO,-0.0033386308961305122,109.84598105294364,2023,12
2023-12-29,108.9266128540039,109.71996310578236,108.77243509491456,109.43502199932493,20558000,AVGO,-0.005488221037337815,109.520751953125,2023,12
2024-01-02,105.91423797607422,107.53605635946798,105.10527564244013,106.57194097792315,28831000,AVGO,-0.027655086291604625,109.17224230085101,2024,1
2024-01-03,103.29902648925781,104.90133167375615,102.9799278807977,104.43293175421933,34735000,AVGO,-0.02469178400176164,108.21440124511719,2024,1
2024-01-04,102.36515808105469,104.3646222863133,102.20512113461977,103.23851936451828,25658000,AVGO,-0.009040437649238009,107.19717080252511,2024,1
2024-01-05,102.3915023803711,102.99455933520345,101.63328493572786,102.61789628347839,22475000,AVGO,0.00025735611423116644,106.0455551147461,2024,1
2024-01-08,104.8866958618164,105.19408354456183,102.65692907770828,103.0960554023395,33110000,AVGO,0.024369146105269524,105.33013698032924,2024,1
2024-01-09,105.6322250366211,106.22357853293241,103.89720593928551,103.98600202578312,23225000,AVGO,0.007107947949727578,104.77363695417132,2024,1
2024-01-10,105.44486236572266,105.67808330428771,103.69130535283057,105.42339853485107,17643000,AVGO,-0.0017737264441176626,104.27624402727399,2024,1
2024-01-11,107.33892822265625,107.46773352495848,104.85349437918599,105.81078259262021,25757000,AVGO,0.01796261870364302,104.47977120535714,2024,1
2024-01-12,108.09033203125,108.87197138748944,107.34187488086792,108.52164859264572,26882000,AVGO,0.007000291702513373,105.16424342564174,2024,1
2024-01-16,108.80072784423828,109.90145826767615,107.20720039012586,108.54506034921782,26145000,AVGO,0.006572241935411061,106.08361053466797,2024,1
2024-01-17,107.69901275634766,108.62019297611977,106.38555741146811,107.95468024678823,18314000,AVGO,-0.010125990052822664,106.84182630266461,2024,1
2024-01-18,111.62574005126953,111.88335812313876,109.47599939669307,109.77069338677484,32228000,AVGO,0.036460197678928497,107.80454690115792,2024,1
2024-01-19,118.19208526611328,118.75805886735152,112.80551986943752,112.93335734469912,53077000,AVGO,0.05882465112283097,109.59881264822823,2024,1
2024-01-22,119.099609375,120.15642949409673,117.90129026552242,118.68488019694277,31222000,AVGO,0.007678383090063967,111.54949079241071,2024,1
2024-01-23,119.66655731201172,119.73193898744836,117.44264972664332,119.14839524998544,16952000,AVGO,0.004760283765722573,113.31058066231864,2024,1
2024-01-24,122.3559341430664,125.34977002660064,120.12519216817962,121.22690536936949,34805000,AVGO,0.022473921632445437,115.34852382114956,2024,1
2024-01-25,120.02664184570312,125.00336221966711,119.90954000273969,125.00336221966711,36356000,AVGO,-0.019037019443942316,116.95222582135882,2024,1
2024-01-26,117.57536315917969,119.1688907306607,117.12160748420794,119.0215400002177,25818000,AVGO,-0.020422788214591647,118.36313302176339,2024,1
2024-01-29,118.83321380615234,119.40894781766045,117.58610776637936,118.55412441379983,21526000,AVGO,0.010698250153560851,119.3927721296038,2024,1
2024-01-30,117.89542388916016,119.83146426504148,117.51777812486917,118.73561033445402,20683000,AVGO,-0.007891648192919876,119.3503919328962,2024,1
2024-01-31,115.14749908447266,116.82787202921463,114.59225370234344,116.06965460561332,27400000,AVGO,-0.02330815492271332,118.78580474853516,2024,1
2024-02-01,117.10012817382812,117.40068135591574,115.06065483468812,115.86473324254071,19411000,AVGO,0.016957633512500347,118.41917201450893,2024,2
2024-02-02,119.47431945800781,120.48430328666687,117.60170997495365,117.95300805057731,26689000,AVGO,0.020274882027928598,118.00751277378627,2024,2
2024-02-05,121.30496978759766,121.75873290649766,119.2606124167226,119.72998762540804,22045000,AVGO,0.015322542433340747,118.19013105119977,2024,2
2024-02-06,119.30940246582031,124.13583853168394,118.26429332804723,123.30248650119036,25354000,AVGO,-0.016450829057305216,118.43785095214844,2024,2
2024-02-07,122.66722106933594,122.90629374601421,119.704609410331,120.41696587902204,25768000,AVGO,0.028143788621165733,118.98556627546039,2024,2
2024-02-08,124.39443969726562,126.46416956187247,123.44301048024921,123.63719748496332,29326000,AVGO,0.014080523002582668,119.91399710518974,2024,2
2024-02-09,125.24144744873047,125.46686606831152,121.87973352037115,122.17638555537432,26293000,AVGO,0.0068090483266469715,121.35598972865513,2024,2
2024-02-12,123.44202423095703,125.88842440387253,122.85652995284642,125.8825726624258,24778000,AVGO,-0.014367633514536515,122.26197487967355,2024,2
2024-02-13,122.1393051147461,122.55110097262502,119.74267436558891,120.52626428888975,31907000,AVGO,-0.010553287053796101,122.64268711635044,2024,2
2024-02-14,123.17074584960938,124.22268944699543,121.13127248116345,123.8557792987253,27306000,AVGO,0.008444789610472014,122.9092265537807,2024,2
2024-02-15,123.44886016845703,124.90576512680437,121.47573631286461,124.90088867554105,21873000,AVGO,0.002257957576933256,123.50057765415737,2024,2
2024-02-16,121.53721618652344,124.48421591673936,121.23568769235796,122.86043944970231,21268000,AVGO,-0.0154853109159937,123.33914838518415,2024,2
2024-02-20,119.68997955322266,120.77998187251558,118.32479646699277,120.59847364520313,26329000,AVGO,-0.01519893816282436,122.66708265032086,2024,2
2024-02-21,119.77779388427734,119.8363410759837,117.35676625571786,118.85563839008545,20579000,AVGO,0.0007336815611673764,121.88656071254185,2024,2
2024-02-22,127.33557891845703,127.92888297499638,124.56130249145417,125.07263749636353,40819000,AVGO,0.06309838233856269,122.44278281075614,2024,2
2024-02-23,126.503173828125,128.7719816402011,125.76643517710177,127.67417717239371,23115000,AVGO,-0.0065370974664126225,123.06619262695312,2024,2
2024-02-26,127.74835205078125,128.6910036592093,126.99989489293004,127.83325442443476,16282000,AVGO,0.009843059150026034,123.72013636997768,2024,2
2024-02-27,126.48954772949219,128.0225701847237,126.0982403863928,127.74835724596728,12126000,AVGO,-0.009853781290177999,124.15452030726841,2024,2
2024-02-28,125.82499694824219,126.71300246091774,125.19558481124382,126.17434443371107,10967000,AVGO,-0.005253799963544803,124.76706041608539,2024,2
2024-02-29,126.90522003173828,127.67709892837385,125.61615443019443,127.18040076224469,27536000,AVGO,0.00858512306533532,125.79780905587333,2024,2
2024-03-01,136.5347137451172,137.3729423343744,128.8090886397347,129.38775597545373,44488000,AVGO,0.07587941387257846,128.191654750279,2024,3
2024-03-04,136.8362274169922,140.3404232696034,135.17049107794395,136.92308037190116,34854000,AVGO,0.0022083297617474518,129.54889025006975,2024,3
2024-03-05,131.02908325195312,136.12778212255077,130.01618093328784,136.12778212255077,36040000,AVGO,-0.04243864563250843,130.19544873918807,2024,3
2024-03-06,131.73654174804688,136.11117242798898,131.44964264069716,135.79403187954384,43196000,AVGO,0.005399247850443878,130.76519012451172,2024,3
2024-03-07,137.29974365234375,138.0120927002457,133.97022173072207,134.8582272598451,62832000,AVGO,0.042229755164947314,132.30950382777624,2024,3
2024-03-08,127.70833587646484,137.88426152138396,127.0116063688822,136.05458717765524,74025000,AVGO,-0.06985743396699473,132.57855224609375,2024,3
2024-03-11,126.18605041503906,126.76178437380449,122.22809907496575,124.70377296557079,31105000,AVGO,-0.011920016426322566,132.47581372942244,2024,3
2024-03-12,126.06504821777344,127.61759115600927,122.88385247798041,127.5404911125234,42789000,AVGO,-0.0009589189682032151,130.9801472255162,2024,3
2024-03-13,122.74626922607422,125.18680289944194,122.20858647562643,125.18680289944194,37838000,AVGO,-0.026325924898439212,128.96729605538505,2024,3
2024-03-14,123.17562103271484,124.23537438615931,121.75482416614881,123.20196875913895,38029000,AVGO,0.0034978807042178595,127.84537288120815,2024,3
2024-03-15,120.56333923339844,123.6732941168228,120.03346628088153,122.31592090016687,88823000,AVGO,-0.021207782655486618,126.24920109340123,2024,3
2024-03-18,120.7331314086914,123.23515294416211,120.19252280814608,122.36666813836688,25737000,AVGO,0.0014083234287685098,123.88254220145089,2024,3
2024-03-19,120.80825805664062,121.0287927459258,117.49142288135879,118.75316540385205,24491000,AVGO,0.000622253784629434,122.89681679861886,2024,3
2024-03-20,125.04570770263672,126.22070372464931,120.20361455416581,121.42173600683583,40946000,AVGO,0.03507582771377571,122.7339106968471,2024,3
2024-03-21,132.10159301757812,137.55126318972412,128.9656532182899,130.17298592884723,72468000,AVGO,0.05642644953252263,123.59627423967633,2024,3
2024-03-22,132.6376190185547,134.86707200561227,131.92027748438747,132.29756515737532,38624000,AVGO,0.004057680068288327,125.0093242100307,2024,3
2024-03-25,132.45240783691406,133.12466506116706,131.069642749361,131.81052084249086,21237000,AVGO,-0.0013963699213773717,126.33457946777344,2024,3
2024-03-26,130.48362731933594,135.23164137720266,130.38758202391176,133.73715983266285,23522000,AVGO,-0.014864059851612876,127.75176348005023,2024,3
2024-03-27,129.23316955566406,132.2975722450251,127.00763422395251,132.2975722450251,25583000,AVGO,-0.009583254155033583,128.96605464390345,2024,3
2024-03-28,129.88783264160156,130.3464666247602,128.5276167489328,129.1518590058185,19856000,AVGO,0.005065751216877246,130.26313672746932,2024,3
2024-04-01,132.32305908203125,133.5695993772756,129.88780305575295,129.91425551349494,17252000,AVGO,0.018748687932527153,131.3027583530971,2024,4
2024-04-02,131.19610595703125,131.54987211979767,127.73186523811599,128.94507472681866,24694000,AVGO,-0.008516679804850713,131.17340305873327,2024,4
2024-04-03,133.59214782714844,134.9259110896939,129.87408927395205,130.1416344535413,28650000,AVGO,0.01826305630520708,131.3097643171038,2024,4
2024-04-04,129.1126251220703,137.58750433164988,128.86762962848005,135.75886059927964,27014000,AVGO,-0.03353133232706218,130.83265250069755,2024,4
2024-04-05,131.26174926757812,133.3981182417909,128.78925907880964,129.94564585188706,19438000,AVGO,0.016645344663048345,130.94381277901786,2024,4
2024-04-08,130.93544006347656,131.5626281582387,128.9411724277317,130.69534917704735,17139000,AVGO,-0.0024859428273835693,131.18699428013392,2024,4
2024-04-09,130.73745727539062,133.22660524159485,128.24437658070877,133.01983045304576,17986000,AVGO,-0.0015120641744508223,131.30836922781808,2024,4
2024-04-10,129.58990478515625,130.90111844730902,128.91470159995382,129.65164713249428,17467000,AVGO,-0.008777534106519491,130.9179186139788,2024,4
2024-04-11,135.47860717773438,136.4007647088454,129.715335693387,130.60025940762947,31713000,AVGO,0.04544105810048138,131.52970450265067,2024,4
2024-04-12,131.7164306640625,133.91551337280941,130.9863489020159,132.49454254694504,27823000,AVGO,-0.027769524591703787,131.2617449079241,2024,4
2024-04-15,128.44528198242188,134.25755593476774,127.98567609141429,134.25755593476774,24370000,AVGO,-0.02483478078739898,131.1664101736886,2024,4
2024-04-16,130.24549865722656,130.9569635841039,128.47565133350503,128.90487198255371,18923000,AVGO,0.014015436355623079,131.02123151506697,2024,4
2024-04-17,125.6954574584961,132.0035994138017,125.57687745895697,131.62239387429972,24718000,AVGO,-0.034934345107043074,130.27266257149833,2024,4
2024-04-18,123.37876892089844,126.67738605052617,123.03283087187909,126.22169796105739,24888000,AVGO,-0.01843096468591643,129.22142137799943,2024,4
2024-04-19,118.05943298339844,123.47775375822297,117.35874184206044,123.37877759243626,44797000,AVGO,-0.043113867839858044,127.57421112060547,2024,4
2024-04-22,119.99488830566406,120.85139320599717,117.65077277913981,119.99880608081332,25162000,AVGO,0.016393906639698974,125.36225128173828,2024,4
2024-04-23,122.41837310791016,123.27193960345303,120.34375433477024,120.35845346698564,22025000,AVGO,0.02019656700769401,124.03395734514508,2024,4
2024-04-24,123.16610717773438,125.98845288058338,122.00385136004111,123.85993467081013,20108000,AVGO,0.006108021621600068,123.27978951590401,2024,4
2024-04-25,126.85084533691406,128.18459356901673,123.18374798229458,124.69782602139146,30410000,AVGO,0.029916819193306576,122.79483904157367,2024,4
2024-04-26,131.7164306640625,132.86888440404553,127.70439033381199,128.37763445909104,24100000,AVGO,0.038356743419608375,123.65497807094029,2024,4
2024-04-29,131.18235778808594,132.58961656938865,129.91622862508027,131.71743313577858,13372000,AVGO,-0.004054717192714552,124.76977648053851,2024,4
2024-04-30,127.42414855957031,132.13591698801756,127.30459658340595,130.2278853924459,22113000,AVGO,-0.028648739753455943,126.1075929914202,2024,4
2024-05-01,121.79806518554688,126.64995330670973,121.65008692310529,125.2740590188251,30958000,AVGO,-0.044152410964655275,126.36518968854632,2024,5
2024-05-02,121.37765502929688,123.91384639788778,119.88220126624441,123.11319964127713,29480000,AVGO,-0.003451698149798621,126.21651567731585,2024,5
2024-05-03,125.25248718261719,125.8179402543354,122.21748254943982,123.3797458466504,24898000,AVGO,0.031923768443088196,126.51456996372768,2024,5
2024-05-06,128.4080352783203,128.45310464377113,124.95457645897648,126.04724688771655,16287000,AVGO,0.025193496486040745,126.73702566964286,2024,5
2024-05-07,127.70246124267578,129.2586704182048,127.08016299389547,129.00877017950774,12413000,AVGO,-0.005494781024530271,126.16360146658761,2024,5
2024-05-08,129.88388061523438,131.11277592561467,126.26970342518075,126.76068135977746,13918000,AVGO,0.017082046433022136,125.97810472760882,2024,5
2024-05-09,127.95331573486328,129.51540135724403,127.59365802130166,129.14497723948466,12170000,AVGO,-0.01486377579131748,126.05370003836495,2024,5
2024-05-10,130.61199951171875,131.70957456453263,128.89801793537498,128.89801793537498,16300000,AVGO,0.02077854537481949,127.31283351353237,2024,5
2024-05-13,131.07359313964844,133.1197932576606,130.34840100054163,132.10159041756617,18507000,AVGO,0.0035340828534538016,128.69796752929688,2024,5
2024-05-14,135.24046325683594,135.43253889350711,129.92601674658252,130.5669168468337,19420000,AVGO,0.03179030968311092,130.12482125418526,2024,5
2024-05-15,140.7421112060547,141.01454614438111,134.2556056430682,135.23754675372638,32757000,AVGO,0.040680487309264324,131.88683210100447,2024,5
2024-05-16,138.38621520996094,141.6466117173975,137.69336712029047,139.74545892953952,28395000,AVGO,-0.01673909802762996,133.41308266775948,2024,5
2024-05-17,136.73593139648438,139.11140409649937,135.41196263891115,138.41463824798026,18174000,AVGO,-0.01192520375655004,134.39194706508093,2024,5
2024-05-20,138.57241821289062,138.85759338231063,136.52718992794215,136.80551646710708,27170000,AVGO,0.013430901429128506,135.9089617047991,2024,5
2024-05-21,137.1190948486328,138.11769386593784,136.55658009394242,137.0681338649552,15333000,AVGO,-0.010487825665458583,136.8385467529297,2024,5
2024-05-22,136.43702697753906,137.6874850945575,135.65107941905717,136.80647915271814,21002000,AVGO,-0.0049742734361446495,137.60475158691406,2024,5
2024-05-23,136.53994750976562,140.03946343433333,135.04156272110532,139.98361269797905,31039000,AVGO,0.000754344583039801,137.79039219447546,2024,5
2024-05-24,137.96578979492188,138.52830451682976,136.4154574716201,137.17691142103243,16730000,AVGO,0.010442674917934047,137.3937748500279,2024,5
2024-05-28,138.41757202148438,138.8811106298134,136.4664302203944,138.17748118322086,22919000,AVGO,0.0032745960229274562,137.39825439453125,2024,5
2024-05-29,136.28317260742188,137.1092997942111,135.53152800823736,137.1092997942111,26861000,AVGO,-0.01542000327625459,137.33357456752233,2024,5
2024-05-30,133.67739868164062,135.5099603648897,132.85028460446884,135.1395212812425,21717000,AVGO,-0.019120291052274307,136.63428606305803,2024,5
2024-05-31,130.19552612304688,133.52747445039338,128.109146250586,133.41085334303474,73091000,AVGO,-0.026046830600631288,135.64520481654577,2024,5
2024-06-03,129.54383850097656,132.59158348444382,127.64561660861094,132.56218521718694,26278000,AVGO,-0.0050054532707553,134.66046360560827,2024,6
2024-06-04,130.41796875,130.53263095364593,128.0846347751545,129.39682018130188,23048000,AVGO,0.006747756274157801,133.78589521135603,2024,6
2024-06-05,138.4803009033203,138.6037706371312,131.37052574083253,131.90560112958815,32947000,AVGO,0.06181918205439252,133.8593967982701,2024,6
2024-06-06,137.32192993164062,139.42104959836226,136.04501954895701,139.3406903605261,20172000,AVGO,-0.008364879077554899,133.702876499721,2024,6
2024-06-07,137.84820556640625,139.6474512928055,136.90545726958626,137.9599219722931,17859000,AVGO,0.0038324223598342755,133.92645263671875,2024,6
2024-06-10,141.16348266601562,142.0043090062864,138.09221604627143,138.15787616471582,31042000,AVGO,0.024050201350008127,134.99589320591517,2024,6
2024-06-11,143.17831420898438,143.5683571131692,138.787998815963,140.94102547879248,34844000,AVGO,0.01427303651706957,136.85057721819197,2024,6
2024-06-12,146.55731201171875,147.56572050766357,144.6845704659259,146.99732904097084,56697000,AVGO,0.023599927275316013,139.28107343401228,2024,6
2024-06-13,164.5380401611328,170.11022372405344,161.94402406134134,167.57696305397164,89061000,AVGO,0.12268734942393267,144.1553693498884,2024,6
2024-06-14,170.03082275390625,171.22640218691026,164.84280592494906,165.30927540005425,69705000,AVGO,0.03338305590241819,148.66258675711495,2024,6
2024-06-17,179.22598266601562,180.61070684548417,174.29766074265194,176.39678075890885,87528000,AVGO,0.054079370805715454,154.6488800048828,2024,6
2024-06-18,176.64373779296875,181.45545363933093,174.92779709859306,180.27653226608072,86797000,AVGO,-0.01440775960402374,160.19109889439173,2024,6
2024-06-20,169.98377990722656,176.86228691377855,168.77448825785663,176.73585641464507,68157000,AVGO,-0.037702768119342256,164.30828421456474,2024,6
2024-06-21,162.54275512695312,167.96890282619168,161.83617999554474,166.17161626119196,99289000,AVGO,-0.04377491066697414,167.0746329171317,2024,6
2024-06-24,156.5291748046875,163.29189005610505,156.37679646213644,161.42892306065718,58575000,AVGO,-0.036996913935467335,168.49918474469865,2024,6
2024-06-25,155.40647888183594,157.88879971505986,153.75586355974798,157.30778792194758,53329000,AVGO,-0.007172438775406742,167.1946759905134,2024,6
2024-06-26,156.50852966308594,159.0822655064024,154.6986506205337,157.0610248974479,46479000,AVGO,0.00709140821656451,165.26291983468192,2024,6
2024-06-27,155.98358154296875,157.84752379028075,154.4440620920015,156.50855034034618,31649000,AVGO,-0.003354118278711349,161.9425768171038,2024,6
2024-06-28,157.83863830566406,161.15167430901306,155.9186684106431,156.8899564756845,69377000,AVGO,0.011892641163546491,159.25613403320312,2024,6
2024-07-01,161.3060302734375,162.08758803353103,156.65600086397146,158.10114993005251,47623000,AVGO,0.021967954139712198,158.0164555140904,2024,7
2024-07-02,162.94583129882812,163.1149205512913,159.4578104364042,161.30603156996372,32539000,AVGO,0.01016577633589355,158.07403782435827,2024,7
2024-07-03,169.99856567382812,169.99856567382812,163.63205142361485,164.17668630085058,39954000,AVGO,0.04328269289728515,159.99823651994978,2024,7
2024-07-05,167.4513702392578,173.5622856248351,166.73274079869375,172.5880421553976,45240000,AVGO,-0.01498362897636174,161.71893528529577,2024,7
2024-07-08,171.63441467285156,172.71975408056818,167.61749480058327,167.61749480058327,36398000,AVGO,0.024980652159590777,163.87977600097656,2024,7
2024-07-09,170.40061950683594,174.10394704827291,167.6725403034301,172.68632451602616,37802000,AVGO,-0.0071885068525874285,165.9393528529576,2024,7
2024-07-10,171.51939392089844,173.6625462989013,169.71739022721854,171.64819097496567,41074000,AVGO,0.006565553677565283,167.89374651227678,2024,7
2024-07-11,167.7108917236328,173.50327884136524,164.02921016139518,173.4826377113185,51026000,AVGO,-0.02220449892110765,168.80872671944755,2024,7
2024-07-12,167.1918182373047,169.67314908252905,166.27163786026208,168.21029899599057,30453000,AVGO,-0.0030950493494691367,169.41529628208704,2024,7
2024-07-15,168.52195739746094,170.57662008312803,166.39847093723122,167.1259658358718,22999200,AVGO,0.007955767059535823,169.20435224260603,2024,7
2024-07-16,166.5164337158203,169.8884382711256,163.58680337237664,169.48536621033475,22244900,AVGO,-0.011900666907817659,169.07078988211495,2024,7
2024-07-17,153.3429718017578,160.08699609312055,152.97923188397516,159.56595756193192,43343400,AVGO,-0.079112082934376,166.45772661481584,2024,7
2024-07-18,157.8062286376953,158.77948194642119,151.29813716517035,156.20378086563406,37973500,AVGO,0.029106367142196943,164.65852791922433,2024,7
2024-07-19,154.6898193359375,161.17822957926435,154.4636969556373,159.10390100885886,26309500,AVGO,-0.019748328875615728,162.25430297851562,2024,7
2024-07-22,158.3370819091797,160.2344607062348,155.23050196217147,157.52111227115293,28813300,AVGO,0.023577909579954204,160.9151872907366,2024,7
2024-07-23,161.00128173828125,162.53490572246537,157.19669839201674,157.68824531006658,21570200,AVGO,0.016826126874244896,160.03082493373327,2024,7
2024-07-24,148.7814178466797,158.6811799959973,148.54548492607918,157.63910292782103,37162600,AVGO,-0.07589917148278236,157.21074785505022,2024,7
2024-07-25,146.73660278320312,150.95408437880855,143.05984088027134,148.7027907529673,30872100,AVGO,-0.013743753037652628,154.3850577218192,2024,7
2024-07-26,149.06654357910156,150.98357382182238,147.3854462888242,150.9049245040667,20839900,AVGO,0.01587838856635404,153.77413940429688,2024,7
2024-07-29,147.68035888671875,152.37954627500477,146.62844127010337,149.449930811367,16625800,AVGO,-0.009299099979783398,152.3275865827288,2024,7
2024-07-30,141.09364318847656,150.87542466387674,140.9265190226611,150.6886344194881,31102300,AVGO,-0.044601162591260124,150.3852757045201,2024,7
2024-07-31,157.9635009765625,158.60252093246325,148.447160410259,148.90921568577377,45827500,AVGO,0.11956497406159361,150.33190699986048,2024,7
2024-08-01,144.53445434570312,156.22343900093946,143.69881861728572,154.83727314591238,40320000,AVGO,-0.08501360471145725,147.97950308663505,2024,8
2024-08-02,141.38856506347656,142.89269745769892,137.2399078059626,139.5305032815083,33745800,AVGO,-0.021765670313474872,146.92338126046317,2024,8
2024-08-05,139.67799377441406,142.96152405086485,126.32757579321162,127.4188107055439,41309300,AVGO,-0.012098370814461079,145.91500854492188,2024,8
2024-08-06,141.4868621826172,146.39250579354206,137.87890962740332,139.33388429525573,24751300,AVGO,0.012950274838028797,144.83219691685267,2024,8
2024-08-07,133.9661865234375,147.56237458265355,133.5336228829584,145.7436451854082,29749800,AVGO,-0.053154586533078585,142.87302943638392,2024,8
2024-08-08,143.2760772705078,143.79711571701299,136.06015831171766,138.81282359565117,27583200,AVGO,0.06949433277658867,143.18480573381697,2024,8
2024-08-09,145.7534942626953,147.02169377718016,141.6736606326356,141.7621354822539,18438700,AVGO,0.01729121175972792,141.44051906040735,2024,8
2024-08-12,146.107421875,148.57499735464776,143.89546042957312,145.57655772845993,17778500,AVGO,0.0024282615939676955,141.66522870744978,2024,8
2024-08-13,153.5199432373047,153.73622509003545,147.27729112596387,148.9878798700647,22053600,AVGO,0.05073336636277359,143.39828273228235,2024,8
2024-08-14,155.02407836914062,157.5407963347942,152.10428830720687,155.3485011538913,20184200,AVGO,0.009797652996203388,145.590580531529,2024,8
2024-08-15,163.3213653564453,163.8522293676559,157.6292442874718,158.47470549111816,27945000,AVGO,0.05352256936207889,148.70979527064733,2024,8
2024-08-16,162.91830444335938,163.2820443462105,159.9296909146134,161.68943720311006,19296900,AVGO,-0.0024679007073340475,152.84581211635046,2024,8
2024-08-19,164.8746795654297,164.99264602958624,157.70791685147975,162.0728560351358,20441700,AVGO,0.012008319929148747,155.93132672991072,2024,8
2024-08-20,163.14442443847656,165.52350979958015,161.37485247543447,164.22583369389727,19417500,AVGO,-0.010494365365947389,158.4157453264509,2024,8
2024-08-21,162.97731018066406,163.65564739110278,160.12634378984762,162.32846458799895,16097700,AVGO,-0.0010243332457586796,160.8257293701172,2024,8
2024-08-22,159.595458984375,169.50504722560026,158.75983817584483,167.95175707461073,30044500,AVGO,-0.02075044184089314,161.69366019112724,2024,8
2024-08-23,163.54747009277344,165.43500821468797,160.6965043358943,162.23995365919743,18848000,AVGO,0.024762678922997106,162.91128758021765,2024,8
2024-08-26,156.92144775390625,162.89866062736266,155.97768598488952,162.17118072225037,18521200,AVGO,-0.04051436769464256,161.99701363699776,2024,8
2024-08-27,158.66151428222656,159.2906937399708,153.19551493041945,154.93559522793927,16683100,AVGO,0.011088774372316479,161.38890075683594,2024,8
2024-08-28,155.50579833984375,159.53648965257034,153.60843416147654,157.37368589974147,18063600,AVGO,-0.019889611899010617,160.0504891531808,2024,8
2024-08-29,154.27691650390625,160.44091937632132,152.78262459608982,155.81055556848983,23519300,AVGO,-0.00790248240938185,158.78370230538505,2024,8
2024-08-30,160.06732177734375,160.48021932697102,156.0268061121392,158.39605050398958,25158500,AVGO,0.037532544755591424,158.36798967633928,2024,8
2024-09-03,150.20692443847656,158.02253367559595,148.820773310372,157.66861923844027,37179100,AVGO,-0.06160156382564552,157.02677045549666,2024,9
2024-09-04,151.51441955566406,155.12237218968338,146.62844191484464,147.7590088442847,20324100,AVGO,0.008704626115442649,155.3077632359096,2024,9
2024-09-05,150.2364044189453,153.71654993318725,147.57221357265888,148.0244433291551,31548500,AVGO,-0.00843494065097361,154.3527570452009,2024,9
2024-09-06,134.68385314941406,141.07396297037167,134.290621622299,140.82818951571946,76634600,AVGO,-0.10352052373512488,150.92737688337053,2024,9
2024-09-09,138.43927001953125,139.19624141160318,132.61934177911837,136.75817309520554,39516700,AVGO,0.027883200415650844,148.48930140904017,2024,9
2024-09-10,145.704345703125,147.32644455077934,138.6555496175304,138.8325143104649,36067500,AVGO,0.05247843103021843,147.2646484375,2024,9
2024-09-11,155.5942840576172,156.18413142860507,142.5879402658497,145.88131100695264,39700800,AVGO,0.06787675622690825,146.62564304896765,2024,9
2024-09-12,161.7779083251953,163.50816296021588,154.17859768641935,155.42713097404072,43530700,AVGO,0.03974197577391925,148.2786407470703,2024,9
2024-09-13,164.85501098632812,165.23841698984117,161.2667094141873,163.9210748240088,29850000,AVGO,0.01902053681487481,150.18443952287947,2024,9
2024-09-16,161.24705505371094,162.70202972961283,157.69808570851856,162.39727304082473,26126900,AVGO,-0.021885630961599345,151.75738961356026,2024,9
2024-09-17,159.72325134277344,163.21323734291678,157.98317111156803,162.6921988274926,19844300,AVGO,-0.009450118083892622,155.3344464983259,2024,9
2024-09-18,158.936767578125,164.6387144293047,158.63201091035717,161.0012704900278,26557600,AVGO,-0.004924040539098562,158.26266043526786,2024,9
2024-09-19,165.1309051513672,167.67563124331426,163.39497462243494,165.38734481638784,32453100,AVGO,0.03897233892212815,161.03788321358817,2024,9
2024-09-20,168.76058959960938,169.66800881575972,164.19388985677136,164.89417373926975,91758500,AVGO,0.021980648897400812,162.91878400530135,2024,9
2024-09-23,170.575439453125,170.95024862951573,166.04820092316606,169.64828941689086,29431100,AVGO,0.010753990951450243,164.17557416643416,2024,9
2024-09-24,172.449462890625,173.58374832473666,169.3326649858136,170.44721965972357,34223400,AVGO,0.010986478730514948,165.26049586704798,2024,9
2024-09-25,173.1201629638672,174.71800829124547,171.38421737347156,172.26204802310227,16613800,AVGO,0.0038892557970306996,166.95665413992745,2024,9
2024-09-26,175.655029296875,177.78549992605798,172.6072814816097,176.0594271112419,24340000,AVGO,0.014642236291892097,169.23262241908483,2024,9
2024-09-27,170.328857421875,176.02982779687693,169.41156524138304,175.7339266080034,20580900,AVGO,-0.030321772717354034,170.86006382533483,2024,9
2024-09-30,170.14146423339844,170.55571990551266,167.31070961553766,169.52007320014678,16902000,AVGO,-0.0011001846152963735,171.57585797991072,2024,9
2024-10-01,165.1802215576172,169.8948644886151,163.53305689805725,169.80609865041248,23770400,AVGO,-0.029159515572144468,171.0643768310547,2024,10
2024-10-02,168.32659912109375,170.47678513626389,164.73636880986345,165.25912100805283,14317800,AVGO,0.019048149553299032,170.7431139264788,2024,10
2024-10-03,169.539794921875,172.54809612463393,166.87671428588638,167.30082779062033,13072300,AVGO,0.007207392100332832,170.32744707380022,2024,10
2024-10-04,174.224853515625,174.4812931953401,170.24009784922612,173.8895058459606,17921400,AVGO,0.027633975822071166,170.48526000976562,2024,10
2024-10-07,172.68618774414062,175.87202075068134,171.48286721842052,172.42974806085093,15588300,AVGO,-0.008831494132072182,170.06113978794642,2024,10
2024-10-08,178.25894165039062,179.11705669776904,172.49879341244147,173.0215457153624,20774200,AVGO,0.03227098807987372,171.19400896344865,2024,10
2024-10-09,183.40757751464844,183.8711525979117,174.00787857130882,176.7893290708885,25504100,AVGO,0.028882903806057403,173.08916800362724,2024,10
2024-10-10,183.15109252929688,183.76261055171466,180.034295095388,181.05021086495987,16318000,AVGO,-0.0013984426861047838,175.65643528529577,2024,10
2024-10-11,178.99868774414062,180.0935117320496,174.97447024939856,178.66334004878578,23070000,AVGO,-0.022672017555625756,177.18101937430245,2024,10
2024-10-14,179.81732177734375,182.4212251622244,177.6671355577031,180.7937911904839,17195800,AVGO,0.004573408014997726,178.64923749651228,2024,10
2024-10-15,173.57388305664062,179.21567670972908,170.99956806790564,178.3181152080648,27657500,AVGO,-0.03472100829326097,178.55624171665735,2024,10
2024-10-16,174.4023895263672,176.7991574917182,172.93275652302304,176.0692699172097,15285100,AVGO,0.004773220804515921,178.8014133998326,2024,10
2024-10-17,179.04798889160156,182.973567229094,178.21947759326522,178.8901729156823,25232400,AVGO,0.02663724607128759,178.9141344342913,2024,10
2024-10-18,177.43043518066406,180.21188566955425,176.23697240596056,179.82721858600152,17835200,AVGO,-0.009034190894580685,178.0602569580078,2024,10
2024-10-21,177.52903747558594,179.2353793110972,175.81282273601042,176.92737728385188,13695100,AVGO,0.0005557236830393553,177.2571062360491,2024,10
2024-10-22,176.92739868164062,178.21948505700175,174.9843326659698,176.21724181042282,12062600,AVGO,-0.0033889599273473348,176.9612077985491,2024,10
2024-10-23,171.1376495361328,176.5328612329093,170.21051448846927,175.16186684680943,19513700,AVGO,-0.032723869726507204,175.72125462123327,2024,10
2024-10-24,169.00717163085938,171.91683385894754,167.18246029197493,171.87737234288417,20485200,AVGO,-0.012448914140448242,175.06886727469308,2024,10
2024-10-25,170.63462829589844,174.3826751644532,170.35845784717804,171.80836022804044,19977700,AVGO,0.009629512459942813,174.5306156703404,2024,10
2024-10-28,169.6680145263672,171.59134961719008,169.00717708747723,170.63461099890603,13195800,AVGO,-0.005664815982457161,173.19061933244978,2024,10
2024-10-29,176.78929138183594,177.7657456701994,168.8690852309661,170.08226346356,23702300,AVGO,0.04197182878191863,173.0990273611886,2024,10
2024-10-30,174.224853515625,176.73999113842856,173.21879545647155,175.04350697991887,17911500,AVGO,-0.014505617654590686,172.6270010811942,2024,10
2024-10-31,167.4487762451172,172.06478040765464,165.09145479284857,172.06478040765464,26086600,AVGO,-0.03889271325976529,171.27291216169084,2024,10
2024-11-01,166.61041259765625,168.98746510096208,165.20982957977537,165.9594329407063,17847000,AVGO,-0.00500668721659514,170.62616402762276,2024,11
2024-11-04,166.24546813964844,170.0921385598425,166.1172407755886,166.96548284903653,13621300,AVGO,-0.002190406063570016,170.23163495744978,2024,11
2024-11-05,171.52232360839844,172.01548729335664,167.72497226431705,167.72497226431705,13441800,AVGO,0.031741349269848174,170.3584485735212,2024,11
2024-11-06,177.09506225585938,177.74604185844208,173.55415101023954,177.17397024255058,24300800,AVGO,0.03248987379732582,171.4194553920201,2024,11
2024-11-07,181.29681396484375,182.34231846805935,179.3044286557922,179.50170615087126,18970600,AVGO,0.023725967598768216,172.06338718959265,2024,11
2024-11-08,181.12913513183594,182.5198601628718,179.34388522185745,180.48802844101428,13503200,AVGO,-0.0009248857127756027,173.04971313476562,2024,11
2024-11-11,176.4638214111328,181.1192874858165,174.40240095967505,180.8924213699862,17036700,AVGO,-0.025756837613713834,174.33757672991072,2024,11
2024-11-12,173.8105926513672,177.10492211976333,170.83188008315716,176.4539425097948,15862000,AVGO,-0.015035539514833607,175.36617388044084,2024,11
2024-11-13,171.20668029785156,173.18919258787466,170.24008383830466,172.32123487018637,17472500,AVGO,-0.014981321413123583,176.07491847446985,2024,11
2024-11-14,168.05044555664062,173.16948651052638,167.54740901540757,172.38042168225007,20638900,AVGO,-0.01843523124050983,175.57893589564733,2024,11
2024-11-15,162.586181640625,166.8273918612032,161.19545659443082,166.16655440418376,20836200,AVGO,-0.03251561695011351,173.50623866489954,2024,11
2024-11-18,163.4048309326172,164.07554127733505,160.0020049878093,163.39497307834162,17856900,AVGO,0.005035171400984861,170.9502410888672,2024,11
2024-11-19,163.08920288085938,164.51937426120062,162.06341420036543,164.38128905999852,18003400,AVGO,-0.0019315711166946192,168.37310791015625,2024,11
2024-11-20,161.01792907714844,163.27661193493515,158.6606074709197,163.27661193493515,17196700,AVGO,-0.012700250949316705,166.1665518624442,2024,11
2024-11-21,161.69850158691406,164.06568111052036,158.40417198401119,163.9769152646712,24835300,AVGO,0.004226687758724923,164.4362531389509,2024,11
2024-11-22,161.98452758789062,162.65523797517048,160.17954683041586,162.0535777226789,17332500,AVGO,0.0017688846722108131,163.1188027518136,2024,11
2024-11-25,162.5664825439453,164.9435200411516,160.66286291488044,163.1385391680569,26850600,AVGO,0.003592657673671562,162.33537946428572,2024,11
2024-11-26,162.487548828125,164.09525193478683,160.46557505209447,162.3494636217217,16308800,AVGO,-0.0004855472947751238,162.3212890625,2024,11
2024-11-27,157.4868927001953,160.96862718608617,155.38601054151044,160.96862718608617,19722700,AVGO,-0.030775626587974725,161.47586931501115,2024,11
2024-11-29,159.86392211914062,160.46558234226623,156.90494037593132,157.38824614537955,11024000,AVGO,0.01509350637497442,161.0151149204799,2024,11
2024-12-02,164.2333526611328,166.0777949390114,160.5247674457285,160.72202989492314,21472400,AVGO,0.027332186550107274,161.4744611467634,2024,12
2024-12-03,165.85092163085938,165.96929113536993,161.78725816310546,162.2311024170814,17024400,AVGO,0.009849211159100868,162.06766401018416,2024,12
2024-12-04,168.2279815673828,172.99194422354992,166.25532697104828,171.0686090021558,32748200,AVGO,0.014332509660779369,162.95958600725447,2024,12
2024-12-05,168.1392059326172,170.04281028316504,166.88656612283535,168.41537635601108,18490000,AVGO,-0.0005277102770805397,163.7556893484933,2024,12
2024-12-06,177.07533264160156,178.20960297603253,167.01479755089676,167.7742737588206,27830800,AVGO,0.05314719228878473,165.83965846470423,2024,12
2024-12-09,176.493408203125,178.31810466493087,173.6133343138179,176.50326605799654,20886300,AVGO,-0.00328631001165125,168.55487496512276,2024,12
2024-12-10,169.4608917236328,176.05942379664182,167.4093291249132,175.37885554873,27762600,AVGO,-0.0398457741345134,169.92587062290735,2024,12
2024-12-11,180.6951446533203,182.3423093134464,174.01770512442374,177.54875839679,41295200,AVGO,0.06629407419860045,172.27755519321985,2024,12
2024-12-12,178.18988037109375,179.5115552427107,173.5837340288521,178.45617788616346,46967200,AVGO,-0.01386459103277582,174.04026358468192,2024,12
2024-12-13,221.7263946533203,225.57306535660467,208.22357061897506,210.975417345146,121336600,AVGO,0.24432652511780417,181.68289402553015,2024,12
2024-12-16,246.5818328857422,248.43613308509438,227.65420898540688,228.620805556274,111623200,AVGO,0.11209959135124414,192.88898359026228,2024,12
2024-12-17,236.94540405273438,239.1547826320025,230.60332671137238,237.35965971444207,70382100,AVGO,-0.039080043814391674,201.44185093470983,2024,12
2024-12-18,220.5625,236.5706024789221,216.22266601831708,236.13661607072183,53960100,AVGO,-0.06914210519604846,207.73743547712053,2024,12
2024-12-19,215.33497619628906,224.93193629197148,214.60508860051337,224.7938510765717,40845200,AVGO,-0.02370087301200763,214.29087611607142,2024,12
2024-12-20,217.77117919921875,227.1412877426412,215.91689426894428,217.34706572080327,131910400,AVGO,0.01131354992097977,219.5874524797712,2024,12
2024-12-23,229.7871856689453,230.8255920971575,222.64682105758146,224.1896118439952,40643800,AVGO,0.05517721175920265,226.95849609375,2024,12
2024-12-24,237.0363311767578,237.58026771509478,232.21016765870442,237.47148040742738,22827200,AVGO,0.0315472139436721,229.1456298828125,2024,12
2024-12-26,242.6536865234375,244.55250716516346,234.97928454348445,237.35280657302064,28459000,AVGO,0.023698288438706916,228.58446611676897,2024,12
2024-12-27,239.08351135253906,243.06905947622363,233.74307907930736,242.9306042718209,29282200,AVGO,-0.014713047314670047,228.88991001674108,2024,12
2024-12-30,232.98155212402344,236.1363688075348,229.06522432265098,232.11125370361077,27316800,AVGO,-0.025522292164757543,230.66406032017298,2024,12
2024-12-31,229.28280639648438,234.8408281845078,228.75865349179406,233.27825373808736,17927700,AVGO,-0.015875702148168802,232.65660749162947,2024,12
