date,close,high,low,open,volume,ticker,daily_return,moving_avg_7d,year,month
2021-01-04,298.82489013671875,307.7903269355657,295.7294659227453,307.7903269355657,1887200,LMT,,,2021,1
2021-01-05,302.4231872558594,304.5041350633879,297.6629890471064,298.82487781315774,1479100,LMT,0.012041490645221531,,2021,1
2021-01-06,301.76422119140625,305.13711216323685,297.2121361216949,297.40289122113893,1897500,LMT,-0.002178953506946635,,2021,1
2021-01-07,297.0127258300781,301.60818033733756,295.96358592901043,298.58210935885126,2048900,LMT,-0.01574572141975139,,2021,1
2021-01-08,291.420166015625,297.81042237260834,290.4750695920127,296.4317940228974,3226300,LMT,-0.0188293609266178,,2021,1
2021-01-11,292.79010009765625,293.934630673854,289.00971459896914,290.4663754446639,3196400,LMT,0.004700889786596996,,2021,1
2021-01-12,296.40576171875,297.72368915288064,291.0126238898866,291.78429690294803,3002200,LMT,0.012348988643700043,297.23443603515625,2021,1
2021-01-13,299.56195068359375,301.0446492633506,294.08212598827333,296.02434099619984,1648100,LMT,0.010648203822159807,297.3397303989955,2021,1
2021-01-14,301.252685546875,307.62561054661916,300.7411210177378,301.7382392172659,1965600,LMT,0.005644024080571741,297.1725158691406,2021,1
2021-01-15,301.1052551269531,303.9058809019115,298.5127426702745,300.94918998376,1853100,LMT,-0.0004893912220375052,297.078377859933,2021,1
2021-01-19,296.1023254394531,304.31342173041844,296.0849936870915,304.11398750515235,2017200,LMT,-0.016615218772554008,296.9483206612723,2021,1
2021-01-20,296.2497253417969,298.0792174140001,294.12540826715673,297.0040666781343,1780000,LMT,0.0004978005563616161,297.6382577078683,2021,1
2021-01-21,294.515625,297.93183263610786,293.8999905407483,296.24975290860124,1661800,LMT,-0.005853508690332632,297.88476126534596,2021,1
2021-01-22,294.6976318359375,296.39706937840003,292.38255997875433,293.70916645896233,1557600,LMT,0.0006179870284894751,297.64074271065846,2021,1
2021-01-25,297.8451232910156,300.7758034529486,292.98088114171463,294.2467870034922,1976600,LMT,0.01068040973206874,297.3954816545759,2021,1
2021-01-26,286.7293701171875,298.25265703485803,286.7293701171875,293.9346691829587,3542400,LMT,-0.0373205814183073,295.3207223074777,2021,1
2021-01-27,288.3074035644531,291.0993501650071,285.84494545413355,288.1079693570249,2666300,LMT,0.005503564028410013,293.4924577985491,2021,1
2021-01-28,284.3362731933594,290.18895482334597,283.685975234472,287.98663145427867,1837800,LMT,-0.013773945177949498,291.8115931919643,2021,1
2021-01-29,279.0384521484375,285.24663154618185,278.9517404844784,283.6165475222168,2101100,LMT,-0.018632237756450953,289.3528398786272,2021,1
2021-02-01,280.9547119140625,282.3593511856307,277.29570123077326,281.69172151452574,1615500,LMT,0.006867368102391858,287.41556658063615,2021,2
2021-02-02,288.4721374511719,290.63979695573227,283.26107553478874,283.9026942807187,2065400,LMT,0.02675671636149235,286.52621023995533,2021,2
2021-02-03,288.2033386230469,289.07905503569236,284.6570245255829,287.5877042959096,2683100,LMT,-0.0009318017001572754,285.1488124302455,2021,2
2021-02-04,292.3999938964844,293.43180214387695,288.0213049451001,289.5906886234315,2174100,LMT,0.014561438786545366,285.95890154157365,2021,2
2021-02-05,292.2351379394531,296.0328809333197,291.7669161627714,294.4461396470526,1454700,LMT,-0.000563802874392727,286.52000645228793,2021,2
2021-02-08,292.9289245605469,294.3682541034644,290.6398891571244,293.9434011732119,1549900,LMT,0.0023740698192067367,287.7475280761719,2021,2
2021-02-09,296.83062744140625,298.71216758921565,291.82767868409013,293.53579548217675,1677500,LMT,0.013319623136269998,290.28926740373885,2021,2
2021-02-10,296.7005615234375,298.04449981867464,294.0646801830152,297.5936361720406,1728900,LMT,-0.0004381822694304871,292.5386744907924,2021,2
2021-02-11,294.05615234375,298.7989679034573,293.09369736521154,295.47812380861893,1181600,LMT,-0.008912720508884586,293.33639090401783,2021,2
2021-02-12,292.8335266113281,295.35668596082957,291.81905011507166,293.4144446581946,1207300,LMT,-0.0041577968108370555,293.9978463309152,2021,2
2021-02-16,290.4924011230469,294.80170952362863,289.44326127167625,294.15141163497356,1668400,LMT,-0.007994731735033067,293.725333077567,2021,2
2021-02-17,292.20050048828125,294.1687257876813,288.5501693006693,290.20626433331864,2010900,LMT,0.005880013930246841,293.7203848702567,2021,2
2021-02-18,292.99822998046875,294.43753269660334,290.7091686985743,292.09647616087193,1296200,LMT,0.0027300757214805405,293.73028564453125,2021,2
2021-02-19,290.83056640625,294.0126758980319,290.68315390996105,293.99534414698735,1849200,LMT,-0.007398213888060834,292.87313406808033,2021,2
2021-02-22,295.2091979980469,297.88842182820827,288.9143066634683,289.42587110411216,1657200,LMT,0.015055610027181698,292.6600821358817,2021,2
2021-02-23,300.2034912109375,301.27864179180824,293.3536664282821,299.2497157953171,2400000,LMT,0.016917810307941927,293.5382734026228,2021,2
2021-02-24,300.463623046875,303.73244410676887,298.79884887774705,301.1139209087599,2068700,LMT,0.0008665183568925539,294.6282871791295,2021,2
2021-02-25,296.2669982910156,302.6919434945998,295.3826028413062,299.83061740315594,1568000,LMT,-0.013967164188806502,295.45322963169644,2021,2
2021-02-26,288.5434265136719,295.97872515845086,288.324998484517,295.3146954174749,2024000,LMT,-0.026069632533817,294.93079049246654,2021,2
2021-03-01,291.3568420410156,295.07011931975586,290.78893437816026,291.8199084939387,1654500,LMT,0.00975040589673748,294.69630650111606,2021,3
2021-03-02,295.8302307128906,297.0709138532243,290.65786906880885,291.1820750935872,2076300,LMT,0.015353642085553787,295.4105442592076,2021,3
2021-03-03,297.8572082519531,302.5927131096883,295.830189691944,296.72136647407524,4052300,LMT,0.0068518269217379135,295.78883143833707,2021,3
2021-03-04,295.5331726074219,300.8628227380844,291.9509470006761,297.48156055047866,2196700,LMT,-0.00780251603837423,295.12164306640625,2021,3
2021-03-05,297.4377746582031,298.0843396800796,292.80711164738665,295.7253065758073,1451300,LMT,0.006444630340402657,294.6893790108817,2021,3
2021-03-08,298.32904052734375,302.356840959645,295.6991582802979,300.12013986693995,1599100,LMT,0.002996478406835923,294.9839564732143,2021,3
2021-03-09,294.8778991699219,299.55226527466544,294.67693574344946,298.2941174384538,1448800,LMT,-0.01156823804789986,295.88888113839283,2021,3
2021-03-10,297.79608154296875,299.8493106732004,293.2964687662368,296.546679418634,1760100,LMT,0.009896239702132714,296.8087724958147,2021,3
2021-03-11,296.82623291015625,300.2337049003557,295.7166014351835,297.9358377215507,1673500,LMT,-0.00325675417818605,296.9510585239955,2021,3
2021-03-12,297.2281494140625,300.25118609885885,295.85641488866463,296.74761837925473,2151900,LMT,0.0013540464397832075,296.86119297572543,2021,3
2021-03-15,302.6626281738281,302.86359156661405,299.3337870253934,300.8889935811882,2055800,LMT,0.01828386298699769,297.8796866280692,2021,3
2021-03-16,303.29168701171875,304.92552438047903,299.07164261662626,302.74998977326106,1687700,LMT,0.002078415963299385,298.71595982142856,2021,3
2021-03-17,306.6904296875,310.6483446655336,303.2917032847015,303.9032857923387,2083000,LMT,0.011206184743368652,299.9104439871652,2021,3
2021-03-18,313.1821594238281,313.66269048476505,308.0185169463016,309.18054247991006,2272200,LMT,0.02116704372856648,302.5253383091518,2021,3
2021-03-19,310.22894287109375,314.03831459680424,305.88659293175095,314.03831459680424,5739100,LMT,-0.009429708761723554,304.3014613560268,2021,3
2021-03-22,312.4919128417969,313.1122410463123,307.54669852385746,307.54669852385746,2190900,LMT,0.007294515946062008,306.53941563197543,2021,3
2021-03-23,308.9533386230469,313.8810879166231,308.13207373769615,312.01133112884554,1474600,LMT,-0.01132373054576119,308.21444266183033,2021,3
2021-03-24,311.1463317871094,316.877880716894,310.15903290187566,310.15903290187566,1592300,LMT,0.007098137129173843,309.4264003208705,2021,3
2021-03-25,315.60223388671875,316.1002561010128,309.4862501932875,309.9667811037708,1598100,LMT,0.014320921201340653,311.185049874442,2021,3
2021-03-26,318.65155029296875,319.1233623190783,314.3179455011319,316.5546464687624,2010500,LMT,0.009661897410220943,312.89378138950894,2021,3
2021-03-29,325.7111511230469,326.97801770840016,318.9049261914065,318.9049261914065,2245500,LMT,0.022154610023354726,314.6836373465402,2021,3
2021-03-30,323.7452697753906,326.88189282850465,322.05898525820567,326.1130219599888,1518600,LMT,-0.006035658714409808,316.61454119001115,2021,3
2021-03-31,322.836669921875,325.55390216654143,320.9844042550727,323.9288102125444,1375500,LMT,-0.0028065270394406205,318.0923636300223,2021,3
2021-04-01,324.1646423339844,325.88585617694855,321.8231003876546,322.3910078999514,1261600,LMT,0.004113449728095464,320.2654070172991,2021,4
2021-04-05,330.91851806640625,332.3601379609098,325.07338092113685,325.07338092113685,1489300,LMT,0.02083470820196176,323.09000505719865,2021,4
2021-04-06,331.11065673828125,332.09795562120155,328.79532513791435,328.96133256054213,1035700,LMT,0.0005806223024256152,325.3054940359933,2021,4
2021-04-07,332.1766052246094,332.36007729969316,328.5769156410301,330.9097120149698,976900,LMT,0.003219311926800028,327.2376447405134,2021,4
2021-04-08,337.27032470703125,338.4935429396806,330.5340120922704,331.66110813186236,1863400,LMT,0.015334371543046066,328.88895525251115,2021,4
2021-04-09,337.453857421875,340.97491636290925,335.2084107696448,338.0217649936071,1400900,LMT,0.0005441709554587781,330.84732491629467,2021,4
2021-04-12,338.8692932128906,339.6206729310068,335.75887981199895,338.24021934172254,1067400,LMT,0.004194457286188502,333.13769967215404,2021,4
2021-04-13,338.2227478027344,339.1751176515787,335.80257438680803,337.7422167143231,1124300,LMT,-0.0019079492391482766,335.14600045340404,2021,4
2021-04-14,339.5857238769531,341.83114390957496,338.1266128080544,338.4760923464579,1078800,LMT,0.004029817873201447,336.38417271205356,2021,4
2021-04-15,341.2981872558594,342.4951686556516,338.7382170118504,339.5857188783833,1289400,LMT,0.005042801444523404,337.8395342145647,2021,4
2021-04-16,342.3291320800781,344.5396226027219,340.5729622456522,343.2115898239163,1499500,LMT,0.0030206571927846593,339.2898951939174,2021,4
2021-04-19,342.25927734375,342.83593057455306,337.79459429793604,342.4951700303415,1317600,LMT,-0.0002040572355138659,340.00260271344865,2021,4
2021-04-20,338.41485595703125,342.0582467153203,336.04710391172466,339.0002547268053,1370100,LMT,-0.011232482627074547,340.13988821847096,2021,4
2021-04-21,338.3362731933594,341.52534376577427,336.3354916341066,338.5809115206888,1358500,LMT,-0.00023220837468751476,340.0637425013951,2021,4
2021-04-22,332.0892333984375,337.92562390642473,330.6126577963025,337.92562390642473,1670500,LMT,-0.018463996591201126,339.1875261579241,2021,4
2021-04-23,329.64288330078125,330.77869849499416,326.17424480132206,330.77869849499416,1298000,LMT,-0.007366544445363443,337.7671203613281,2021,4
2021-04-26,325.00347900390625,327.9129289449204,323.9025930817805,327.0130064309293,1518100,LMT,-0.014074031419758604,335.4393048967634,2021,4
2021-04-27,326.0869140625,326.9780910325392,323.39589184123884,324.5841278012912,1564900,LMT,0.0033336106490746698,333.1189880371094,2021,4
2021-04-28,325.8421325683594,326.66342392386474,324.10345434260154,326.2964531776203,1110400,LMT,-0.0007506633464405832,330.773681640625,2021,4
2021-04-29,332.3163757324219,333.74053060659054,327.5022139178315,327.6420110421719,1385600,LMT,0.01986926341609374,329.90247017996654,2021,4
2021-04-30,332.4998779296875,333.7580254992105,329.91369755392464,331.0145566795741,1103700,LMT,0.0005521912570849441,329.0686994280134,2021,4
2021-05-03,336.6500244140625,337.5936484621466,331.1893235085068,331.80965166557587,1347400,LMT,0.012481648144402113,329.7202410016741,2021,5
2021-05-04,338.5460205078125,340.87881720294104,335.9773044486596,338.3450570983808,1509600,LMT,0.005631949966586225,330.9921177455357,2021,5
2021-05-05,337.5761413574219,338.54597565792534,333.50463975313914,337.54993106084487,1079300,LMT,-0.0028648369546209196,332.78821236746654,2021,5
2021-05-06,338.42364501953125,340.1361132869602,337.25287399338043,338.99155255753,1079500,LMT,0.0025105555703714977,334.5506025041853,2021,5
2021-05-07,341.0448303222656,343.0194285040442,337.1568268779478,338.12663465945974,1203700,LMT,0.007745278266780398,336.72241646902904,2021,5
2021-05-10,343.4911804199219,346.85495060186105,341.87480773689975,341.93594731826875,1578600,LMT,0.00717310417913275,338.3188171386719,2021,5
2021-05-11,338.8431091308594,342.2156257958637,335.86374700101754,341.64771813601794,1353200,LMT,-0.013531850463759154,339.22499302455356,2021,5
2021-05-12,332.5523376464844,341.05356706254054,332.185393449291,338.9741277331757,1633700,LMT,-0.018565440213646256,338.63960920061385,2021,5
2021-05-13,338.7993469238281,341.0797494742547,332.8406503934372,333.5658197376518,1105800,LMT,0.01878504093988531,338.67579868861606,2021,5
2021-05-14,341.4293212890625,342.5826280248536,339.51588905218637,340.89636953812635,799800,LMT,0.0077626311535532455,339.2262529645647,2021,5
2021-05-17,341.72625732421875,342.5213385000374,339.62935370874175,340.42443488456047,979100,LMT,0.0008696852222156437,339.6980547223772,2021,5
2021-05-18,338.3188171386719,344.39112719902425,338.1964846401126,341.85734065301455,1171800,LMT,-0.009971256561400299,339.3086242675781,2021,5
2021-05-19,336.85101318359375,337.0170206367154,333.1901568876253,336.37920112400684,995000,LMT,-0.004338522957404667,338.3600289481027,2021,5
2021-05-20,339.2799072265625,340.34583711214486,337.3140548963672,337.9431287085729,1094700,LMT,0.007210588503247184,338.4224286760603,2021,5
2021-05-21,338.3188171386719,342.6611675566909,336.86845178140663,340.13612666445783,892500,LMT,-0.002832735058633573,339.24621146065846,2021,5
2021-05-24,338.7469482421875,340.5293285888656,337.2179518982991,340.3109005397387,931400,LMT,0.0012654664234656998,339.2387259347098,2021,5
2021-05-25,337.1217956542969,340.3108392646264,336.5363968560662,338.9128946692068,978500,LMT,-0.004797541634910085,338.6233651297433,2021,5
2021-05-26,335.6190185546875,337.3140220876115,333.9414796641116,336.8771660567254,999500,LMT,-0.0044576681750663205,337.7509024483817,2021,5
2021-05-27,338.4673767089844,338.9566534003123,335.7501179440505,338.4760956996146,3979300,LMT,0.008486879458032615,337.7721252441406,2021,5
2021-05-28,336.1891174316406,339.5316462164832,335.5909583790326,338.3881565910738,935500,LMT,-0.006731104484857364,337.6775687081473,2021,5
2021-06-01,335.9429016113281,338.15071916978826,335.24799756454394,337.97481210374826,962200,LMT,-0.000732372963745842,337.2008536202567,2021,6
2021-06-02,338.7312316894531,339.091877374317,334.808152894185,336.0220269447651,1007600,LMT,0.008300011891160475,337.25976998465404,2021,6
2021-06-03,340.7190856933594,340.88621479390247,336.980719638423,337.5612691176144,1649700,LMT,0.005868528845101251,337.54150390625,2021,6
2021-06-04,346.6566162109375,347.9056557011395,340.9478910189367,341.2909540897465,1836100,LMT,0.017426468803458217,338.9036211286272,2021,6
2021-06-07,344.3783874511719,348.08156242069805,342.70709597072056,347.4834301244016,1087900,LMT,-0.006572004263664,340.1549595424107,2021,6
2021-06-08,341.7571105957031,345.3899279841435,340.47287910071026,344.37837522759963,1065000,LMT,-0.007611618356394123,340.6249215262277,2021,6
2021-06-09,340.2353820800781,342.4080341886247,338.7576339725934,342.4080341886247,1046100,LMT,-0.004452660876528736,341.2029593331473,2021,6
2021-06-10,341.0446472167969,342.8214615115987,339.6108691334629,342.29371349395575,913700,LMT,0.00237854491138223,341.93178013392856,2021,6
2021-06-11,341.0446472167969,342.3024913984201,338.80163761058077,341.97703783962544,751000,LMT,0.0,342.26226806640625,2021,6
2021-06-14,342.26727294921875,342.5751438316831,339.42613124549337,340.94784931900796,868400,LMT,0.0035849433275070286,342.48343767438615,2021,6
2021-06-15,342.87420654296875,344.853341968523,342.2232994818951,343.0501404294038,943900,LMT,0.0017732738176228224,341.9430934361049,2021,6
2021-06-16,337.4206237792969,343.9297752829101,337.06878283062065,343.7626461346337,1524200,LMT,-0.015905491458974574,340.9491271972656,2021,6
2021-06-17,336.80487060546875,339.1094596117299,333.8757619231294,338.0187446545664,1246400,LMT,-0.0018248830404358207,340.24166434151783,2021,6
2021-06-18,333.5414733886719,336.1011582505542,333.3743442612,334.40350642280356,2416200,LMT,-0.009689281544326578,339.285391671317,2021,6
2021-06-21,336.4530029296875,339.0390752173522,334.79051638315707,335.3359006621382,1186900,LMT,0.008729137973264356,338.6294424874442,2021,6
2021-06-22,336.43548583984375,337.66694268257373,333.94615790842755,335.6086447789224,636200,LMT,-5.20640020782448e-05,337.9709908621652,2021,6
2021-06-23,331.90545654296875,336.461887317298,331.84390383106677,336.197986440408,1024000,LMT,-0.01346477850149097,336.490731375558,2021,6
2021-06-24,332.2572937011719,334.24520720271266,331.48322748376006,333.83178669312883,1032700,LMT,0.0010600523470380985,334.9740295410156,2021,6
2021-06-25,336.0220642089844,337.2623257963048,331.5184352881799,331.5184352881799,1708100,LMT,0.011330888980268572,334.7742353166853,2021,6
2021-06-28,334.3155822753906,336.6553635157298,333.2160625295777,335.72297291877993,778200,LMT,-0.005078481788423406,334.4186226981027,2021,6
2021-06-29,328.46612548828125,334.6058262491187,328.3165789993925,334.14843572243143,1223900,LMT,-0.01749681168702122,333.6935729980469,2021,6
2021-06-30,332.80267333984375,333.7614514271405,328.6420805665318,329.4161468354034,1077600,LMT,0.013202420326041242,333.1720973423549,2021,6
2021-07-01,334.44744873046875,335.2390974117212,331.80860189713496,331.8877640808864,752800,LMT,0.004942194045855608,332.8880920410156,2021,7
2021-07-02,335.5645751953125,337.05993257999467,333.33037070877435,335.79328386076133,778700,LMT,0.003340215238849309,333.4108232770647,2021,7
2021-07-06,333.0841064453125,334.55304970906127,328.69480561775947,334.25398357658395,1142700,LMT,-0.007391926720978437,333.5289393833705,2021,7
2021-07-07,337.31512451171875,338.3002900525117,331.97584940559364,332.8554653304084,952900,LMT,0.012702551651472715,333.71366228376115,2021,7
2021-07-08,334.1836853027344,335.74059578554244,332.4332314039873,333.84062221595207,894500,LMT,-0.009283423663606238,333.69481985909596,2021,7
2021-07-09,336.9895935058594,338.1155274906749,334.9312957718879,336.62897465329377,542900,LMT,0.008396305165475626,334.91245814732144,2021,7
2021-07-12,333.43597412109375,337.174341342541,330.9378684225995,335.9252750714217,1008200,LMT,-0.010545190276636363,335.0029296875,2021,7
2021-07-13,332.35394287109375,334.8608526077301,332.0900689382844,333.37430015085135,709500,LMT,-0.003245094512828506,334.703857421875,2021,7
2021-07-14,331.4568176269531,332.8378208147398,330.0406222924653,332.3540160397626,698900,LMT,-0.0026993067583030994,334.1170349121094,2021,7
2021-07-15,332.7146301269531,333.06647102932413,329.85587917411084,329.9614287604481,713400,LMT,0.0037948005082690806,334.0642525809152,2021,7
2021-07-16,331.73834228515625,334.0077394197965,330.10224280727937,333.04015659349795,890800,LMT,-0.0029343099262703065,333.267569405692,2021,7
2021-07-19,327.2346496582031,331.45682146775886,323.31157083345903,329.9878513180687,1357600,LMT,-0.013576038862224249,332.2748500279018,2021,7
2021-07-20,334.2363586425781,334.8169081829121,328.09663184668767,328.1054365930339,1268000,LMT,0.021396600242939767,331.88153076171875,2021,7
2021-07-21,335.0368347167969,338.38816836487945,333.72618907842934,334.2363812136636,922800,LMT,0.0023949401479530508,332.11022513253346,2021,7
2021-07-22,334.19244384765625,335.61741723136106,332.34524519169815,334.91373528801773,688400,LMT,-0.002520292641417732,332.3728681291853,2021,7
2021-07-23,334.93133544921875,336.4530806148334,334.42117004018866,335.9868852631562,795900,LMT,0.0022109763855082676,332.86922781808033,2021,7
2021-07-26,323.7425842285156,329.292957775176,322.2912235282686,328.09669317300074,2720700,LMT,-0.03340610458467996,331.58750697544644,2021,7
2021-07-27,329.618408203125,330.33967269180835,323.9184886775171,323.9184886775171,1460600,LMT,0.018149678976003614,331.284659249442,2021,7
2021-07-28,327.9295349121094,330.94661039368657,325.97678693706325,330.73551121057073,775200,LMT,-0.005123722610707038,331.38392857142856,2021,7
2021-07-29,327.74481201171875,330.6123409121783,326.6452923973771,329.7239473175338,754800,LMT,-0.0005633005896834575,330.4565647670201,2021,7
2021-07-30,326.9267883300781,328.6596323821206,325.5545631028019,327.2786292513385,798600,LMT,-0.0024959164925282273,329.29798671177457,2021,7
2021-08-02,323.9624938964844,329.89112274277204,323.76897734345283,327.4809571561529,1176500,LMT,-0.009067150626399179,327.83656529017856,2021,8
2021-08-03,324.9740295410156,325.37864524482404,321.93934465310076,324.9124499998137,872900,LMT,0.003122385040209119,326.4140930175781,2021,8
2021-08-04,318.1042785644531,321.37642365035805,316.31863267685713,320.611162180671,1608100,LMT,-0.021139384541789874,325.6086207798549,2021,8
2021-08-05,317.3477478027344,319.31807835981687,316.5560990498881,318.80791307047963,912600,LMT,-0.0023782476775630057,323.8556692940848,2021,8
2021-08-06,318.4648742675781,319.7051357069108,317.1542553788917,318.68477820695466,704500,LMT,0.003520196606336512,322.50357491629467,2021,8
2021-08-09,317.5765075683594,318.790381711774,316.4681830298078,317.27744140666584,945100,LMT,-0.0027895280484602214,321.0509599958147,2021,8
2021-08-10,318.63201904296875,319.3533104420128,316.749655188292,316.82881738910265,842100,LMT,0.0033236446949154175,319.8659929547991,2021,8
2021-08-11,319.5644226074219,320.4880353418334,317.5413169213214,318.81677062152283,900100,LMT,0.002926270772327433,319.2376970563616,2021,8
2021-08-12,316.4418029785156,320.4440443704191,315.6061571810325,318.71120006701625,1005400,LMT,-0.009771487086790986,318.018807547433,2021,8
2021-08-13,314.8848571777344,317.6028666354568,314.4714366997398,316.8815752749144,1222200,LMT,-0.004920164738433597,317.5588902064732,2021,8
2021-08-16,316.8815612792969,317.1102699551584,312.7561614290914,314.88484327030534,1625700,LMT,0.006341061045166407,317.49229213169644,2021,8
2021-08-17,318.0690002441406,318.8870362939947,315.4917330279404,315.82596440080687,1571000,LMT,0.0037472643092577584,317.4357386997768,2021,8
2021-08-18,313.6709899902344,317.10148613585426,313.6357978430697,316.2218703629392,961000,LMT,-0.013827220667623874,316.8778076171875,2021,8
2021-08-19,311.410400390625,316.57374116976035,311.0057846131597,312.4659501552036,1345700,LMT,-0.007206881323898462,315.8461478097098,2021,8
2021-08-20,314.1723937988281,315.6149497828523,311.0057714825324,312.03490695798826,904300,LMT,0.00886930367366845,315.0758579799107,2021,8
2021-08-23,314.33062744140625,315.8435672865702,313.503786663018,314.8495974033756,827800,LMT,0.0005036522804082733,314.7742614746094,2021,8
2021-08-24,315.7820739746094,317.09269293397665,314.8321007165181,315.7556865742108,822600,LMT,0.004617579091855006,314.9024353027344,2021,8
2021-08-25,315.5621337890625,317.23339825780346,314.89361726406975,316.38897469826696,953500,LMT,-0.0006964935747574286,314.7139456612723,2021,8
2021-08-26,318.086669921875,318.40334557720445,314.23394831845843,315.8700477095473,1172400,LMT,0.008000123787032187,314.71646990094865,2021,8
2021-08-27,318.4120788574219,320.47037637549437,317.69959228746376,319.5555953744005,1203900,LMT,0.0010230197185778778,315.3937683105469,2021,8
2021-08-30,318.4648742675781,320.14494358566384,318.20100027782337,318.6408081565764,986000,LMT,0.00016580844026292674,316.40155029296875,2021,8
2021-08-31,318.77496337890625,319.7052567636975,317.26881657738926,318.42057748666167,1083900,LMT,0.0009736995706082219,317.0590602329799,2021,8
2021-09-01,315.9930114746094,318.5180549393207,315.886698408796,317.44600177057697,1116000,LMT,-0.008727008780141099,317.29654366629467,2021,9
2021-09-02,317.2244873046875,317.8358144326768,314.98296351469645,316.1258829763168,2071500,LMT,0.003897161599654808,317.50260271344865,2021,9
2021-09-03,315.4083251953125,317.41948652400356,315.080517498002,317.22457018534374,893200,LMT,-0.005725163668183653,317.48063005719865,2021,9
2021-09-07,309.3836669921875,314.2742580091027,309.26848547453176,314.2742580091027,2033500,LMT,-0.019101138815515784,316.23734392438615,2021,9
2021-09-08,311.3859558105469,313.26422566182094,309.613999039471,310.4379794868364,1215300,LMT,0.006471863359257313,315.2336120605469,2021,9
2021-09-09,309.1444091796875,311.59858643409217,308.1964058867436,310.54427006865217,1098900,LMT,-0.007198611848195147,313.90211704799106,2021,9
2021-09-10,306.4421691894531,310.16326171085535,306.389012656141,309.5962496762226,1222600,LMT,-0.008741028173224086,312.1402893066406,2021,9
2021-09-13,306.8231201171875,309.45447655423004,303.66903976652566,308.2406906994637,1489200,LMT,0.0012431413363962474,310.83030482700894,2021,9
2021-09-14,305.07769775390625,308.58616348280435,303.4297914550578,308.3203808661856,1325600,LMT,-0.005688692438218457,309.0950491768973,2021,9
2021-09-15,305.724609375,307.3725164169916,304.6968710640933,305.4853778742528,1149700,LMT,0.0021204815227613416,307.711661202567,2021,9
2021-09-16,302.5615539550781,306.4952993086249,301.89707030803186,306.087756909051,1451400,LMT,-0.010346093585296257,306.73707362583707,2021,9
2021-09-17,302.10089111328125,303.722219509065,300.47953567958547,301.1883345438475,2108000,LMT,-0.0015225425563000217,305.410635811942,2021,9
2021-09-20,299.86822509765625,301.80851984930695,297.5912812844855,300.0808782876695,1709800,LMT,-0.0073904648456922795,304.08546665736606,2021,9
2021-09-21,297.7330017089844,301.2946518367778,296.89133853313655,300.1162855375135,1317000,LMT,-0.00712053899000642,302.841299874442,2021,9
2021-09-22,302.7653503417969,304.06773942171543,299.4783516404391,299.58469173990807,1335900,LMT,0.016902219787282124,302.2616184779576,2021,9
2021-09-23,304.9537658691406,305.46762142722685,301.3300905412882,301.4895871967552,1366200,LMT,0.007228091077374543,302.24391392299106,2021,9
2021-09-24,309.6671447753906,312.6972026448951,307.8863466683727,309.17986749551153,1693000,LMT,0.015456044272208036,302.80713326590404,2021,9
2021-09-27,313.0692443847656,316.50684413353963,311.2618683205329,311.98837693504885,1866000,LMT,0.01098631116272486,304.30823189871654,2021,9
2021-09-28,311.99725341796875,314.7969480948304,310.02153911018934,313.0692795920046,1140100,LMT,-0.0034241337532324723,305.7219979422433,2021,9
2021-09-29,310.349365234375,312.3782361980059,305.6359539013716,308.43564874493194,1547700,LMT,-0.005281739392064888,307.2193036760603,2021,9
2021-09-30,305.75115966796875,312.1301881008981,305.57395316792247,311.4479944477599,1054300,LMT,-0.014816223525811578,308.364754813058,2021,9
2021-10-01,308.1432800292969,309.80892376533336,303.686809710734,307.7091592607461,960400,LMT,0.007823749103440303,309.1330304827009,2021,10
2021-10-04,306.53961181640625,310.33159771603187,304.51074105313785,308.045785684828,1127400,LMT,-0.005204293965904938,309.35957990373885,2021,10
2021-10-05,308.0989074707031,310.49105933596235,305.5029979313635,306.5484456789742,889400,LMT,0.005086767237216794,309.1355460030692,2021,10
2021-10-06,310.0835266113281,310.21644498239107,304.95373188628884,307.46103849812414,995700,LMT,0.0064415000913746745,308.7090148925781,2021,10
2021-10-07,311.66949462890625,314.0616472327422,310.24308231830685,310.24308231830685,1042600,LMT,0.005114647768973635,308.66219220842635,2021,10
2021-10-08,313.4148254394531,314.66405809423475,310.8011786241571,311.935229773206,768500,LMT,0.005599941093448857,309.10011509486606,2021,10
2021-10-11,316.3650817871094,318.3585327246823,313.7425939020724,314.433655812248,996800,LMT,0.009413263535059446,310.6163896833147,2021,10
2021-10-12,317.2865295410156,319.2888490569346,315.41712839417215,316.27652838625227,840200,LMT,0.002912608903299585,311.92256818498885,2021,10
2021-10-13,320.51153564453125,321.0697063295238,313.149057739821,318.61552900267804,1102100,LMT,0.010164333506943679,313.9185573032924,2021,10
2021-10-14,320.7861633300781,322.63785469650907,319.2711209992525,320.74184819319294,973300,LMT,0.0008568418138044098,315.7310224260603,2021,10
2021-10-15,323.9313659667969,324.4806681600178,322.0619648229057,322.5846887499356,952700,LMT,0.009804670513430036,317.7092851911272,2021,10
2021-10-18,323.3821105957031,325.93373267112736,320.6178623599651,322.7884931809409,1014600,LMT,-0.001695591809871333,319.3825160435268,2021,10
2021-10-19,328.75994873046875,328.857393357701,322.18597835848465,324.7110217249097,1051300,LMT,0.01662998031913121,321.5746765136719,2021,10
2021-10-20,328.8131408691406,330.08895182322266,327.63477455284334,329.3890213741843,955200,LMT,0.00016179628594437112,323.3529706682478,2021,10
2021-10-21,330.5939636230469,330.70027669548375,325.27809369790054,329.25612770641965,803600,LMT,0.0054159111439373575,325.25403267996654,2021,10
2021-10-22,331.887451171875,334.03150335245425,329.80539691873486,331.2938338596525,1092000,LMT,0.003912616959645954,326.87916346958707,2021,10
2021-10-25,333.4201965332031,334.9883954039664,331.8963127994947,333.0481007942472,1350300,LMT,0.004618268500107714,328.6840253557478,2021,10
2021-10-26,294.0650634765625,311.15559260987726,288.82892843131043,308.6128121538658,9439700,LMT,-0.11803464057019564,324.4174107142857,2021,10
2021-10-27,293.2055969238281,298.0696080796294,292.8512110885728,295.0307096614037,2822900,LMT,-0.0029227088133945145,320.10648018973217,2021,10
2021-10-28,293.60430908203125,296.678627274469,288.0669457015763,292.37278648802265,2874600,LMT,0.0013598381558408423,315.08424595424106,2021,10
2021-10-29,294.4283142089844,296.2356904679413,291.3451000011389,292.37283807042076,1821500,LMT,0.0028065157814931574,310.172127859933,2021,10
2021-11-01,293.1968078613281,296.09397436006253,292.4348794611645,292.7892653923548,1865000,LMT,-0.00418270352484551,304.82967703683033,2021,11
2021-11-02,289.10357666015625,294.1802420484179,288.2175983609218,293.657518096419,2745000,LMT,-0.013960694971508092,298.7176949637277,2021,11
2021-11-03,293.56884765625,295.1193093249845,287.26068793580663,288.3858703846136,1902600,LMT,0.015445229172459163,293.02464512416293,2021,11
2021-11-04,297.2457275390625,297.45835368457386,293.52460776513715,293.52460776513715,1847900,LMT,0.012524761779621363,293.4790257045201,2021,11
2021-11-05,301.1351623535156,301.69330594284594,297.99879175724936,298.5303841183317,2145300,LMT,0.013084914110134571,294.61182076590404,2021,11
2021-11-08,302.8097229003906,303.90832756014646,299.0886024804369,302.67683153637455,1733000,LMT,0.005560827017965897,295.9268798828125,2021,11
2021-11-09,299.6112976074219,303.00458264504016,298.6632943246674,302.455280417773,1769200,LMT,-0.010562492057168416,296.6673060825893,2021,11
2021-11-10,299.1328430175781,301.8528027536717,299.01766151818686,300.1428441701038,1268700,LMT,-0.001596917718605706,297.5153111049107,2021,11
2021-11-11,297.5912780761719,298.7607489380259,295.2965703785427,298.6987510029409,1216500,LMT,-0.005153445960180525,298.7278398786272,2021,11
2021-11-12,300.3997802734375,301.57814647536594,296.8292890432127,297.35201296092833,1097400,LMT,0.009437447950160438,299.7036873953683,2021,11
2021-11-15,302.0477600097656,302.6945069203384,300.7276338430133,300.83394692212585,1068600,LMT,0.005485955198862191,300.3896920340402,2021,11
2021-11-16,301.5604553222656,304.45762191421784,301.0200214914464,302.90715975719877,1307500,LMT,-0.0016133365381827414,300.450448172433,2021,11
2021-11-17,302.9957275390625,304.37785160328247,300.7719402643276,300.7719402643276,1751000,LMT,0.00475948418124994,300.4770202636719,2021,11
2021-11-18,303.0754089355469,303.9879653945392,301.418634037582,303.642447958331,1431300,LMT,0.00026297861402713174,300.9718933105469,2021,11
2021-11-19,302.5084228515625,303.8905467905508,300.65673151071167,302.0122771831006,1426500,LMT,-0.001870775613157516,301.45411900111606,2021,11
2021-11-22,305.6448059082031,307.95719630995654,302.54388183547155,302.76537641209524,1229400,LMT,0.010367919765922107,302.6046229771205,2021,11
2021-11-23,305.8220520019531,308.4002526803319,305.37022135294274,305.6448725247845,1212700,LMT,0.000579908738260082,303.37923322405135,2021,11
2021-11-24,304.4044494628906,307.4345075143255,303.93488198826145,305.5385007433865,1134500,LMT,-0.004635383648048497,303.71590314592635,2021,11
2021-11-26,303.6424255371094,304.0942830351556,299.53147403920724,300.6035270428892,1079900,LMT,-0.0025033271593953854,304.0133274623326,2021,11
2021-11-29,302.3223571777344,305.3080994474739,300.52382247602094,304.77650710888815,1492300,LMT,-0.004347443731026579,303.91713169642856,2021,11
2021-11-30,297.757568359375,302.25982315666005,297.49850128496627,301.22360938224404,2763200,LMT,-0.015099077888162116,303.1574401855469,2021,11
2021-12-01,293.38037109375,300.10698258477504,293.18384214565907,299.2583286585619,2248300,LMT,-0.014700540744415291,301.85343279157365,2021,12
2021-12-02,295.2652587890625,298.28464589497634,293.2999691752688,294.7918063723229,1804100,LMT,0.00642472326381438,300.37064034598217,2021,12
2021-12-03,298.1952819824219,298.7044743254332,295.0955006695351,295.997750898912,1603200,LMT,0.009923359102171236,299.2811017717634,2021,12
2021-12-06,303.68914794921875,305.87776466389124,301.26828956403114,301.26828956403114,1946900,LMT,0.018423718612424977,299.17891584123885,2021,12
2021-12-07,302.98345947265625,305.60976141259385,302.6529124240483,303.72489354119153,1540700,LMT,-0.0023237197684802258,299.08477783203125,2021,12
2021-12-08,304.6896057128906,305.8509229465423,302.8493926584537,303.46577761239314,1376900,LMT,0.005631153077477968,299.42295619419644,2021,12
2021-12-09,306.9407653808594,308.2896424992291,302.17941644026354,303.6712534326956,1591500,LMT,0.007388370412904743,300.7348414829799,2021,12
2021-12-10,308.0841979980469,310.1923926861394,307.8340727424832,308.9417664083211,1180700,LMT,0.0037252549877782037,302.83538818359375,2021,12
2021-12-13,308.6827392578125,309.7993748755323,305.0737925697026,307.65543994183264,1740700,LMT,0.0019427846791721937,304.7521711077009,2021,12
2021-12-14,308.7631530761719,311.22866591882854,307.07478698000307,307.07478698000307,1786000,LMT,0.0002605063650553685,306.2618669782366,2021,12
2021-12-15,307.67327880859375,308.7631161034377,303.72484384352055,308.53978901237633,1208900,LMT,-0.0035298067684561563,306.8310285295759,2021,12
2021-12-16,308.0484619140625,310.83557972880476,307.0033063643384,308.78992314421,1185900,LMT,0.00121942050645929,307.55460030691967,2021,12
2021-12-17,307.4231262207031,310.12090742665686,306.3332890227685,308.68266691207504,2749500,LMT,-0.0020299912860263225,307.94510323660717,2021,12
2021-12-20,301.4201354980469,304.7878983873412,297.84690186040905,304.6181676086247,2315400,LMT,-0.01952680267243989,307.1564418247768,2021,12
2021-12-21,304.41278076171875,306.7443305289297,302.51897077366135,302.6261634504772,2352400,LMT,0.009928484899414558,306.63195364815846,2021,12
2021-12-22,306.5298767089844,307.61077230760475,304.6449816905927,304.7611161517424,1311400,LMT,0.00695468811121569,306.32440185546875,2021,12
2021-12-23,309.9958801269531,311.1571974375339,307.10156955088934,307.10156955088934,1061200,LMT,0.011307228695554894,306.50050571986606,2021,12
2021-12-27,312.9080505371094,313.3815028763659,309.9780002134523,310.0673365015702,965900,LMT,0.009394222945684483,307.24833025251115,2021,12
2021-12-28,316.00787353515625,317.27638356678796,312.2202543188321,312.71156307622107,827500,LMT,0.00990649806780608,308.38538905552457,2021,12
2021-12-29,316.47235107421875,317.571130199637,315.0609358239947,315.7309171113357,771700,LMT,0.0014698290073169584,309.67813546316967,2021,12
2021-12-30,315.8559875488281,319.6525484347994,315.7934766765888,317.1244975340729,778500,LMT,-0.001947606238897226,311.7404000418527,2021,12
2021-12-31,317.49072265625,318.964675975446,314.05148007038787,315.4897206840861,887200,LMT,0.005175571057266071,313.60867745535717,2021,12
2022-01-03,316.5528259277344,318.5449139420504,315.36473747164376,316.8386912256983,1205700,LMT,-0.0029540917626468266,315.04052734375,2022,1
2022-01-04,323.36865234375,324.75329652096923,317.3120233559319,317.5978885454797,1361100,LMT,0.021531402842606795,316.95092337472096,2022,1
2022-01-05,319.9295349121094,325.16430989238495,319.68832415788853,324.2710013487245,1682200,LMT,-0.010635283929701256,317.95399257114957,2022,1
2022-01-06,319.80438232421875,322.6986925913718,319.4023826708445,321.5909989852479,1368800,LMT,-0.0003911879780809091,318.49635096958707,2022,1
2022-01-07,321.71612548828125,324.2620328186262,319.9384230949923,320.76919342934934,1634600,LMT,0.005977851679731971,319.2454616001674,2022,1
2022-01-10,324.4942932128906,330.04173103277685,322.85060894261363,324.2709661012506,2389900,LMT,0.008635463082221406,320.47950526646207,2022,1
2022-01-11,325.289306640625,326.093278681025,322.7254888474196,325.17317219648595,1128000,LMT,0.002450007424977363,321.59358869280135,2022,1
2022-01-12,322.7523193359375,327.0938124075438,321.0997205779815,324.61041610506925,1477100,LMT,-0.00779917216119963,322.47923060825894,2022,1
2022-01-13,326.2183532714844,328.16575903056344,321.69821497193715,323.4312354398467,1244000,LMT,0.010738990017727046,322.8863307407924,2022,1
2022-01-14,332.86456298828125,333.1950827258269,325.1374509815864,326.2183464842217,2165000,LMT,0.020373500295569835,324.73419189453125,2022,1
2022-01-18,336.3663330078125,337.0988251343915,329.5057041759707,330.92608843958385,2471600,LMT,0.010520104597780522,327.10018484933033,2022,1
2022-01-19,337.07208251953125,340.75253641973654,334.2581662117998,335.43733996832344,3336700,LMT,0.0020981574029954597,329.2938929966518,2022,1
2022-01-20,335.1068420410156,340.48454971898025,334.1063408229398,336.7862664834774,2109100,LMT,-0.005830327044072936,330.80997140066967,2022,1
2022-01-21,331.59613037109375,336.86664513658394,330.2382839861915,334.0973832986311,2795400,LMT,-0.010476395076087885,331.710946219308,2022,1
2022-01-24,333.49871826171875,334.57964074709014,326.3611948965231,330.1220145591825,3022300,LMT,0.005737666143738718,333.2461460658482,2022,1
2022-01-25,345.86224365234375,346.60367766874305,331.2209051106092,337.5366023779266,3182400,LMT,0.037072182631066486,336.0524161202567,2022,1
2022-01-26,349.4979248046875,351.63294469204953,342.7623999621198,346.6036146841317,3640500,LMT,0.010511934213895513,338.4286106654576,2022,1
2022-01-27,347.5684509277344,353.39283965679647,343.6914954012323,347.84540163683783,2566200,LMT,-0.005520701955616492,340.02891322544644,2022,1
2022-01-28,351.2041931152344,351.36498208495533,343.7272061455124,347.58630498846856,2145100,LMT,0.010460506924018675,342.0477861676897,2022,1
2022-01-31,347.613037109375,349.2745773373775,343.6378045674235,348.83686502687004,2363400,LMT,-0.010225265176948106,343.83438546316967,2022,1
2022-02-01,345.7193603515625,348.8459403642171,345.0046971345586,348.5868732442023,1951100,LMT,-0.00544765746866005,345.85198974609375,2022,2
2022-02-02,346.0141296386719,346.91637999567973,343.9327327173764,344.9153503106805,1620600,LMT,0.0008526259183450069,347.63990565708707,2022,2
2022-02-03,348.1223449707031,350.32881812979264,345.16549591796866,346.7644985579632,1649000,LMT,0.006092859081312074,347.9627772739955,2022,2
2022-02-04,347.791748046875,350.9272692606301,344.2095998938684,346.6036598676942,1645800,LMT,-0.0009496572932022884,347.7190377371652,2022,2
2022-02-07,350.4805603027344,353.374870348405,346.87158729037645,350.17683876499405,1243000,LMT,0.007731098483386045,348.1350533621652,2022,2
2022-02-08,353.78582763671875,354.5004633738368,348.9262282918198,353.46422247189156,1311400,LMT,0.009430672363481163,348.5038582938058,2022,2
2022-02-09,352.4458923339844,355.1972701216068,351.686574766299,353.3034607369097,1541900,LMT,-0.0037874193878401075,349.1942661830357,2022,2
2022-02-10,344.307861328125,353.4464163731361,342.967898684308,351.10595265046004,2301100,LMT,-0.023090157050681737,348.9926234654018,2022,2
2022-02-11,353.919921875,356.2961259247733,344.236460320215,345.4960286658625,3276400,LMT,0.027917052227032224,350.1220223563058,2022,2
2022-02-14,345.6835632324219,353.3213393818487,342.8428489761503,351.9456640320476,2799800,LMT,-0.023271814140734093,349.7736249651228,2022,2
2022-02-15,341.4403381347656,345.9783328169248,337.95644082304375,341.1634147113729,2418600,LMT,-0.012274882432877776,348.8662806919643,2022,2
2022-02-16,345.6209716796875,347.2378575024007,341.2437665144153,342.00308401264545,1776800,LMT,0.012244111424443815,348.1720537458147,2022,2
2022-02-17,347.2915954589844,349.90006872270607,344.6116694980833,344.9243329791784,1248800,LMT,0.00483368752531943,347.2443062918527,2022,2
2022-02-18,345.2279968261719,349.3550777528368,344.5580154481649,347.6220843357419,1459900,LMT,-0.005941976885692313,346.2131783621652,2022,2
2022-02-22,344.99566650390625,351.4453533360242,343.9862237919014,349.5247187366355,1680900,LMT,-0.0006729764804753735,346.31143624441967,2022,2
2022-02-23,347.4075622558594,348.6403319646876,343.4770115294298,347.6487729233453,1839500,LMT,0.006991089993664712,345.38109915597096,2022,2
2022-02-24,353.4910888671875,356.4122250266968,346.0855812407684,355.74224367071554,4140900,LMT,0.017511209519520232,346.4964599609375,2022,2
2022-02-25,365.8008117675781,370.2316406211582,353.05331197612315,353.0622537829525,3376300,LMT,0.03482329056678313,349.97652762276783,2022,2
2022-02-28,390.18524169921875,390.275193074898,371.9262378578657,372.20506790795736,5808600,LMT,0.06666040409755558,356.3428519112723,2022,2
2022-03-01,410.7018737792969,412.4288467710171,391.26458208407377,391.26458208407377,5719300,LMT,0.05258177369992301,365.4014630998884,2022,3
2022-03-02,404.7564392089844,406.15959266896465,386.11965273232306,400.5919407870124,5003400,LMT,-0.014476278171322576,373.905526297433,2022,3
2022-03-03,402.7956237792969,410.06323839739,393.45923756782156,400.007296166053,4603500,LMT,-0.004844432947180621,382.1626630510603,2022,3
2022-03-04,412.0869140625,416.1434807578344,398.5230917041984,404.80129458513875,3320300,LMT,0.02306700901073855,391.40257045200894,2022,3
2022-03-07,419.2826843261719,431.7311899393754,416.4493947974321,416.45839816856943,5210100,LMT,0.017461778130087646,400.8013698032924,2022,3
2022-03-08,403.8479309082031,420.9466486466206,403.28126756621396,417.1509320416214,4133700,LMT,-0.03681228439656148,406.2366725376674,2022,3
2022-03-09,403.60516357421875,409.9193546208503,388.95297168281064,393.513234496697,3477300,LMT,-0.000601135515139184,408.15380423409596,2022,3
2022-03-10,399.6835021972656,411.0166886523325,397.77665391881806,405.32312648322056,3049600,LMT,-0.00971657880247112,406.57975115094865,2022,3
2022-03-11,394.8983154296875,403.5780855177444,394.5115273663032,397.5607052268511,2649100,LMT,-0.01197244004636544,405.17144775390625,2022,3
2022-03-14,399.7644958496094,404.5585994302713,395.0513128220201,404.2527867159626,2475700,LMT,0.012322616303457767,404.7384294782366,2022,3
2022-03-15,403.56011962890625,405.1341722471215,396.01364847219935,400.03422968641246,1778700,LMT,0.009494649521664345,403.5203159877232,2022,3
2022-03-16,378.97796630859375,392.96456707427683,370.0013576310189,391.30953873208375,5815500,LMT,-0.06091323727160414,397.7624991280692,2022,3
2022-03-17,385.4989929199219,388.3682683091792,382.09003683203076,384.122822235521,2947700,LMT,0.017206875309521807,395.14122227260043,2022,3
2022-03-18,383.3313293457031,393.5042057677332,379.3017716516722,390.96775291543804,5215700,LMT,-0.00562300709996677,392.24496023995533,2022,3
2022-03-21,395.7618408203125,402.894541954537,388.2333756493235,388.2333756493235,3245200,LMT,0.03242759076286994,391.6847229003906,2022,3
2022-03-22,396.2925720214844,399.21581328836527,390.53604086271855,395.2672032045867,2113800,LMT,0.001341036821720376,391.8839024135045,2022,3
2022-03-23,400.4840087890625,402.5077909783391,397.87558390163326,399.3596853505755,1715100,LMT,0.010576622080493925,391.98668997628346,2022,3
2022-03-24,404.5135803222656,406.10561237607766,398.66709863800315,400.5289573282912,1375400,LMT,0.010061753889717862,392.1228986467634,2022,3
2022-03-25,408.0484619140625,411.52936290254695,404.7564395782431,404.7834222429096,1646300,LMT,0.00873859806877375,396.2758265904018,2022,3
2022-03-28,400.24114990234375,405.17016610555083,398.73904176677337,404.14479744147485,1676200,LMT,-0.01913329601855729,398.38184901646207,2022,3
2022-03-29,393.1983947753906,394.0708708779545,386.1556447026164,389.6905110715318,2451100,LMT,-0.01759627946469655,399.7914297921317,2022,3
2022-03-30,401.1136474609375,402.11203351499313,395.14122808225534,395.15023145368747,1719500,LMT,0.02013042980520896,400.5559735979353,2022,3
2022-03-31,397.0210266113281,403.73998355387613,396.66124865569515,397.524721239074,1660700,LMT,-0.010203145356723176,400.66003853934154,2022,3
2022-04-01,401.140625,403.8479771840771,394.70049702729386,397.75865130110446,1174200,LMT,0.010376272571338774,400.7538408551897,2022,4
2022-04-04,399.3686218261719,402.9574528569033,395.35701670611076,402.4897442665846,1166300,LMT,-0.004417411409846972,400.0188467843192,2022,4
2022-04-05,402.27392578125,409.0828351610004,398.80202815416743,400.25914694892447,2240200,LMT,0.007274742672053636,399.1939130510603,2022,4
2022-04-06,408.87591552734375,411.5563122810683,401.5003708055798,401.5003708055798,1941400,LMT,0.01641167702647417,400.42745099748885,2022,4
2022-04-07,418.7070617675781,420.4070245731425,405.4670275448148,407.4548237452727,2032700,LMT,0.024044327060826598,404.07154628208707,2022,4
2022-04-08,415.1181945800781,424.17575082758015,413.4002250647151,420.694849838841,1710700,LMT,-0.008571307998364142,406.0721958705357,2022,4
2022-04-11,417.5736999511719,426.7481896374124,415.7208172318776,417.1599566364861,1911200,LMT,0.005915195727755673,409.008292061942,2022,4
2022-04-12,420.5419006347656,424.31063475171214,414.99225587449223,419.3276533595158,1502300,LMT,0.007108207925788479,411.77990286690846,2022,4
2022-04-13,422.01702880859375,426.8920795812776,419.37261803991544,423.6450468564079,1212400,LMT,0.0035076841846235496,415.015389578683,2022,4
2022-04-14,420.6408386230469,426.10055925622765,419.18371999129977,424.4635379134476,1965200,LMT,-0.0032609825945461024,417.6392342703683,2022,4
2022-04-18,420.4429931640625,424.51754013447476,412.95048653204674,420.0472291248316,1638900,LMT,-0.00047034296439696366,419.2916739327567,2022,4
2022-04-19,413.6611022949219,427.69266525693456,412.3388967428431,415.99069732490744,2044000,LMT,-0.016130345800516754,418.5708225795201,2022,4
2022-04-20,408.2373046875,414.9742413837173,407.2568980250485,413.64306011143105,1636200,LMT,-0.013111693551391634,417.5878383091518,2022,4
2022-04-21,395.34808349609375,410.10820401266733,394.7274547990142,409.253707270514,1937600,LMT,-0.03157286471228482,414.4127502441406,2022,4
2022-04-22,400.9697570800781,405.56597849784083,394.3137672683002,396.5624143296647,1451700,LMT,0.014219554409550916,411.6167297363281,2022,4
2022-04-25,398.36126708984375,400.09721575061593,389.70845154975075,398.46019436876315,1499800,LMT,-0.006505453202330758,408.2373352050781,2022,4
2022-04-26,401.2395324707031,406.8431701132479,398.62210433185646,402.09402922454194,1440400,LMT,0.0072252641475061274,405.4657200404576,2022,4
2022-04-27,400.24114990234375,406.555340215985,395.1052208631092,401.36547329895876,1017500,LMT,-0.0024882457673391922,402.5797424316406,2022,4
2022-04-28,397.2999267578125,403.85698889584626,393.5311923046888,403.85698889584626,1348800,LMT,-0.00734862755928245,400.242431640625,2022,4
2022-04-29,388.674072265625,400.2681075835535,387.10902297899446,399.74640618847667,1479500,LMT,-0.021711190743424646,397.4476841517857,2022,4
2022-05-02,387.4958190917969,393.50419691055214,383.3043380531651,386.4074816979652,1397100,LMT,-0.003031468415065519,396.32593209402904,2022,5
2022-05-03,391.05767822265625,393.6031619047186,387.6307425165424,390.7069035771856,1332000,LMT,0.009191993707719393,394.909920828683,2022,5
2022-05-04,400.9247131347656,401.1495778103156,391.16560817533866,393.09043552440966,1172600,LMT,0.025231661367588254,395.27612740652904,2022,5
2022-05-05,398.5950927734375,402.4807607050524,394.51154284208394,400.9246873685026,1183800,LMT,-0.005810618016318325,394.89835030691967,2022,5
2022-05-06,404.2437438964844,404.3786572206163,395.6809063835097,397.13802518274014,1409800,LMT,0.014171401568803477,395.4701494489397,2022,5
2022-05-09,394.7184753417969,403.65909753053796,393.1714051907452,402.0850447149047,1354500,LMT,-0.023563181121552867,395.1013706752232,2022,5
2022-05-10,394.9792785644531,401.6082843760398,393.5131565834657,395.70783786984083,978500,LMT,0.0006607322406948501,396.00211443219865,2022,5
2022-05-11,396.1306457519531,400.25015489870447,392.72168927998075,393.51321740058364,1018200,LMT,0.002915006558533051,397.2356610979353,2022,5
2022-05-12,390.895751953125,396.9491188675078,385.28313846592977,395.09623614707345,1390200,LMT,-0.013215068955069187,397.21252877371654,2022,5
2022-05-13,391.41754150390625,393.7021473458985,385.86786801444157,391.5884134415057,1114700,LMT,0.0013348560279156096,395.8543613978795,2022,5
2022-05-16,393.5581359863281,396.09461606163427,388.71006795589176,391.26452732311975,1004700,LMT,0.005468826139465532,395.1347961425781,2022,5
2022-05-17,396.66131591796875,397.75865671077065,387.9005963184328,395.59095779018236,798100,LMT,0.00788493401073631,394.0515921456473,2022,5
2022-05-18,390.66192626953125,397.62375600684106,389.55560951947695,396.6613285085678,986900,LMT,-0.015124715740312267,393.47208513532365,2022,5
2022-05-19,382.82763671875,389.4566434517743,377.13407479092126,387.53181596051195,1539800,LMT,-0.02005388553113341,391.7361363002232,2022,5
2022-05-20,381.50543212890625,384.9683538862012,375.3351581371435,384.9683538862012,1632500,LMT,-0.003453785628374395,389.6468200683594,2022,5
2022-05-23,389.49261474609375,391.8491922388588,384.4646437135931,384.4646437135931,1038200,LMT,0.020935960394107056,389.44637189592635,2022,5
2022-05-24,398.2622985839844,398.7390105688785,389.4655941151071,389.4655941151071,1034100,LMT,0.02251566141660355,390.4241943359375,2022,5
2022-05-25,402.54376220703125,403.52416891541236,396.93112114303347,398.89196200909737,1032200,LMT,0.010750361352981574,391.7078552246094,2022,5
2022-05-26,402.948486328125,408.4082071179019,402.75060432003306,404.75640706345126,1143100,LMT,0.0010054164518034092,392.6060224260603,2022,5
2022-05-27,405.2601013183594,406.07861201239535,399.77339787165164,405.78180272520893,1265800,LMT,0.005736750648448918,394.6914760044643,2022,5
2022-05-31,398.336181640625,402.76205205497007,396.79755666601824,400.9518855288803,2539100,LMT,-0.01708512546685459,396.906982421875,2022,5
2022-06-01,397.6031188964844,401.72126485956176,395.0598368012549,400.9790898568595,1199000,LMT,-0.0018403117214242926,399.20665196010043,2022,6
2022-06-02,399.2413024902344,400.5355926701609,389.58407863209794,399.82962876336086,1210000,LMT,0.0041201477450596435,400.5993216378348,2022,6
2022-06-03,400.67138671875,404.19214690630736,397.47644330865216,398.23671007701194,928000,LMT,0.0035820047164347724,400.94347708565846,2022,6
2022-06-06,401.3229675292969,403.66712983422394,399.6485579912208,401.694054976618,690000,LMT,0.001626222465953786,400.76907784598217,2022,6
2022-06-07,412.9895935058594,413.3244976053045,399.5038547656234,400.0469103944225,1126000,LMT,0.02907041689736034,402.2035217285156,2022,6
2022-06-08,401.3229675292969,411.487062378754,400.8704259039222,409.0976293387202,1151600,LMT,-0.028249200851587553,401.64107404436385,2022,6
2022-06-09,391.6476745605469,401.44971524409374,391.4485551155344,401.3320776083179,995100,LMT,-0.024108495529959195,400.6855730329241,2022,6
2022-06-10,389.3578186035156,393.1229687512859,385.3392462160374,390.09093392627625,1165700,LMT,-0.005846724251843516,399.50767299107144,2022,6
2022-06-13,383.6919860839844,387.701498780596,381.5107318496523,384.1173763723554,1483000,LMT,-0.01455173685699318,397.28634207589283,2022,6
2022-06-14,376.66851806640625,383.90012458259673,372.0887712914575,383.7643676157686,1497800,LMT,-0.018304964065735785,393.85736083984375,2022,6
2022-06-15,374.7950439453125,379.2299471104806,370.06144778843316,377.92662479617644,1241700,LMT,-0.004973800652921745,390.0676574707031,2022,6
2022-06-16,366.3686828613281,373.699863237991,364.7666677161571,371.47333839571104,1580300,LMT,-0.022482584068571287,383.4075273786272,2022,6
2022-06-17,365.66278076171875,366.92083241939815,357.2002448113497,365.26454182610456,3757100,LMT,-0.0019267533843130291,378.31321498325894,2022,6
2022-06-21,379.19366455078125,380.5875004670946,370.1881029315605,372.89429296657073,1474400,LMT,0.03700372173748745,376.53407069614957,2022,6
2022-06-22,376.01690673828125,380.5151723071435,372.7042982047874,374.7588275637261,1073300,LMT,-0.008377665845929694,374.6282261439732,2022,6
2022-06-23,371.64532470703125,376.7590401646831,368.53183574026883,375.94447066521724,988700,LMT,-0.01162602519437439,372.9072745186942,2022,6
2022-06-24,379.2661437988281,379.6643826920395,371.69963244876436,376.36986596110034,1768000,LMT,0.02050562346722473,373.2783639090402,2022,6
2022-06-27,379.4562072753906,383.022238004244,377.84515996293544,379.266147499352,779000,LMT,0.0005011348354451162,373.9442443847656,2022,6
2022-06-28,380.77764892578125,386.9774760565862,379.54674869697897,382.85029775149474,953300,LMT,0.003482461546429727,376.00266810825894,2022,6
2022-06-29,379.13037109375,384.1264211546312,376.9038462046936,382.90455312935904,733800,LMT,-0.0043260885629143875,377.9266095842634,2022,6
2022-06-30,389.149658203125,389.47550259611063,377.31117926308985,378.46968493190354,1269500,LMT,0.0264270231911794,379.34889439174106,2022,6
2022-07-01,392.37176513671875,393.67508750720793,384.1898306809256,388.95055081942326,1296900,LMT,0.008279865768022532,381.685302734375,2022,7
2022-07-05,375.8359069824219,385.35737504358616,368.5590282259447,384.4704109296844,1712800,LMT,-0.04214334369481221,382.2839573451451,2022,7
2022-07-06,385.4659423828125,387.24892997920745,375.8629941449419,377.3292246810528,1044900,LMT,0.025622978596457013,383.16964285714283,2022,7
2022-07-07,382.11712646484375,387.37565830837246,379.72769325834327,384.18977498732255,1177100,LMT,-0.008687708951062079,383.5497741699219,2022,7
2022-07-08,380.4518127441406,386.44346043325976,380.107876632761,385.14919780018664,682000,LMT,-0.0043581237410366125,383.5032261439732,2022,7
2022-07-11,379.2933044433594,382.85027555172604,375.9535445107851,378.23434471946496,602600,LMT,-0.0030450855061646687,383.52650233677457,2022,7
2022-07-12,374.6954345703125,380.03544825168444,373.4373831192054,379.6553011043073,680500,LMT,-0.01212220152368515,381.4616132463728,2022,7
2022-07-13,369.2740173339844,378.116671972189,369.0296547660563,370.2786466230857,1155500,LMT,-0.01446886387218782,378.1619349888393,2022,7
2022-07-14,362.3138732910156,366.8935923224616,359.7886832917883,364.9205174681601,1160700,LMT,-0.018848182423497617,376.230215890067,2022,7
2022-07-15,360.56707763671875,365.39115931413653,360.0511735436267,365.39115931413653,1223200,LMT,-0.004821222103449041,372.67323521205356,2022,7
2022-07-18,350.52069091796875,362.0333526366524,350.29442007257086,362.0062012400428,2759700,LMT,-0.027862739950073934,368.15945870535717,2022,7
2022-07-19,353.32647705078125,353.49844511372874,338.2025405311746,342.8637147140687,3023800,LMT,0.008004623423126578,364.28441074916293,2022,7
2022-07-20,357.7070007324219,359.75249770218744,349.06346680219843,353.57982335022035,1560300,LMT,0.01239794910985692,361.2006530761719,2022,7
2022-07-21,357.6889953613281,358.00575247637954,352.6567335204479,356.8925174951246,941000,LMT,-5.033552895772342e-05,358.7711617606027,2022,7
2022-07-22,357.2725830078125,363.8163453935962,356.1140774562095,361.9880870199425,769400,LMT,-0.0011641743495490742,357.0566711425781,2022,7
2022-07-25,361.85235595703125,365.4093549437828,356.2680064812359,356.9377594023702,1038300,LMT,0.012818708087428687,356.99074009486606,2022,7
2022-07-26,359.14617919921875,364.7305565128258,358.92896799927115,362.19630615596003,992400,LMT,-0.0074786766294644424,356.78775460379467,2022,7
2022-07-27,360.7119445800781,361.3545460577353,356.6028582260431,360.0331320326935,838600,LMT,0.0043596882593892605,358.24364798409596,2022,7
2022-07-28,367.53619384765625,368.1607034995618,358.53969175782424,361.26397355689954,1014600,LMT,0.018918833629206766,360.2736075265067,2022,7
2022-07-29,374.5325622558594,374.8402872995729,363.84352943414933,367.9073450908654,1493500,LMT,0.019035862386666436,362.67725917271207,2022,7
2022-08-01,379.4833679199219,387.8282379963501,377.09396210006304,378.542073447394,1721900,LMT,0.013218625462745104,365.7907409667969,2022,8
2022-08-02,388.0816345214844,391.75627068263447,379.3204343944542,384.66948026354544,2453900,LMT,0.02265782199808264,370.19203404017856,2022,8
2022-08-03,388.5522766113281,390.77880157095717,379.8091956329005,386.7149584896365,1330500,LMT,0.0012127399185588583,374.00630841936385,2022,8
2022-08-04,387.49334716796875,393.39448078998066,386.3710526291753,389.82845010664096,1126400,LMT,-0.0027253203934219927,378.05590384347096,2022,8
2022-08-05,385.9365234375,387.23078576036386,379.70954671814115,384.89568330107767,932500,LMT,-0.004017678604928188,381.659415108817,2022,8
2022-08-08,383.62860107421875,388.6156189842457,381.6555260743026,386.92311760262265,814800,LMT,-0.005980056882735063,383.9583304268973,2022,8
2022-08-09,387.8734436035156,390.88738651026523,385.2939782524687,386.42533239624396,747400,LMT,0.011064979298755828,385.86417061941967,2022,8
2022-08-10,389.1767272949219,391.22222422325984,385.873179046029,389.24914942069296,1409300,LMT,0.0033600745627186956,387.24893624441967,2022,8
2022-08-11,388.1449890136719,391.4394779500701,386.65160705329254,388.49795714713014,949300,LMT,-0.0026510790828151443,387.2579868861607,2022,8
2022-08-12,393.0233154296875,393.0685861617376,386.6424899911186,388.1901745115344,978000,LMT,0.012568309662871258,387.8967067173549,2022,8
2022-08-15,396.435546875,398.2095024172032,389.05909584968595,391.61143739632405,884900,LMT,0.008682007685935744,389.1741638183594,2022,8
2022-08-16,398.3814697265625,402.7620695959686,395.44900866528695,395.44900866528695,851100,LMT,0.004908547850720479,390.95201328822543,2022,8
2022-08-17,399.67578125,403.2056010384332,393.7112848695935,394.73403354619353,996500,LMT,0.0032489250173355355,393.24446759905135,2022,8
2022-08-18,397.6484069824219,402.3819756021014,395.40379015230417,399.9654183330803,866500,LMT,-0.005072547206231626,394.6408909388951,2022,8
2022-08-19,398.26385498046875,399.0693924798645,394.6525809844119,396.8609867321382,1013600,LMT,0.0015477190081489844,395.93905203683033,2022,8
2022-08-22,391.29461669921875,399.72096689622435,390.8511347597256,396.88805199573994,1086700,LMT,-0.01749904791533685,396.38899884905135,2022,8
2022-08-23,392.00970458984375,393.4669031776762,389.4573628587512,391.8377365399576,915200,LMT,0.001827492278470677,396.2441973005022,2022,8
2022-08-24,392.5436706542969,394.1185343799279,390.0365998546345,392.7970928736817,740200,LMT,0.0013621246061032988,395.68821498325894,2022,8
2022-08-25,397.00579833984375,397.18679844841415,391.38521050328177,392.5437161577558,727600,LMT,0.011367213431589196,395.491690499442,2022,8
2022-08-26,390.2086181640625,400.75283445261,390.03665010507973,398.59873149983963,876200,LMT,-0.017121110583787402,394.1392386300223,2022,8
2022-08-29,388.8962097167969,392.7156625833632,385.99995955061684,387.06795128150287,868100,LMT,-0.0033633507466865886,392.888924734933,2022,8
2022-08-30,384.7599792480469,389.5207266263817,383.76440963500033,388.6790057189358,976100,LMT,-0.010635820986175437,390.95979963030135,2022,8
2022-08-31,382.755615234375,386.97394002847875,382.6736209831568,384.8055549270882,909300,LMT,-0.005209387986736758,389.7399422781808,2022,8
2022-09-01,385.03326416015625,385.91701690900805,380.65095156750164,381.0518308229034,948800,LMT,0.005950661035727833,388.7433079310826,2022,9
2022-09-02,381.3525390625,387.8394544375638,380.42321533808365,387.2016843444971,869800,LMT,-0.009559498984288317,387.1445748465402,2022,9
2022-09-06,380.6328430175781,385.6346875222329,378.8106742008337,381.75348684934823,962500,LMT,-0.0018872197539083757,384.80558122907365,2022,9
2022-09-07,382.7829284667969,383.47533355081345,375.6035805346566,378.41882737125985,1255700,LMT,0.00564871237114839,383.74476841517856,2022,9
2022-09-08,382.3365173339844,383.6302692616,377.8904215431964,382.26364282446855,1112600,LMT,-0.0011662252927542305,382.8076695033482,2022,9
2022-09-09,384.04937744140625,385.95354035922026,381.7625468702686,383.28406993884613,1284600,LMT,0.004479980409314743,382.7061549595424,2022,9
2022-09-12,381.4163513183594,384.01291937516004,380.3777018523697,383.56649695771887,1349700,LMT,-0.006855957274526703,382.51483154296875,2022,9
2022-09-13,372.9341125488281,383.3842502531219,371.13927542214884,380.2136947835157,1621200,LMT,-0.02223879165172793,380.78638131277904,2022,9
2022-09-14,379.58502197265625,381.1976310281058,371.9956748708547,373.71763738783085,1004100,LMT,0.017834006598034913,380.5338788713728,2022,9
2022-09-15,376.8153381347656,377.94507372698746,374.20965048068354,377.94507372698746,1189200,LMT,-0.007296609922849195,379.98852103097096,2022,9
2022-09-16,377.4530334472656,378.8014200987671,373.55359467472516,374.6833300430814,2023300,LMT,0.0016923284377345915,379.2271074567522,2022,9
2022-09-19,379.4848327636719,380.50527056236325,376.03184319337464,377.1889102758122,695500,LMT,0.005382919559156596,378.8197239467076,2022,9
2022-09-20,383.1838073730469,383.9400228821659,375.67648193786,379.0110536793173,1112100,LMT,0.009747358234152514,378.6960710797991,2022,9
2022-09-21,382.8376159667969,395.21924768467545,382.68271940928776,389.9349423108824,2106400,LMT,-0.0009034604270554691,378.89910888671875,2022,9
2022-09-22,384.55047607421875,386.955752140834,376.27784228395393,382.50053625548054,1409900,LMT,0.004474116533967898,380.55858939034596,2022,9
2022-09-23,376.341552734375,382.6644792322293,371.33968162851113,382.4549198592276,1874600,LMT,-0.021346803217217714,380.0952366420201,2022,9
2022-09-26,371.40350341796875,375.5580455354627,370.3648817906382,375.0842917164804,1208300,LMT,-0.013121190792055759,379.3221173967634,2022,9
2022-09-27,364.19683837890625,373.8361260865401,362.9486573050495,372.8157160934335,1051900,LMT,-0.01940386930317206,377.4283752441406,2022,9
2022-09-28,364.4336853027344,366.33784797195113,356.32504136556526,361.8826606272487,1161500,LMT,0.0006503266883983727,375.27821132114957,2022,9
2022-09-29,355.131591796875,363.8962191709788,351.5783682403585,363.5044595566643,1127700,LMT,-0.02552479060252666,371.270751953125,2022,9
2022-09-30,351.9427185058594,355.23171907613295,347.6241605511755,347.6970628564477,1343700,LMT,-0.008979413165921768,366.85719517299106,2022,9
2022-10-03,364.19683837890625,367.01208560048735,354.4846761592307,355.0859951489014,1273800,LMT,0.0348185066168456,363.9495326450893,2022,10
2022-10-04,370.0004577636719,371.5766437230579,364.27884906921037,367.2672046713351,1060000,LMT,0.015935392000101967,363.04366193498885,2022,10
2022-10-05,366.7205505371094,371.4126291218909,365.1443646884371,370.0004317742589,828400,LMT,-0.00886460315856541,362.37466866629467,2022,10
2022-10-06,364.0783996582031,367.7136450805518,362.68444173056184,365.90968807839187,746700,LMT,-0.007204807243653133,362.35774884905135,2022,10
2022-10-07,368.04156494140625,368.6884547411062,360.79846224773956,363.1217158316531,1124700,LMT,0.010885472159083642,362.8731602260045,2022,10
2022-10-10,373.5354309082031,381.4072123458727,370.03687064837845,371.3488342213234,1112500,LMT,0.014927297593877897,365.50228009905135,2022,10
2022-10-11,374.51031494140625,379.1568504918729,369.5904652190655,369.5904652190655,1013600,LMT,0.0026098837018828647,368.7262224469866,2022,10
2022-10-12,362.08306884765625,372.54229691366305,361.8279664022434,370.7474600571253,921700,LMT,-0.03318265371594453,368.42425537109375,2022,10
2022-10-13,369.8637390136719,370.8568174685177,356.43436662263855,358.05609540825304,1012700,LMT,0.02148863295590675,368.40472412109375,2022,10
2022-10-14,354.7853088378906,369.33532491848666,353.5917907360654,368.3786698066779,1369100,LMT,-0.040767527565668926,366.69968959263394,2022,10
2022-10-17,361.98284912109375,364.98941575849,357.2816514704855,358.05607857529435,1617200,LMT,0.020287030223373304,366.4003252301897,2022,10
2022-10-18,393.4426574707031,396.786349227386,365.83681313092194,367.3036455702035,4588500,LMT,0.08690966554353285,370.029052734375,2022,10
2022-10-19,400.84063720703125,407.77400312526703,392.0851305094095,395.3832511968401,2623700,LMT,0.01880319684674503,373.92979649135043,2022,10
2022-10-20,404.8311462402344,405.7148990179903,399.00933271574223,400.5308277449812,1781300,LMT,0.009955350487934833,378.2613438197545,2022,10
2022-10-21,414.1880798339844,414.2609821587555,401.013806746773,404.2663848384486,1620200,LMT,0.0231131761492418,385.70491681780135,2022,10
2022-10-24,416.78460693359375,424.72926296716537,415.0535523624527,418.2605590185044,2013600,LMT,0.006268956606984233,392.40789794921875,2022,10
2022-10-25,419.2354431152344,422.3240322973621,411.9832197334519,413.677823217953,1537000,LMT,0.005880342365981672,401.6150599888393,2022,10
2022-10-26,421.43115234375,428.79272907131536,419.517869749482,421.07584392423405,1554600,LMT,0.00523741316382953,410.107674734933,2022,10
2022-10-27,429.9679260253906,432.0178653142075,423.10746365098015,423.27145212110605,1513700,LMT,0.020256627053230725,415.3255702427455,2022,10
2022-10-28,441.7573547363281,447.4698699881755,430.30502062515865,431.85387475752475,2045300,LMT,0.027419321296633825,421.17081560407365,2022,10
2022-10-31,443.406494140625,444.8186914679789,436.80113305963,437.73045682701945,1288200,LMT,0.0037331340081054876,426.68157958984375,2022,10
2022-11-01,442.4498596191406,447.48815453294924,440.8463424025366,442.8142877672546,1229700,LMT,-0.0021574661943967177,430.71897670200894,2022,11
2022-11-02,439.1972961425781,445.41089775158815,438.6870911580815,441.45679521969623,1291800,LMT,-0.007351258918608994,433.92078944614957,2022,11
2022-11-03,441.71185302734375,446.4039311444384,435.99933724039937,437.1108610879126,1291100,LMT,0.0057253469154994185,437.1317051478795,2022,11
2022-11-04,438.84197998046875,443.24250484513345,430.55110742254834,442.0216552391932,1481100,LMT,-0.006497161050141309,439.6189662388393,2022,11
2022-11-07,445.1831359863281,446.39486589882694,438.1951070141103,439.57997297592254,944800,LMT,0.014449747961992054,441.79256766183033,2022,11
2022-11-08,450.1849365234375,450.67692979414113,443.55224442286544,445.410864042347,1221000,LMT,0.01123537738245095,442.9965079171317,2022,11
2022-11-09,442.039794921875,448.65427465387876,441.1833736087584,446.20345610099344,1383200,LMT,-0.01809287903869805,442.80126517159596,2022,11
2022-11-10,447.1328125,447.54281153884426,437.0471308677332,444.8460099130053,1601000,LMT,0.011521626868515655,443.4702584402902,2022,11
2022-11-11,422.6155700683594,440.8099255132612,421.4767146394198,437.9946782294131,3061800,LMT,-0.0548321253691052,441.1014404296875,2022,11
2022-11-14,420.9573669433594,430.01354644678025,418.52475980662655,425.7952219979049,2286700,LMT,-0.003923667849558332,438.13651384626115,2022,11
2022-11-15,425.7040710449219,432.7558535010404,417.32208570474813,424.4194390510252,3272800,LMT,0.01127597346978182,436.2596697126116,2022,11
2022-11-16,424.7839050292969,427.5353972149076,420.547368895367,423.87282079386745,1022600,LMT,-0.0021615156589092077,433.34549386160717,2022,11
2022-11-17,430.7333068847656,432.56459519269015,422.979998535648,423.6541920084184,1401900,LMT,0.014005713928964436,430.56668962751115,2022,11
2022-11-18,434.4231872558594,438.11306724902937,430.7332794586053,431.5168263509836,2160300,LMT,0.008566508120257499,429.47860281808033,2022,11
2022-11-21,438.17681884765625,440.9282830058635,435.70778855518205,435.94465153039164,1730500,LMT,0.008640495493593692,428.1991751534598,2022,11
2022-11-22,436.8648986816406,441.20166861695526,436.6644590341071,440.0263621471414,838400,LMT,-0.0029940428374686245,430.2347935267857,2022,11
2022-11-23,438.2952575683594,440.04452356150335,436.1542042606369,437.1199512327872,1020200,LMT,0.003274144686458591,432.71163504464283,2022,11
2022-11-25,440.4728088378906,441.4203442970677,438.6142168808451,441.2381163150422,321500,LMT,0.00496822913761874,434.8214547293527,2022,11
2022-11-28,440.2449951171875,442.09449495883666,437.3204225763516,437.4206284938985,939000,LMT,-0.0005172026879574076,437.0301818847656,2022,11
2022-11-29,441.0559387207031,441.9670230693086,438.9057651998687,440.1448543720977,802600,LMT,0.0018420279901190106,438.50484357561385,2022,11
2022-11-30,444.8054504394531,445.5022011648105,437.9663877160797,440.0474353069992,1470000,LMT,0.008501215808646823,439.98802403041293,2022,11
2022-12-01,443.4302978515625,447.3815548374421,440.66167617015157,446.0247318533438,913600,LMT,-0.003091582143456284,440.73852103097096,2022,12
2022-12-02,454.9266357421875,457.4202394685917,441.7068625507247,441.7068625507247,1744400,LMT,0.02592591878887207,443.3187691824777,2022,12
2022-12-05,449.82940673828125,453.7806643895932,447.67500189908793,450.01274307892453,1357200,LMT,-0.011204507723735269,444.9665047781808,2022,12
2022-12-06,443.71453857421875,450.42526930195766,442.064371729185,450.42526930195766,1076500,LMT,-0.013593749257971965,445.4296090262277,2022,12
2022-12-07,441.1476135253906,448.5183887323399,440.487541180854,443.9895644751652,999800,LMT,-0.005785082132031105,445.55855451311385,2022,12
2022-12-08,444.9797058105469,448.1242052057578,441.46847778149055,444.86969841137994,762200,LMT,0.008686644034028523,446.1190926688058,2022,12
2022-12-09,443.3294677734375,449.5451370190485,442.9902689998402,445.2180305261707,856400,LMT,-0.003708569212394597,445.90823800223217,2022,12
2022-12-12,445.8414611816406,446.62071755089806,442.3394098131909,444.58549676385064,1129200,LMT,0.005666199950161932,446.25268990652904,2022,12
2022-12-13,440.24908447265625,449.5542477498447,438.8281092840683,449.2150490259534,1730900,LMT,-0.012543420017874896,444.15589686802457,2022,12
2022-12-14,444.8054504394531,447.6290758392562,440.1757959048124,441.13838847856147,1071800,LMT,0.010349518323824913,443.4381888253348,2022,12
2022-12-15,438.9382019042969,444.72299050255305,435.57365990011004,440.9642460117416,1067300,LMT,-0.01319059496541597,442.75585501534596,2022,12
2022-12-16,441.6884460449219,442.44017247156944,434.24431486413073,436.04116736148603,2590600,LMT,0.006265675051051245,442.83311680385043,2022,12
2022-12-19,441.6884460449219,447.36322657350996,439.9832477130993,441.6792694373838,929700,LMT,0.0,442.3629368373326,2022,12
2022-12-20,445.6855163574219,450.5443900118415,441.7159342829401,442.6877034183318,1014300,LMT,0.009049524270538623,442.6995152064732,2022,12
2022-12-21,447.06072998046875,449.7376977870813,445.2638772753937,447.27159613598684,988300,LMT,0.0030856143459325747,442.87369646344865,2022,12
2022-12-22,439.4057312011719,446.2998262667517,434.5010577312808,446.00645456662807,1520700,LMT,-0.01712295056564528,442.7532174246652,2022,12
2022-12-23,443.0635986328125,443.8795053653598,438.5439235334461,439.58904961447473,661600,LMT,0.008324578338205546,442.50438145228793,2022,12
2022-12-27,445.0896911621094,448.51838549448274,443.2561599935734,444.6313083699754,788800,LMT,0.004572915797075083,443.38316563197543,2022,12
2022-12-28,442.9994812011719,448.2983853320099,442.7061094900437,445.6855977361153,810300,LMT,-0.004696154510970718,443.5704563685826,2022,12
2022-12-29,446.5106506347656,448.82091772995557,443.07277981688947,443.71452689387877,764000,LMT,0.0079258996513345,444.2593427385603,2022,12
2022-12-30,445.99725341796875,449.0409216899834,441.1842343889106,447.38157832006715,910000,LMT,-0.0011497983666616252,444.3038766043527,2022,12
2023-01-03,437.7830505371094,443.94371613200997,434.5560458835764,443.15531119077764,1657200,LMT,-0.018417608668906738,442.9784938267299,2023,1
2023-01-04,436.83880615234375,439.7724672482356,430.23808267531996,433.85931796767403,1391300,LMT,-0.0021568774387384915,442.6117902483259,2023,1
2023-01-05,437.3613586425781,438.34230452031755,430.78813717382985,436.0962176753949,1210100,LMT,0.0011962135297387544,441.7971845354353,2023,1
2023-01-06,433.8501281738281,447.3815969017603,427.0018882660899,440.04747236238717,1969200,LMT,-0.008028213739887047,440.19153267996654,2023,1
2023-01-09,420.78619384765625,431.6040436872404,417.40332686658104,428.8537471483151,2377000,LMT,-0.03011162951861024,437.01820591517856,2023,1
2023-01-10,423.8115234375,426.7268309620666,418.87014404949457,423.7106646859783,1003400,LMT,0.007189707348000729,433.77547345842635,2023,1
2023-01-11,424.4624328613281,426.8001737303783,422.6655802880887,424.8016316250176,1056400,LMT,0.0015358464502066571,430.6990705217634,2023,1
2023-01-12,423.3073425292969,427.10276557241014,420.9696014218484,424.45329953833357,936600,LMT,-0.0027213016809159996,428.631112234933,2023,1
2023-01-13,412.3886413574219,415.9456962222517,407.72230799380617,409.3358243392873,2208600,LMT,-0.025793791117902254,425.1382315499442,2023,1
2023-01-17,409.9408874511719,415.7531776915933,409.4916812836322,412.81951673519825,1753100,LMT,-0.005935551227097213,421.2210213797433,2023,1
2023-01-18,404.5411071777344,410.92181528139037,403.9727170370125,409.9408694695184,1645100,LMT,-0.01317209490131832,417.03401838030135,2023,1
2023-01-19,402.7442932128906,408.80412837288594,402.48759996417084,405.90714572163944,1469900,LMT,-0.004441610340613189,414.45660400390625,2023,1
2023-01-20,406.38385009765625,406.44803040362405,401.19495349481167,404.6053226127515,1410000,LMT,0.009036892504996397,411.96693638392856,2023,1
2023-01-23,404.55029296875,409.6383304819604,404.16523913510514,406.22796158275213,1739600,LMT,-0.004511884831214674,409.1223449707031,2023,1
2023-01-24,411.838623046875,413.42460963887424,401.2591401252978,405.3662601099873,2865000,LMT,0.018015881349733753,407.4839564732143,2023,1
2023-01-25,416.35821533203125,417.87087278427157,407.8139543114589,410.71093659653343,2352500,LMT,0.010974182682817135,408.05103846958707,2023,1
2023-01-26,421.5379638671875,425.1591989683019,415.13893027816164,417.44919736184613,2168900,LMT,0.01244060605607511,409.707763671875,2023,1
2023-01-27,421.345458984375,427.8361468700984,419.37441861645175,422.50056457081735,1587700,LMT,-0.00045667270640692426,412.10838535853793,2023,1
2023-01-30,422.2530212402344,427.85447303268217,421.62045080261424,423.5456639615685,1642000,LMT,0.0021539623520494544,414.89534650530135,2023,1
2023-01-31,424.7008056640625,424.90249519847094,420.8045521864842,423.80236537852227,2062000,LMT,0.005796961302108716,417.5120544433594,2023,1
2023-02-01,423.7748718261719,426.5526702995737,421.5287850570919,424.013239819901,1242500,LMT,-0.002180202687496302,420.2584228515625,2023,2
2023-02-02,419.1360778808594,422.1063895498733,416.13826436222365,420.21785460260315,2104700,LMT,-0.010946363868444053,421.30091639927457,2023,2
2023-02-03,420.86871337890625,424.0957459974423,417.07331857728684,421.0429010703597,1302900,LMT,0.004133825717907769,421.94527326311385,2023,2
2023-02-06,430.05474853515625,430.66896581974635,424.2332813799384,424.9941845178174,1393500,LMT,0.021826367378322775,423.1619567871094,2023,2
2023-02-07,429.3487548828125,433.62088527685313,424.59991652222294,433.21750623690343,1334800,LMT,-0.0016416366863718501,424.30528477260043,2023,2
2023-02-08,430.5589599609375,432.14497452641115,424.75584600258384,426.2685036524183,865000,LMT,0.002818699400805924,425.4918474469866,2023,2
2023-02-09,430.9623107910156,434.8585643491222,429.2296384628684,433.1075388045363,799000,LMT,0.0009368074238071955,426.38634817940846,2023,2
2023-02-10,440.808349609375,441.75261696931693,433.06169780566626,433.06169780566626,1436300,LMT,0.02284663547558785,428.8197021484375,2023,2
2023-02-13,441.8535461425781,448.75679044129964,440.1391988352646,444.80553268603023,1203100,LMT,0.0023710905978286956,432.0650547572545,2023,2
2023-02-14,441.4959716796875,444.63132238680953,439.73579736978473,442.2935812642159,875600,LMT,-0.0008092601406332056,435.01180594308033,2023,2
2023-02-15,440.5150146484375,443.9437087846623,437.6638592961908,440.808358355748,927100,LMT,-0.002221893503394634,436.5061296735491,2023,2
2023-02-16,432.0257568359375,437.82887034181414,427.30441994293136,437.29715864348475,1939500,LMT,-0.01927121103755125,436.8885585239955,2023,2
2023-02-17,436.0411682128906,436.06867005809653,431.6498537452677,432.52079213922474,1184200,LMT,0.009294379590608415,437.6717311314174,2023,2
2023-02-21,439.30487060546875,442.2476800831982,435.6469851431285,440.51500780326035,1379400,LMT,0.0074848492080561435,438.863525390625,2023,2
2023-02-22,439.6165771484375,441.57846882818325,437.7280423790832,438.9565048422336,900300,LMT,0.0007095449284209021,438.69327218191967,2023,2
2023-02-23,439.2039794921875,442.88021789961124,435.94947333555143,440.04741601630167,917400,LMT,-0.000938539804222871,438.3147626604353,2023,2
2023-02-24,440.4141540527344,441.697620196433,437.5721753204608,439.5523922182231,1009300,LMT,0.00275538159273081,438.16021728515625,2023,2
2023-02-27,439.5799255371094,443.8062294720282,437.4713758627454,440.5333695881755,1149000,LMT,-0.0018941909744460972,438.0266331263951,2023,2
2023-02-28,437.52264404296875,441.46186903522437,435.27165028921974,440.08729716848796,1155500,LMT,-0.004680107927191868,438.81190272739957,2023,2
2023-03-01,437.5871887207031,440.25333554078986,434.7826950635108,436.60930124816997,957700,LMT,0.00014752305649357034,439.0327627999442,2023,3
2023-03-02,441.2589416503906,442.0523385983042,436.33259441846616,436.3418288032969,835700,LMT,0.008390905913909341,439.3119158063616,2023,3
2023-03-03,440.87152099609375,442.39370245308123,439.478480167275,441.8032648568406,1060500,LMT,-0.0008779893566527308,439.49119349888394,2023,3
2023-03-06,442.9748229980469,444.4785354035274,439.88431688719294,439.88431688719294,905700,LMT,0.004770782193417755,440.0298854282924,2023,3
2023-03-07,441.58184814453125,447.5137581173804,440.9729699540273,444.2018515331886,1137900,LMT,-0.003144591478332792,440.1966988699777,2023,3
2023-03-08,442.3567199707031,449.8661885429582,439.78283252832176,443.77743556748834,1252900,LMT,0.0017547637644703684,440.5933837890625,2023,3
2023-03-09,438.989501953125,445.825508626187,437.84553623844766,445.5856398523074,1035000,LMT,-0.007611996982437863,440.8029349190848,2023,3
2023-03-10,438.6666259765625,444.93987035474004,437.6702977625651,438.8603509883039,1335000,LMT,-0.000735498172794502,440.95714024135043,2023,3
2023-03-13,440.3548278808594,441.8032185633571,434.3306589214174,435.3177808377906,1701000,LMT,0.0038484849412434574,440.8279811314174,2023,3
2023-03-14,441.77557373046875,443.9896583283345,438.0854233494881,443.08558950330666,1761400,LMT,0.0032263660113516224,440.9571315220424,2023,3
2023-03-15,436.646240234375,438.32526531184715,428.5832711544697,438.20533092722604,2273300,LMT,-0.011610722278690755,440.0530482700893,2023,3
2023-03-16,436.5816650390625,441.01906844177296,431.50770846889685,434.45983991661984,1633000,LMT,-0.0001478890446368064,439.3387363978795,2023,3
2023-03-17,429.7825622558594,438.1315439433168,427.4024277736309,437.3934970139971,6525100,LMT,-0.015573495929094516,437.5424281529018,2023,3
2023-03-20,438.8511657714844,440.76079728589104,429.17372680190505,431.95057410215946,1515400,LMT,0.021100445462527206,437.52266584123885,2023,3
2023-03-21,437.98388671875,442.1260708406848,434.7918868861095,441.7755021067502,1069000,LMT,-0.0019762487156886888,437.42513166155135,2023,3
2023-03-22,432.5778503417969,439.83821633520097,432.04279095189816,438.6112537847576,1261700,LMT,-0.012343002884086962,436.3141348702567,2023,3
2023-03-23,431.6552734375,434.46902959266623,430.3637266196313,432.3287359209929,1168500,LMT,-0.00213274189505519,434.8683776855469,2023,3
2023-03-24,437.7809753417969,438.8234472742595,430.9634093572064,431.6553125173069,1126000,LMT,0.014191189778627322,435.03048270089283,2023,3
2023-03-27,436.72003173828125,440.5669972688575,435.81593487140725,440.15184414087435,1273000,LMT,-0.002423457535328688,435.0502493722098,2023,3
2023-03-28,434.921142578125,438.7681087295428,434.6628331678466,437.28283665884567,1076100,LMT,-0.00411909010217848,435.7843322753906,2023,3
2023-03-29,437.4580993652344,437.55956498577643,434.21998343508363,434.7550710000176,1146400,LMT,0.005833142008389913,435.58532278878346,2023,3
2023-03-30,436.52630615234375,438.943350001082,435.1886436123318,437.7809718458514,950300,LMT,-0.0021300170559024334,435.3770969935826,2023,3
2023-03-31,436.11114501953125,438.52818866801516,434.54282007098675,437.45804183250146,1409600,LMT,-0.0009510563898699198,435.88185337611606,2023,3
2023-04-03,448.92523193359375,450.10607890789896,436.1296402247045,436.36027461932355,1656700,LMT,0.029382617391006116,438.3489903041295,2023,4
2023-04-04,450.6965026855469,452.62460278715054,447.2000774870617,447.97500565084414,1081100,LMT,0.0039455807469852555,440.1940656389509,2023,4
2023-04-05,452.0341796875,455.57672061526694,449.30347633448207,450.19833891297407,1305900,LMT,0.0029680217041454515,442.38180106026783,2023,4
2023-04-06,452.2002258300781,458.48270405097884,451.1300789349194,453.3995133373778,1093300,LMT,0.00036733094540086775,444.8502415248326,2023,4
2023-04-10,458.2705078125,459.8111578408473,453.6762608802072,453.6762608802072,1024400,LMT,0.013423880917527109,447.8234427315848,2023,4
2023-04-11,450.0506896972656,458.27050218381726,449.28499596142666,457.9291678140959,1224200,LMT,-0.017936607255113812,449.75549752371654,2023,4
2023-04-12,450.2905578613281,453.1965453458006,444.3770891278485,445.4010922356603,1105600,LMT,0.0005329803276690193,451.7811279296875,2023,4
2023-04-13,454.017578125,455.2814498822943,448.33474425523247,449.1096723074361,909500,LMT,0.00827692297474214,452.50860595703125,2023,4
2023-04-14,450.1890563964844,453.4271719643267,447.53214394631726,451.9880157460878,843200,LMT,-0.008432540749471973,452.4361136300223,2023,4
2023-04-17,451.7113037109375,454.12834760991456,448.87910664914165,448.87910664914165,1287800,LMT,0.0033813512186144923,452.3899884905134,2023,4
2023-04-18,462.56951904296875,468.7412970073409,459.4236628725768,460.34620034822456,2561800,LMT,0.024037953539855828,453.8713160923549,2023,4
2023-04-19,456.8037109375,464.3408271909405,455.6228639626759,463.1138645986174,962200,LMT,-0.012464738527082186,453.6617736816406,2023,4
2023-04-20,452.596923828125,457.42177715545654,451.17620813014435,457.42177715545654,839900,LMT,-0.009209178928825668,454.0255214146205,2023,4
2023-04-21,445.1705322265625,453.2242960550569,443.3808069313415,453.18738666600495,1382500,LMT,-0.016408400522807565,453.2940891810826,2023,4
2023-04-24,443.66680908203125,446.0746187808318,441.6372150360731,445.02294052328193,955200,LMT,-0.0033778586758881346,451.8154078892299,2023,4
2023-04-25,438.7403869628906,443.6667621576226,438.7219463475556,443.46380277449276,839100,LMT,-0.011103877996493927,450.1798836844308,2023,4
2023-04-26,425.8617248535156,437.2366271560495,423.99820937618216,437.2366271560495,1571900,LMT,-0.029353719174397108,446.4870867047991,2023,4
2023-04-27,428.9800109863281,430.2069736839242,425.4282353721699,426.0740229942405,1491400,LMT,0.007322297240694997,441.68858555385043,2023,4
2023-04-28,428.4725646972656,430.05009598181886,426.5813458790716,428.8138990768977,1040300,LMT,-0.001182913599856894,437.6412789481027,2023,4
2023-05-01,433.0667724609375,434.5889537072991,428.5647849501973,429.01684747027105,1524500,LMT,0.010722291558895591,434.85125732421875,2023,5
2023-05-02,423.3432922363281,432.23654004907576,421.83031706052867,432.0981650399754,1105500,LMT,-0.02245261202875226,431.7330801827567,2023,5
2023-05-03,417.9740905761719,423.8783252095226,417.62352180591466,422.70671266742073,1116700,LMT,-0.012682855164170004,428.0626918247768,2023,5
2023-05-04,416.92242431640625,418.86899335533997,411.64550794732776,418.51842455140593,962700,LMT,-0.0025161039487302528,424.94584001813615,2023,5
2023-05-05,420.2527160644531,421.69187222802924,417.0607162304625,417.62347871244,930600,LMT,0.007987797138777841,424.1445530482701,2023,5
2023-05-08,416.0274963378906,422.79891809911817,415.2064526161467,421.12912750361596,808300,LMT,-0.010053997428334238,422.29419381277904,2023,5
2023-05-09,417.02386474609375,418.7490053887021,415.2341397207884,417.81723349256384,623800,LMT,0.0023949580664108794,420.6586652483259,2023,5
2023-05-10,418.0478515625,418.17702032285524,413.9517829173217,417.7341921991353,850900,LMT,0.0024554633510716073,418.5131051199777,2023,5
2023-05-11,415.7784729003906,417.1899543012416,413.7950226925248,415.6769791245839,645400,LMT,-0.005428514112983285,417.4324166434152,2023,5
2023-05-12,415.8707580566406,418.71216165107,413.11235131924747,417.7250396017474,696500,LMT,0.00022195751407294573,417.13194056919644,2023,5
2023-05-15,416.9132080078125,418.23243002979314,414.60686398884775,415.8707360066623,668300,LMT,0.002506668071694307,417.130623953683,2023,5
2023-05-16,413.0477294921875,417.39287328132485,412.9831451096203,417.0699795220991,569500,LMT,-0.0092716624021002,416.1013401576451,2023,5
2023-05-17,421.87640380859375,422.9004351130851,415.08654105966485,415.1418910595172,1101900,LMT,0.021374465191372538,416.9368983677455,2023,5
2023-05-18,420.446533203125,421.35983646576443,414.58841350583083,420.1328737811439,1456500,LMT,-0.003389311638575254,417.4258510044643,2023,5
2023-05-19,419.2840881347656,422.7712789978927,417.78034740200974,421.6273414285574,804100,LMT,-0.0027647869028754046,417.60245622907365,2023,5
2023-05-22,419.4963073730469,421.9410264334621,416.60876012006787,418.8320791610082,628000,LMT,0.0005061466539915127,418.1335754394531,2023,5
2023-05-23,417.56817626953125,421.046132701966,415.141898005499,417.0884387246356,1027200,LMT,-0.004596300538590836,418.37606375558033,2023,5
2023-05-24,417.65118408203125,421.3597747496177,416.2304684287604,418.13089345357247,858600,LMT,0.00019878864630329396,418.4814889090402,2023,5
2023-05-25,408.52728271484375,416.5256955010915,405.6397638900822,416.5256955010915,1205000,LMT,-0.02184574524131,417.83571079799106,2023,5
2023-05-26,413.7119445800781,416.7747476199897,407.85382594551334,408.5549352865581,1135500,LMT,0.012691103102784318,416.6693594796317,2023,5
2023-05-30,413.2691650390625,414.26549324799925,409.8280896953881,413.3706306601597,1163300,LMT,-0.0010702604718484388,415.6440211704799,2023,5
2023-05-31,412.3775939941406,414.1607923806321,411.4395399235153,412.9441224194385,1673500,LMT,-0.002157361643077338,414.6573791503906,2023,5
2023-06-01,417.6342468261719,418.6651536744053,411.82951454534555,413.8541983624771,878700,LMT,0.01274718342749237,414.39137050083707,2023,6
2023-06-02,422.1109619140625,423.84773380046545,418.4609519593135,419.90981130537307,894700,LMT,0.01071922411035886,415.0403398786272,2023,6
2023-06-05,422.2966613769531,424.21919580117566,420.24411566858043,423.6433708068884,807200,LMT,0.0004399304439963725,415.7039794921875,2023,6
2023-06-06,425.9559631347656,426.615372878667,422.01804127021893,423.996270501923,816800,LMT,0.008665239611132414,418.1937909807478,2023,6
2023-06-07,428.8537292480469,430.71124404717216,422.5939134448912,425.4823353526863,893100,LMT,0.006802971114562073,420.3569030761719,2023,6
2023-06-08,431.10125732421875,433.1909610985245,428.58430481545815,429.25301115697283,863400,LMT,0.005240780067629736,422.9043448311942,2023,6
2023-06-09,429.72674560546875,432.2344018174041,427.5906150126537,432.2344018174041,713100,LMT,-0.003188373254305432,425.38279506138394,2023,6
2023-06-12,427.10760498046875,429.8938768150008,425.53800291287524,429.8195887038526,954400,LMT,-0.0060948978665726905,426.7361319405692,2023,6
2023-06-13,420.1419372558594,424.4142265247778,414.1236080631474,423.5226274487137,1486300,LMT,-0.016308929280076656,426.454842703683,2023,6
2023-06-14,420.3091125488281,421.1171552232439,416.61267656627484,419.25034394583247,945700,LMT,0.00039790194252131705,426.170907156808,2023,6
2023-06-15,423.4669189453125,425.8445354594513,421.5815426858175,421.6558308016361,892400,LMT,0.00751305718149875,425.8153294154576,2023,6
2023-06-16,426.45751953125,428.87226593627673,424.0706063692127,425.12010669652074,1642800,LMT,0.007062182314939491,425.4730137416295,2023,6
2023-06-20,425.7237854003906,428.9837326674976,424.8879094800469,426.7454241223325,774800,LMT,-0.0017205327547415994,424.7048034667969,2023,6
2023-06-21,432.8380432128906,433.88754345606645,425.38012351735927,428.21282183494276,906900,LMT,0.016710970954580517,425.14927455357144,2023,6
2023-06-22,430.4139709472656,432.8473104377463,428.62147623477233,432.3550702228278,688500,LMT,-0.005600414066267101,425.6216125488281,2023,6
2023-06-23,426.6339416503906,432.2622369897649,425.4915883060213,430.49757543705465,1348200,LMT,-0.008782310872845978,426.5490417480469,2023,6
2023-06-26,420.54132080078125,423.66196026547584,414.8573302988797,423.45763251276713,997200,LMT,-0.014280675433465673,426.58221435546875,2023,6
2023-06-27,420.8663635253906,423.1696918259033,420.18838883827726,420.53202450326734,671100,LMT,0.0007729150704869348,426.21070643833707,2023,6
2023-06-28,417.62506103515625,421.43297209079884,415.58178339258893,421.26577421573285,848900,LMT,-0.007701500455117305,424.9489266531808,2023,6
2023-06-29,424.8507385253906,424.93432328057895,416.80769696399807,417.86649388323,684200,LMT,0.017301829234874555,424.82420567103793,2023,6
2023-06-30,427.581298828125,429.70816102365944,424.24706345590414,426.52250188018616,982700,LMT,0.006427104992713151,424.0732421875,2023,6
2023-07-03,429.62457275390625,430.3211407830445,424.9529243055562,427.22839120477806,385400,LMT,0.004778679356139515,423.9604710170201,2023,7
2023-07-05,429.7917785644531,430.3397420229572,426.2439185347225,428.68655500365526,625500,LMT,0.0003891905192365819,424.4115905761719,2023,7
2023-07-06,428.75152587890625,430.01462217938496,426.61536712120545,430.01462217938496,675900,LMT,-0.002420364319255741,425.58447701590404,2023,7
2023-07-07,426.03021240234375,428.9836818748829,425.4636841083684,427.2283171409185,642200,LMT,-0.006347064237226974,426.3221697126116,2023,7
2023-07-10,427.581298828125,429.6338445658616,425.4172784036917,425.8352305343884,718400,LMT,0.0036407897389127974,427.74448939732144,2023,7
2023-07-11,433.0702209472656,433.82251204344755,427.03329889323874,428.40784146728885,709200,LMT,0.012837142630381937,428.918701171875,2023,7
2023-07-12,429.0487060546875,433.9339784278815,428.26855333902165,433.91541348587384,1067100,LMT,-0.009286057313711793,429.12833077566967,2023,7
2023-07-13,433.1537780761719,434.1382584193456,427.53478013199145,428.15705991359965,821700,LMT,0.00956784617586326,429.6325029645647,2023,7
2023-07-14,431.2312927246094,433.2838383882711,429.4202046815165,432.8008948037104,933200,LMT,-0.004438343721948179,429.83814784458707,2023,7
2023-07-17,436.4880676269531,440.22166175402845,432.447967719816,433.0702475793736,1886300,LMT,0.012190151760857582,430.943368094308,2023,7
2023-07-18,423.2347106933594,445.3391229782691,421.9158628632768,440.57459351969567,3122600,LMT,-0.030363617969325074,430.5440107073103,2023,7
2023-07-19,419.3432312011719,426.55966545272287,416.18543360395813,424.4420998737418,2141500,LMT,-0.00919461328162885,429.3671439034598,2023,7
2023-07-20,423.5225830078125,425.55656355849055,419.7982575380779,420.38337911339903,1353800,LMT,0.009966422480861992,428.0031956263951,2023,7
2023-07-21,422.3616638183594,424.3863478580341,421.0521126706553,422.4080903443412,934300,LMT,-0.002741103393373745,427.0479038783482,2023,7
2023-07-24,424.2563781738281,425.3244718817088,421.69302696782506,423.5133835751023,892200,LMT,0.004485999838005128,425.776846749442,2023,7
2023-07-25,421.79510498046875,422.3616616490186,415.54458674534146,420.1976413556682,1207800,LMT,-0.005801381711581288,424.42881992885043,2023,7
2023-07-26,420.5506591796875,424.4885817025909,419.67762490814897,421.96236030177425,1322300,LMT,-0.002950356194481807,422.1520472935268,2023,7
2023-07-27,416.67767333984375,420.18837467088554,413.5941924149184,419.33390551523036,1603600,LMT,-0.009209320578401403,421.21532767159596,2023,7
2023-07-28,417.0120544433594,418.54449841795173,414.68086440096255,416.08329708379733,1163100,LMT,0.0008024934497579128,420.8823024204799,2023,7
2023-07-31,414.5693664550781,417.67141224872086,412.95333792046864,417.67141224872086,1806000,LMT,-0.005857595631238555,419.603271484375,2023,7
2023-08-01,419.1296081542969,420.83851824601714,415.06164650030627,415.1823894885591,1047900,LMT,0.010999948544709648,419.1415492466518,2023,8
2023-08-02,416.6033630371094,420.8477906069687,415.9996764741014,419.12958397115943,905700,LMT,-0.00602736019607919,418.0482613699777,2023,8
2023-08-03,416.0089416503906,418.126506953805,414.2071503969199,415.45168165614035,1240700,LMT,-0.0014268281042796316,417.22166660853793,2023,8
2023-08-04,413.9656982421875,418.21012583745124,413.5849043540916,416.62193047268994,846800,LMT,-0.0049115372378708555,416.2809579031808,2023,8
2023-08-07,417.7364501953125,418.3772949889481,414.48579970028896,415.45171521211154,746800,LMT,0.009108851214331581,416.43221173967635,2023,8
2023-08-08,417.44854736328125,418.4144628974525,415.6839141509814,417.01203029582706,791600,LMT,-0.0006891972962776993,416.49456787109375,2023,8
2023-08-09,420.5506591796875,421.7023093491944,417.93155636507197,418.0151411344625,1211700,LMT,0.007431123754053193,417.34903826032365,2023,8
2023-08-10,417.9872131347656,421.6279542358704,417.25351527220954,419.79830121409856,688700,LMT,-0.006095451258885332,417.1858389718192,2023,8
2023-08-11,421.7022705078125,421.7394287385951,418.4237581410242,419.0367414035233,690500,LMT,0.008887968952890235,417.9142543247768,2023,8
2023-08-14,418.0150451660156,423.1510715579037,417.6249829984108,422.2037493788705,752300,LMT,-0.008743669644834307,418.20084054129467,2023,8
2023-08-15,411.9781494140625,417.9407837330943,411.6995335622765,416.083269138725,725300,LMT,-0.014441814527406671,417.91690499441967,2023,8
2023-08-16,413.4177551269531,415.1823883865023,410.7893560088974,411.3094578465872,822000,LMT,0.003494373949050722,417.2999485560826,2023,8
2023-08-17,414.8572692871094,418.1450777904674,414.63437662363464,414.8201394054777,635800,LMT,0.003481984366429103,416.9297659737723,2023,8
2023-08-18,417.99652099609375,422.9282201429413,413.64994350114745,413.68710173044616,1075700,LMT,0.007567064485525021,416.5648890904018,2023,8
2023-08-21,419.3246154785156,420.75490962656033,417.01201892010124,417.79217163446486,573500,LMT,0.0031772859717995594,416.75594656808033,2023,8
2023-08-22,420.67132568359375,421.55365643908743,418.3679974200154,419.556805607541,671800,LMT,0.0032116173374208135,416.6086687360491,2023,8
2023-08-23,422.18524169921875,422.48245085808094,419.8819132331749,422.19450999932826,1043200,LMT,0.0035988096245087586,417.2044110979353,2023,8
2023-08-24,420.3091125488281,425.064373821225,420.2069628487827,420.9685506512855,697800,LMT,-0.00444385299410166,418.39454868861606,2023,8
2023-08-25,418.953125,422.82605539310197,417.06774882398844,422.82605539310197,785200,LMT,-0.0032261673809668157,419.18531581333707,2023,8
2023-08-28,420.09552001953125,421.03354564419277,418.1915504973486,418.6930873889753,641000,LMT,0.0027267848152014995,419.9336373465402,2023,8
2023-08-29,416.4547424316406,420.96851737487555,412.8232982073429,420.0954832982709,1053700,LMT,-0.008666547045589446,419.71338326590404,2023,8
2023-08-30,420.1791687011719,423.4391164775584,416.5384269624171,417.42075789271297,875900,LMT,0.008943171706449204,419.83546229771207,2023,8
2023-08-31,419.18804931640625,424.1152632887196,418.9917163015094,421.49739464800115,826300,LMT,-0.002358801812639366,419.6235656738281,2023,8
2023-09-01,419.029052734375,422.49776400714813,418.65507561294504,421.0298745595946,668600,LMT,-0.0003792965526820957,419.1726815359933,2023,9
2023-09-05,416.23358154296875,419.1693321968656,416.1026738445298,418.8608088875325,854000,LMT,-0.0066713063764061165,418.5904628208705,2023,9
2023-09-06,396.3656921386719,412.63393902330483,396.10390530724555,411.6054805667642,2548000,LMT,-0.04773254798578974,415.36368669782365,2023,9
2023-09-07,398.2356872558594,399.95600514562824,394.5519534645984,396.4218679359946,1195700,LMT,0.004717853119672322,412.2408534458705,2023,9
2023-09-08,395.57098388671875,398.7030957822122,394.7856233707134,398.6002356674002,1162300,LMT,-0.0066912721647384155,409.25745936802457,2023,9
2023-09-11,393.2990417480469,395.23440971728365,389.4283058095733,394.757572484468,1618300,LMT,-0.005743449927364974,405.41744123186385,2023,9
2023-09-12,390.6531677246094,392.784869072441,388.8861133929506,392.25196513495587,1307700,LMT,-0.006727384871515918,401.34102957589283,2023,9
2023-09-13,393.60760498046875,394.78566013048203,391.3543548048317,392.5137210834233,971500,LMT,0.0075628140252073095,397.7093941824777,2023,9
2023-09-14,398.1889343261719,398.9088410961157,393.3645517657342,393.3645517657342,992400,LMT,0.011639331374022843,395.13158743722096,2023,9
2023-09-15,396.46856689453125,400.98442589420506,396.1506848883686,396.33768773087735,1681600,LMT,-0.0043204802628478145,395.1462838309152,2023,9
2023-09-18,401.9006652832031,403.3872722547928,398.8527243879185,399.84377668055976,951200,LMT,0.013701208222433703,395.6698521205357,2023,9
2023-09-19,397.6466064453125,403.0412987019817,397.41286716765154,402.2652968545031,862300,LMT,-0.010584851445550547,395.96636962890625,2023,9
2023-09-20,399.17999267578125,402.82632009239535,398.91820579798923,399.17999267578125,1044100,LMT,0.003856153191337919,396.80650547572543,2023,9
2023-09-21,390.38201904296875,398.8620587660803,390.0547783317278,398.0393204359179,1669400,LMT,-0.022040116724883818,396.7677699497768,2023,9
2023-09-22,386.7450256347656,390.3446164269047,386.35235960369783,388.8860855319677,1453300,LMT,-0.009316498278069574,395.7874014718192,2023,9
2023-09-25,386.0437927246094,387.02551482929755,384.74421715271313,386.35234455534436,748300,LMT,-0.001813165945716566,394.05238124302457,2023,9
2023-09-26,382.1637268066406,384.5198085019963,381.22876967683845,383.92145077588907,1108000,LMT,-0.010050843948517185,392.0088326590402,2023,9
2023-09-27,382.13568115234375,383.332425143193,379.33080974885695,382.56575344507604,1317700,LMT,-7.338648942756265e-05,389.18526349748885,2023,9
2023-09-28,384.2299499511719,386.00636267974164,382.22915665597765,383.2388977384132,819700,LMT,0.005480432480193365,387.2685982840402,2023,9
2023-09-29,382.3600769042969,384.6881396637433,381.0791901444392,384.22999124747685,764100,LMT,-0.004866546835072705,384.8657531738281,2023,9
2023-10-02,381.29425048828125,384.258048821078,379.48978994798495,382.3600868546638,733200,LMT,-0.0027874939890295547,383.56750052315846,2023,10
2023-10-03,377.5636901855469,380.99499508830434,376.4043525824665,380.8921635092164,899200,LMT,-0.00978394061268184,382.2558811732701,2023,10
2023-10-04,375.226318359375,375.8527521673427,371.28079827740777,374.5999130840334,1243400,LMT,-0.006190668983617642,380.7105276925223,2023,10
2023-10-05,371.5052795410156,375.3198926749544,368.95283590430495,374.8804616136738,1162800,LMT,-0.009916785247445103,379.1878923688616,2023,10
2023-10-06,374.6653137207031,376.2453932693742,368.1579927205367,369.68197713408756,1135600,LMT,0.00850602764943642,378.1206970214844,2023,10
2023-10-09,408.1368103027344,408.2022641457334,395.85148918942207,400.8347978386421,5343700,LMT,0.08933705725153618,381.5359627859933,2023,10
2023-10-10,406.7998352050781,413.83070224390303,404.39698863807695,412.8022437392891,2626200,LMT,-0.0032758013095279814,385.02735682896207,2023,10
2023-10-11,408.2490539550781,410.25920622009113,405.1169416417359,406.4445934145045,1419500,LMT,0.003562486079350169,388.8780430385045,2023,10
2023-10-12,405.9023132324219,410.53033403311724,402.1344085039885,409.55797060214644,1121900,LMT,-0.005748306578842621,392.9264177594866,2023,10
2023-10-13,412.3722229003906,414.29823246169485,406.39786119239955,410.0067823110628,1519300,LMT,0.015939573284136532,398.2329755510603,2023,10
2023-10-16,411.7644958496094,414.6535101173798,406.136063887068,410.838897370093,1931300,LMT,-0.0014737342067000503,403.98429216657365,2023,10
2023-10-17,412.4376220703125,423.3392250682973,406.8278795793675,408.16486135854586,3103900,LMT,0.0016347359412671736,409.38033621651783,2023,10
2023-10-18,417.0564270019531,418.7580562065465,411.63365731687,414.4759356162021,2024100,LMT,0.011198796337869465,410.6545671735491,2023,10
2023-10-19,419.96405029296875,420.422198703569,413.42870887482303,414.80309704136744,2012400,LMT,0.006971774327798608,412.53516932896207,2023,10
2023-10-20,415.2799377441406,423.16161982025756,415.13034117338873,422.0116122322058,1715100,LMT,-0.011153603613358043,413.5395812988281,2023,10
2023-10-23,417.1404724121094,422.65671371793457,414.6441243453847,415.3172946136207,1502400,LMT,0.004480193958021239,415.14503261021207,2023,10
2023-10-24,412.22265625,421.30108338809805,411.69908245936114,419.91736488396606,1367100,LMT,-0.011789352717735957,415.1236659458705,2023,10
2023-10-25,418.5709533691406,420.1510331771282,414.82176620511206,415.43884132532855,1228900,LMT,0.015400165475840666,416.0960170200893,2023,10
2023-10-26,416.9628601074219,421.7498363658138,414.8218001483496,418.8701807684662,1432000,LMT,-0.0038418653964756855,416.7424795968192,2023,10
2023-10-27,414.5506591796875,418.54291588783923,411.60552136841517,414.5787067525269,1288400,LMT,-0.005785169756157504,416.384512765067,2023,10
2023-10-30,416.8412780761719,417.79492406481125,413.99900044824153,415.51365494684796,948800,LMT,0.0055255463856143106,415.9384024483817,2023,10
2023-10-31,425.0689392089844,425.5270590894124,416.43927430392836,418.2063285088853,1418700,LMT,0.01973811511850565,417.33683122907365,2023,10
2023-11-01,422.9559020996094,426.9949236637149,422.09572900382466,426.64896556551645,1267000,LMT,-0.004971045669220575,418.16760689871654,2023,11
2023-11-02,428.247802734375,428.4160881820949,421.43195677542656,421.43195677542656,1242000,LMT,0.012511707741861278,420.45691353934154,2023,11
2023-11-03,423.8534240722656,427.98594677250026,421.78717698846066,425.5082877729658,1365400,LMT,-0.010261298794882578,421.21155221121654,2023,11
2023-11-06,421.8153076171875,425.255943378256,421.3291401289812,425.255943378256,1440800,LMT,-0.004808540734427602,421.9047589983259,2023,11
2023-11-07,420.8709411621094,423.68517121907354,420.44086887675957,423.68517121907354,1220100,LMT,-0.002238815040669806,422.80765642438615,2023,11
2023-11-08,415.73797607421875,422.3855065371161,415.14894860887387,420.870880787728,1386400,LMT,-0.012196054861182581,422.65004185267856,2023,11
2023-11-09,413.6811218261719,416.62623106544544,411.08194215816866,416.43925675989163,1775500,LMT,-0.004947477417073132,421.02321079799106,2023,11
2023-11-10,415.93438720703125,416.83193809150197,412.28805998953015,415.1303377450869,1525400,LMT,0.0054468653800601174,420.02013724190846,2023,11
2023-11-13,416.083984375,419.3937407153206,414.45716804468924,416.05593680146455,1003800,LMT,0.0003596653043602682,418.2824489048549,2023,11
2023-11-14,415.32666015625,417.6734116983956,413.1201464779995,414.1860113088573,1336800,LMT,-0.001820123453892597,417.0643397739955,2023,11
2023-11-15,416.18682861328125,418.87015099871365,414.62543765906815,414.62543765906815,1098400,LMT,0.0020710648738697657,416.26027134486606,2023,11
2023-11-16,416.6075744628906,418.552301413143,414.7002537896971,416.80390748534853,912900,LMT,0.0010109542654468395,415.6512189592634,2023,11
2023-11-17,415.75677490234375,418.1409329625151,415.3267025649419,417.5893116197837,898600,LMT,-0.0020422085739649765,415.6539045061384,2023,11
2023-11-20,414.9433288574219,416.6075514366937,412.09172097397874,415.14902057093315,982000,LMT,-0.0019565430896777425,415.834219796317,2023,11
2023-11-21,419.0010681152344,419.3937626979416,415.27059797634905,416.0559586091338,1177800,LMT,0.009779020351973866,416.2723170689174,2023,11
2023-11-22,421.1046447753906,422.32010604600106,418.3932750680666,418.3932750680666,833800,LMT,0.005020456557828457,416.9895542689732,2023,11
2023-11-24,422.6099853515625,423.1522479375976,420.4876143860462,422.3107922193781,326600,LMT,0.0035747422756990943,418.030029296875,2023,11
2023-11-27,416.5140380859375,423.3766199199814,416.45794294137085,422.4697103726517,1496900,LMT,-0.01442452255488913,418.0767735072545,2023,11
2023-11-28,419.11322021484375,421.5534731484257,416.99087781252126,418.729884369621,1124900,LMT,0.006240322993315228,418.4347229003906,2023,11
2023-11-29,416.06524658203125,420.3006008836505,415.0367881189463,420.3006008836505,1272900,LMT,-0.007272434955046481,418.4787902832031,2023,11
2023-11-30,421.6302490234375,421.7149915905747,416.6773347714187,417.13872054895523,1514500,LMT,0.013375311894282538,419.43406459263394,2023,11
2023-12-01,423.1745300292969,424.3515580398579,421.98807659912006,422.2234822012323,856900,LMT,0.003662642823744733,420.0302734375,2023,12
2023-12-04,424.3798522949219,424.6340800282256,420.0672050971425,421.2536586579703,1265700,LMT,0.002848286416343493,420.4981602260045,2023,12
2023-12-05,420.18951416015625,424.33267515266766,419.86936603546786,424.0031016097136,1055700,LMT,-0.009874027035226773,420.15237862723217,2023,12
2023-12-06,423.1745300292969,424.14439996055773,419.4927829639379,419.4927829639379,864100,LMT,0.007103975155369646,421.10387747628346,2023,12
2023-12-07,421.0087585449219,425.03892982234566,420.2366500510175,424.12555498596356,861100,LMT,-0.0051179154951150885,421.37466866629467,2023,12
2023-12-08,421.8656311035156,424.2291123762654,421.3383248911462,422.3835406329725,761100,LMT,0.002035284400151882,422.2032950265067,2023,12
2023-12-11,424.9165344238281,426.7997792282792,423.2686952199334,425.5003357154423,1021600,LMT,0.007231931438292261,422.67276436941967,2023,12
2023-12-12,425.2649230957031,427.2611579577069,424.0784696929506,425.31199272062344,1008200,LMT,0.0008198990711139054,422.9713919503348,2023,12
2023-12-13,425.08599853515625,427.67546001320375,424.2008712219591,426.50785748772404,1300300,LMT,-0.00042073670041820055,423.07226998465404,2023,12
2023-12-14,419.2762145996094,424.5493060244722,415.66981328892604,424.2103357384918,1891000,LMT,-0.013667314274211195,422.9417986188616,2023,12
2023-12-15,416.0181884765625,418.5982246460631,413.0991533017647,415.2554766346877,3973400,LMT,-0.007770596112059769,421.9194641113281,2023,12
2023-12-18,420.8204650878906,421.1500386710687,416.45132341200554,416.8656395618234,1197300,LMT,0.011543429456567278,421.89256504603793,2023,12
2023-12-19,421.6490783691406,422.402364751541,420.10480392837627,421.54548496834127,695000,LMT,0.0019690422638474203,421.8616289411272,2023,12
2023-12-20,416.7620544433594,422.364690138346,416.7338069225321,421.88448228428246,1306800,LMT,-0.0115902635069981,420.6967032296317,2023,12
2023-12-21,421.8656311035156,421.940976983016,418.28747770014706,418.30629980200547,637200,LMT,0.012245780549701824,420.2110900878906,2023,12
2023-12-22,422.05401611328125,425.3685167956444,421.9504227009379,423.7301029265269,623600,LMT,0.00044655216229116945,419.77794974190846,2023,12
2023-12-26,423.8995361328125,425.0859894711685,421.6773212141498,421.9880439410352,516900,LMT,0.004372710480347486,420.4384242466518,2023,12
2023-12-27,422.7602233886719,424.6905378750366,422.2329171269517,422.36472932436374,699900,LMT,-0.0026876951896065426,421.40157209123885,2023,12
2023-12-28,424.8883056640625,425.4532561415176,422.2799931036534,422.7602297455267,741800,LMT,0.005033780752438766,421.9826921735491,2023,12
2023-12-29,426.78094482421875,427.0257758537569,424.8129573761057,425.61334219602674,832400,LMT,0.004454439284221401,422.71581595284596,2023,12
2024-01-02,429.4927978515625,435.07661170060504,427.7790382134036,427.7790382134036,1206500,LMT,0.00635420362654826,424.5344935825893,2024,1
2024-01-03,432.31768798828125,437.0069780620366,431.0841648966612,432.0069652284227,1174300,LMT,0.006577270098240495,426.0276445661272,2024,1
2024-01-04,431.1406555175781,436.8657359588121,431.0464875277878,435.32146138715166,1087700,LMT,-0.0027226100236154016,427.3257359095982,2024,1
2024-01-05,429.8506164550781,433.24985945346356,426.8091658228113,433.1839677262521,705300,LMT,-0.002992153595330338,428.17589024135043,2024,1
2024-01-08,431.8280029296875,431.91274549040503,427.0539708570362,427.8826030987626,716000,LMT,0.004600171312807655,429.4712873186384,2024,1
2024-01-09,429.65289306640625,431.8374351956516,426.80917502652096,431.7809401505181,732900,LMT,-0.005036981966256127,430.15194266183033,2024,1
2024-01-10,428.8148498535156,432.8261706100026,428.23104854334895,429.5681650408566,666100,LMT,-0.0019505122074462422,430.44250052315846,2024,1
2024-01-11,426.6773681640625,431.0747287360951,423.1274332796205,429.90712614070065,784800,LMT,-0.004984626092550903,430.04029628208707,2024,1
2024-01-12,436.1406555175781,436.32899149163904,429.87887231652616,430.66983168271884,966500,LMT,0.022179023448642088,430.586434500558,2024,1
2024-01-16,431.1123962402344,439.0502661769219,429.71878474302713,439.0502661769219,814900,LMT,-0.011528985463133634,430.5823974609375,2024,1
2024-01-17,429.8223876953125,435.77344829312415,428.51351873672786,430.95234609501097,920800,LMT,-0.0029922789420395723,430.57836478097096,2024,1
2024-01-18,432.7414245605469,433.1274932029487,427.06344248977524,429.4739935978153,780300,LMT,0.006791262970005096,430.7088535853795,2024,1
2024-01-19,431.03704833984375,433.9466579004239,429.3421108988623,433.67357937777075,866600,LMT,-0.003938555737837968,430.9065900530134,2024,1
2024-01-22,431.9786682128906,433.9278045916718,428.85247518855584,430.8769574457248,1216800,LMT,0.0021845451027320273,431.3585641043527,2024,1
2024-01-23,414.0031433105469,432.2046921009194,408.56056685575453,431.81862345921513,3613500,LMT,-0.041612066115924384,429.54796055385043,2024,1
2024-01-24,406.4512939453125,417.3270496589559,406.3571259602526,413.8618574665789,1768900,LMT,-0.01824104354582079,425.30662318638394,2024,1
2024-01-25,405.8769226074219,408.60762178836046,400.895732123439,404.89762727675577,1813900,LMT,-0.001413136940260018,421.70155552455356,2024,1
2024-01-26,404.8128356933594,408.11793907413767,401.7996329189484,406.75257528097586,1260500,LMT,-0.002621698487380475,418.1287623814174,2024,1
2024-01-29,403.02374267578125,406.80905372187743,400.72618211963425,405.8391839676373,1903300,LMT,-0.0044195560511657295,413.8833792550223,2024,1
2024-01-30,406.4795837402344,406.6396722050886,402.80726182926026,406.0935150765626,1016400,LMT,0.008574782819267268,410.3751700265067,2024,1
2024-01-31,404.342041015625,408.40043088719733,404.0124674587528,407.1104129156996,1120100,LMT,-0.005258671800784431,406.4270804268973,2024,1
2024-02-01,404.6810302734375,406.5642749886033,401.79027147504365,405.11419724787,1175000,LMT,0.0008383725248084506,405.09534999302457,2024,2
2024-02-02,401.1028747558594,403.8618213528066,399.6056986632904,403.14620790520974,973900,LMT,-0.00884191560736225,404.331290108817,2024,2
2024-02-05,397.0821533203125,399.59626888256855,395.3212954015976,399.24787321361447,1379600,LMT,-0.01002416509229509,403.0748944963728,2024,2
2024-02-06,402.02569580078125,403.9748323324314,395.8203788874023,397.34583131604853,1065700,LMT,0.012449671784873662,402.6767316545759,2024,2
2024-02-07,404.99176025390625,405.1706707912364,401.63958713766715,401.63958713766715,980700,LMT,0.007377798195752128,402.9578770228795,2024,2
2024-02-08,402.07275390625,404.6622154360912,400.876903835623,404.2949689167445,972200,LMT,-0.00720756971901404,402.32832990373885,2024,2
2024-02-09,401.6019592285156,402.70367009581173,399.69046687916716,402.5718291646671,1038600,LMT,-0.0011709191263532537,401.9368896484375,2024,2
2024-02-12,403.08026123046875,405.4154661223945,401.1310961903609,401.8373129090059,1007200,LMT,0.0036810129233257882,401.7082083565848,2024,2
2024-02-13,401.6207580566406,406.6866909438196,398.5322378697852,404.27614000461705,1089300,LMT,-0.00362087483364415,401.78219168526783,2024,2
2024-02-14,393.77703857421875,403.4851623519968,389.7563216304086,402.7130251563323,2503800,LMT,-0.019530164527291838,401.3100324358259,2024,2
2024-02-15,398.4192810058594,398.63586451137513,394.1443070951434,394.1443070951434,1136700,LMT,0.011789012504256569,400.7948303222656,2024,2
2024-02-16,399.3138427734375,400.3402078046228,397.8731615617323,398.4192899436702,806000,LMT,0.0022452773001337967,399.9836992536272,2024,2
2024-02-20,399.5021057128906,403.28744596633373,399.0312945359775,400.36841092226564,1363900,LMT,0.00047146609830894803,399.616463797433,2024,2
2024-02-21,402.5906677246094,403.2215674110962,399.59631522489167,401.32889708767243,969600,LMT,0.007731028116128025,399.75770786830356,2024,2
2024-02-22,403.8524169921875,404.40797072143204,399.0877815406361,400.27423487809267,1236900,LMT,0.0031340748028496623,399.8680158342634,2024,2
2024-02-23,405.95220947265625,406.244110092594,403.2026883940106,403.8335592554117,842200,LMT,0.005199405505871724,400.4867946079799,2024,2
2024-02-26,404.12548828125,407.2046118711373,401.8750257239294,406.3100591110097,980600,LMT,-0.004499842958803457,401.9651445661272,2024,2
2024-02-27,405.30255126953125,406.0558664841874,401.6019818736516,403.6547119535198,887000,LMT,0.002912617546810381,402.94846888950894,2024,2
2024-02-28,407.23284912109375,409.6245492286228,405.688574655413,406.6678699571609,1029300,LMT,0.004762609673973683,404.0797555106027,2024,2
2024-02-29,406.1989440917969,408.57976638702195,405.5539498988414,407.23283950467686,1503100,LMT,-0.0025388546909422827,405.0364467075893,2024,2
2024-03-01,404.5105285644531,406.83444113002366,402.1771503726034,405.87641554184546,1059000,LMT,-0.004156622147600153,405.3107125418527,2024,3
2024-03-04,409.70855712890625,411.54870992004055,404.9753958392421,406.5120117078054,1271900,LMT,0.01285016877780687,406.14730398995533,2024,3
2024-03-05,409.7464294433594,413.569008193491,407.6406894776002,411.4158243098835,1038000,LMT,9.243720638529851e-05,406.68933541434154,2024,3
2024-03-06,411.1692199707031,411.48222245773945,408.740982975648,409.7464234995286,775300,LMT,0.0034723683358914847,407.6955827985491,2024,3
2024-03-07,407.8588562011719,413.1611412876179,407.375125050404,411.6624749679061,1085800,LMT,-0.008051098206638962,408.0607692173549,2024,3
2024-03-08,410.619140625,410.6950393293895,405.5634821895558,406.445609236682,763200,LMT,0.006767744237645479,408.5445251464844,2024,3
2024-03-11,412.3738708496094,413.5690292265136,410.33453489700145,411.95651487503557,951000,LMT,0.004273376594034373,409.4266575404576,2024,3
2024-03-12,412.5256652832031,413.3508827109212,410.09742797642747,410.6380976521297,825100,LMT,0.00036809905846113544,410.5716770717076,2024,3
2024-03-13,412.23162841796875,415.2574449909325,411.41587660659695,413.28448406124664,987100,LMT,-0.0007127722951068005,410.93211582728793,2024,3
2024-03-14,413.3414001464844,415.08669395225917,410.99852709724155,413.9010300396236,1153600,LMT,0.002692107184435688,411.44568307059154,2024,3
2024-03-15,413.3888244628906,415.6557987039468,410.85623372900506,410.85623372900506,5151300,LMT,0.00011473401016548479,411.7627694266183,2024,3
2024-03-18,410.9036560058594,413.6448956450714,409.46187030643415,413.38880268645397,965300,LMT,-0.006011697244743375,412.19774082728793,2024,3
2024-03-19,414.68829345703125,414.78315235172374,411.6435168814361,412.84814089810567,898700,LMT,0.00921052270004119,412.77904837472096,2024,3
2024-03-20,417.7425537109375,418.2642341978342,414.09070346205164,414.5365142032954,845000,LMT,0.007365195261348045,413.54600306919644,2024,3
2024-03-21,420.35107421875,421.0435123895207,416.7181836494568,418.6437007549915,912100,LMT,0.006244325565208042,414.6639186314174,2024,3
2024-03-22,422.9310302734375,423.2819821313244,420.834784752768,421.6220527896329,1008300,LMT,0.006137622128080666,416.1924046107701,2024,3
2024-03-25,423.3388977050781,425.4635980296904,421.9161011062315,424.8091092784713,775000,LMT,0.0009643828483734129,417.62061854771207,2024,3
2024-03-26,423.0353698730469,425.5300112612624,422.91205620034094,423.51912999000973,766700,LMT,-0.000716985454624397,418.99869646344865,2024,3
2024-03-27,433.27001953125,433.5830220466681,424.8091096788446,424.82809882617784,1277700,LMT,0.024193366292928564,422.1938912527902,2024,3
2024-03-28,431.45831298828125,433.58301327189673,430.58568063474075,433.2889709628917,1119500,LMT,-0.004181472202781977,424.589608328683,2024,3
2024-04-01,429.4853820800781,431.9230848780794,427.9961813848651,430.76590478649143,717100,LMT,-0.0045727034311578985,426.2671552385603,2024,4
2024-04-02,429.9122314453125,432.236144245788,429.26723723714383,430.28217247306566,837900,LMT,0.000993862382852484,427.6330348423549,2024,4
2024-04-03,424.84710693359375,430.77542676953607,424.55306458548097,429.6087519518221,758600,LMT,-0.011781764139834783,427.9067600795201,2024,4
2024-04-04,430.6710510253906,432.51120359941115,424.13565812084806,427.0856047728201,1398300,LMT,0.013708329412508435,428.95421055385043,2024,4
2024-04-05,431.9421081542969,432.1223313837217,426.696732193104,429.124969556344,892100,LMT,0.002951340996521612,430.22660173688615,2024,4
2024-04-08,429.09649658203125,433.47870556035423,428.9921431103766,432.5301744759771,751100,LMT,-0.00658794666818896,429.63038417271207,2024,4
2024-04-09,424.5340881347656,428.7929836789069,423.2156159592141,425.5964383772075,842800,LMT,-0.010632593096442156,428.6412091936384,2024,4
2024-04-10,428.4609680175781,429.31464020414063,420.04750193067775,421.80229022614446,1247700,LMT,0.009249857649984428,428.494864327567,2024,4
2024-04-11,429.03961181640625,430.3960043981691,425.84306650890466,428.2618093350377,942800,LMT,0.0013505169479157697,428.37020438058033,2024,4
2024-04-12,427.2183837890625,434.4082654367092,426.94330167643926,430.7374259178108,1251200,LMT,-0.004244894823658085,428.7089582170759,2024,4
2024-04-15,429.7604675292969,435.66033225928715,428.3851147720881,435.36628992755215,2442100,LMT,0.005950314491825592,428.57887486049106,2024,4
2024-04-16,430.9271240234375,435.23346294580006,430.2821298791173,431.3065306408688,1452300,LMT,0.002714666848832703,428.43387712751115,2024,4
2024-04-17,432.57763671875,433.7063911482463,428.4800039861191,433.2036707764696,848300,LMT,0.0038301434356282638,428.9311828613281,2024,4
2024-04-18,432.61553955078125,434.47465237426303,430.8892060269695,431.429875693252,714900,LMT,8.762087730374013e-05,430.08567592075894,2024,4
2024-04-19,439.9951171875,441.40841926498496,433.74430070556116,434.23752645720515,1388000,LMT,0.01705805030577845,431.73341151646207,2024,4
2024-04-22,437.5858154296875,445.3732761718209,436.7131830761888,441.2851096726294,1820900,LMT,-0.00547574657921901,432.9542977469308,2024,4
2024-04-23,436.400146484375,449.1673950758924,434.1047175865653,442.1197874759147,1789500,LMT,-0.002709568965685527,434.26597813197543,2024,4
2024-04-24,435.508544921875,439.8243494693079,432.58705318005974,438.8853130257305,1018900,LMT,-0.002043082637993354,435.0871320452009,2024,4
2024-04-25,440.8583068847656,441.6361093752722,433.9814560449938,434.37985186474975,927700,LMT,0.012283942589117913,436.50587245396207,2024,4
2024-04-26,437.54791259765625,442.0154859058727,435.53703132760967,440.02356483666506,858000,LMT,-0.007508975640045379,437.2159118652344,2024,4
2024-04-29,443.4856872558594,443.5805461516039,438.1834020833809,438.21185685741716,951500,LMT,0.013570570187277253,438.768790108817,2024,4
2024-04-30,441.0005798339844,443.8936172044373,439.7580063454553,443.0399160134645,711800,LMT,-0.0056035797620708205,438.9124276297433,2024,4
2024-05-01,437.9652404785156,441.44633312909974,436.85544644293594,438.7999234649248,994700,LMT,-0.00688284663165617,438.9666312081473,2024,5
2024-05-02,439.3595886230469,439.73899524908245,435.37574668249823,437.3676676527725,1011400,LMT,0.0031836959093096695,439.38940865652904,2024,5
2024-05-03,438.135986328125,439.10347759050495,433.6399583571813,439.10347759050495,910700,LMT,-0.0027849677726543565,439.76475742885043,2024,5
2024-05-06,438.9612121582031,439.6441556938548,436.4950255601902,439.32165860019586,796300,LMT,0.0018834924677018083,439.4937438964844,2024,5
2024-05-07,442.66046142578125,442.78377509321194,439.32164256604887,440.11840517075075,723400,LMT,0.008427280509342383,440.22410801478793,2024,5
2024-05-08,442.167236328125,443.91252998092125,439.9097278048424,443.43826445743736,599000,LMT,-0.0011142289421277596,440.0357578822545,2024,5
2024-05-09,444.2825012207031,444.633453100467,441.26615028643744,442.09136772196274,594800,LMT,0.00478385714451357,440.50460379464283,2024,5
2024-05-10,444.74725341796875,446.39768821931153,443.8935812430284,444.86107251504467,482500,LMT,0.0010460736040440732,441.4734627859933,2024,5
2024-05-13,446.34075927734375,448.0386379266097,445.3353187010314,445.69576512402443,634300,LMT,0.0035829470494277427,442.4707728794643,2024,5
2024-05-14,443.134765625,446.86248601241584,442.7743191647032,446.86248601241584,565500,LMT,-0.007182838639998912,443.1848842075893,2024,5
2024-05-15,440.1943359375,443.34346639276157,439.6536951661706,442.28111610589605,803900,LMT,-0.0066355201974568345,443.36104474748885,2024,5
2024-05-16,440.90570068359375,444.21609392303884,429.68459045104345,439.73902595075134,1130800,LMT,0.0016160243056710932,443.11036464146207,2024,5
2024-05-17,442.2052307128906,442.9640440490004,439.3121933568663,441.86374444882995,677200,LMT,0.002947410358455471,443.1157924107143,2024,5
2024-05-20,443.0398864746094,444.6429063241156,440.9910848041202,443.6943752390526,735200,LMT,0.0018874850493586504,442.9382760184152,2024,5
2024-05-21,444.20660400390625,444.9749118910539,442.8122621074396,443.9125616741027,558900,LMT,0.0026334367737874675,442.8610403878348,2024,5
2024-05-22,445.5345153808594,445.71473859772317,442.75532632671616,443.40981507282777,548700,LMT,0.002989400348810234,442.74586268833707,2024,5
2024-05-23,443.0398864746094,445.50607308514753,442.233658209803,443.9979121335219,867000,LMT,-0.0055991821511685025,442.7323085239955,2024,5
2024-05-24,443.2960205078125,444.53859394745194,441.51277738766277,443.5995574105768,513700,LMT,0.0005781286087833681,443.1754063197545,2024,5
2024-05-28,434.8825378417969,442.0154811074643,433.71583419825765,441.6455400935844,1150400,LMT,-0.018979377835103617,442.31495448521207,2024,5
2024-05-29,429.4189453125,432.53012576097615,428.5462840765357,432.5111655622978,1268000,LMT,-0.012563375288442646,440.48834228515625,2024,5
2024-05-30,437.2159423828125,439.1130046471726,431.58166514191333,431.58166514191333,1173600,LMT,0.018157086815623336,439.6563502720424,2024,5
2024-05-31,446.1321105957031,446.1510707966803,435.84054245217607,437.17797476629426,1651600,LMT,0.020393053748904544,439.9314226422991,2024,5
2024-06-03,446.5236511230469,449.3120202702689,444.05039490813095,444.99576284709417,990100,LMT,0.0008776335933786683,440.0727277483259,2024,6
2024-06-04,447.7555236816406,448.96826990809404,445.1485637109608,446.43772038090236,845800,LMT,0.0027588069646378166,440.7463902064732,2024,6
2024-06-05,444.260498046875,447.7173275628372,442.72305111740593,447.30671613238786,915300,LMT,-0.007805656100070002,440.88417271205356,2024,6
2024-06-06,447.4976501464844,448.61492696993713,443.4201244973886,444.26046447707205,768100,LMT,0.00728660800102876,442.6863316127232,2024,6
2024-06-07,448.93963623046875,453.86706086398624,447.497687773992,447.67912615495453,1042800,LMT,0.0032223321921631687,445.4750017438616,2024,6
2024-06-10,446.389892578125,449.5316086346743,444.76653516227935,449.5316086346743,900400,LMT,-0.00567947992686213,446.7855660574777,2024,6
2024-06-11,441.9399719238281,445.5495929230877,441.7298869284408,444.69016490270093,908300,LMT,-0.009968685958806844,446.1866891043527,2024,6
2024-06-12,438.41632080078125,442.35064272369846,437.0412533593321,441.46253887124186,1026400,LMT,-0.007973144198086257,445.0284990583147,2024,6
2024-06-13,437.89111328125,439.02747819892517,435.4560622531149,437.9675237242449,742000,LMT,-0.0011979652549702902,443.61929757254467,2024,6
2024-06-14,437.6810302734375,437.8911152795642,433.9568225666874,435.92396892312576,702800,LMT,-0.00047976083880374443,442.6793736049107,2024,6
2024-06-17,438.3208312988281,438.49271107834846,435.74251803784455,437.1176145580965,669700,LMT,0.0014617974761002017,441.368399483817,2024,6
2024-06-18,439.2661437988281,439.93460393533843,436.77379988414924,439.0751468620992,657900,LMT,0.0021566679758269203,439.9864719935826,2024,6
2024-06-20,445.3204345703125,446.4185942515691,438.4640690779693,439.2662038662449,1041400,LMT,0.013782739364172514,439.8336922781808,2024,6
2024-06-21,446.5236511230469,448.6244720031924,442.75167967385545,446.0939225278572,3363500,LMT,0.0027019118354525418,440.4885035923549,2024,6
2024-06-24,450.25738525390625,454.24897086947624,446.7337042790867,447.8223052914954,1031500,LMT,0.008361783572871762,442.1800842285156,2024,6
2024-06-25,446.9724426269531,450.3624199600234,445.6259927987132,449.59849043602094,711200,LMT,-0.007295699603240724,443.4774169921875,2024,6
2024-06-26,445.9411315917969,447.0011151955589,442.81853232512367,445.95069018256567,932100,LMT,-0.0023073257695598315,444.65743146623885,2024,6
2024-06-27,446.0748291015625,447.7459505083828,444.3368558443787,447.7459505083828,871000,LMT,0.0002998097737438865,445.765145438058,2024,6
2024-06-28,446.0461730957031,450.48657548350695,443.91667651378145,448.863188779902,3472500,LMT,-6.424035607899281e-05,446.7337210518973,2024,6
2024-07-01,445.4158935546875,450.4196988034776,443.81162412039424,449.55071224105814,562500,LMT,-0.0014130365397853062,446.7473580496652,2024,7
2024-07-02,444.70928955078125,445.6355694357182,443.104990858138,444.6137910709027,502500,LMT,-0.0015863915368333759,446.48816353934154,2024,7
2024-07-03,445.0243835449219,445.4445535248759,443.2100290725985,444.50871508915225,313300,LMT,0.0007085392672119273,445.7405918666295,2024,7
2024-07-05,441.328857421875,444.0408453242291,438.9701876799548,444.02175728438385,631400,LMT,-0.008304098066738486,444.93436540876115,2024,7
2024-07-08,440.9468688964844,443.63021002361575,440.33570194978483,441.8253849548099,447700,LMT,-0.0008655416906614422,444.2208993094308,2024,7
2024-07-09,439.55267333984375,441.768109899853,439.03703399211804,440.88959380532725,537100,LMT,-0.0031618221037145178,443.2891627720424,2024,7
2024-07-10,440.2306823730469,440.59355911177687,436.64014934819573,439.61951541475537,656000,LMT,0.001542497803622478,442.45837838309154,2024,7
2024-07-11,439.62908935546875,444.7761283014658,435.55153433973487,439.18983130263746,1132900,LMT,-0.0013665404108937906,441.6316920689174,2024,7
2024-07-12,442.8280944824219,443.94534221365996,438.81739136125293,441.5198206444942,579400,LMT,0.007276600216885365,441.36294991629467,2024,7
2024-07-15,442.9712829589844,446.1893804085677,441.92085804347175,445.67371196967196,783000,LMT,0.00032335002757633013,441.0696498325893,2024,7
2024-07-16,447.4594421386719,448.0419624517952,442.8471600116162,442.8471600116162,736400,LMT,0.010131941623184426,441.94544764927457,2024,7
2024-07-17,454.61187744140625,455.28986711392224,448.52900014402377,448.8154664445109,1123100,LMT,0.01598454436126917,443.8975917271205,2024,7
2024-07-18,454.5450134277344,459.18594222371036,451.6993219701812,453.1126236795377,981100,LMT,-0.00014707933731994416,446.0393545968192,2024,7
2024-07-19,453.5137023925781,457.92545812278837,451.49879234064224,457.92545812278837,889400,LMT,-0.002268886479204979,447.93692888532365,2024,7
2024-07-22,453.19854736328125,454.66914227862105,451.53698464023637,453.5900707108347,881600,LMT,-0.0006949184283390197,449.8754228864397,2024,7
2024-07-23,478.6950988769531,479.15344493219214,461.09578186591176,466.80625265445747,2579100,LMT,0.05625912011856915,454.99928065708707,2024,7
2024-07-24,491.9781799316406,496.17032155710245,478.8097343873378,482.2379172724868,2580100,LMT,0.02774852110633752,462.0002659388951,2024,7
2024-07-25,497.89874267578125,502.95028330728934,489.7531909630163,491.7871892433912,1923900,LMT,0.012034197827560655,469.2058803013393,2024,7
2024-07-26,501.1454162597656,504.8123596700077,496.5713393004969,498.74854141588423,1141300,LMT,0.0065207507183815405,475.85352870396207,2024,7
2024-07-29,503.857421875,505.5953950626201,495.8551333101968,499.42654901979836,961200,LMT,0.005411614128839171,482.89815848214283,2024,7
2024-07-30,513.4257202148438,514.1897079883519,501.3650529899232,504.15342185415886,1234200,LMT,0.018990091094098327,491.45701817103793,2024,7
2024-07-31,517.4937133789062,522.3447559511588,513.9222978647667,518.5250502403642,1481500,LMT,0.007923236027911118,500.6420418875558,2024,7
2024-08-01,524.1209716796875,524.3692619078744,516.3192380941452,519.5182187195594,1271700,LMT,0.012806451806939734,507.13145228794644,2024,8
2024-08-02,524.0349731445312,535.8282907350958,516.9876117309566,526.2790268450576,1484800,LMT,-0.00016408146172941507,511.7109941755022,2024,8
2024-08-05,520.7978515625,537.2416589369265,513.9796619410635,528.2271498859657,1683800,LMT,-0.006177300653440243,514.9822954450335,2024,8
2024-08-06,517.1499633789062,524.712964506045,516.748910591429,521.3707219475363,1033700,LMT,-0.0070044224887820805,517.2686593191964,2024,8
2024-08-07,523.7867431640625,527.2817485045505,512.5472396226684,515.5361642265358,1306600,LMT,0.012833375722959506,520.115705217634,2024,8
2024-08-08,526.756591796875,528.7237382068672,519.1840310633191,520.9220044211324,846300,LMT,0.005669957614567345,522.0201154436384,2024,8
2024-08-09,526.7183227539062,528.6567930482026,523.4238150000621,527.2721381042296,825100,LMT,-7.265033521119957e-05,523.3379167829241,2024,8
2024-08-12,531.80810546875,532.4288310237246,525.591582748747,526.2313672010433,793700,LMT,0.00966319661756243,524.4360787527902,2024,8
2024-08-13,534.2049560546875,534.4628048556455,527.415442758215,531.7985809540654,793600,LMT,0.004506983931402919,525.888933454241,2024,8
2024-08-14,537.8336791992188,538.7886057060466,531.894064303112,532.925401250031,796700,LMT,0.006792754547488178,528.3226231166294,2024,8
2024-08-15,535.0357666015625,538.6549754662186,533.6416111641338,536.4777149929499,974600,LMT,-0.0052021892749856136,530.8777378627232,2024,8
2024-08-16,534.8829956054688,537.0697563511148,531.8940709390803,536.0002433128515,912000,LMT,-0.00028553417477883425,532.4629167829241,2024,8
2024-08-19,533.2214965820312,537.3945213054586,530.2230129662677,530.2898648246684,709700,LMT,-0.0031062849952011584,533.386474609375,2024,8
2024-08-20,531.9036865234375,533.7085118254284,526.1263921228289,532.8203787778363,972200,LMT,-0.0024714120999265177,534.1272408621652,2024,8
2024-08-21,528.8001708984375,534.7493450505459,528.3704422654775,533.2119271907576,883100,LMT,-0.005834732308935164,533.6975359235491,2024,8
2024-08-22,531.9227294921875,533.0208599827394,528.3321965724936,529.2011540314202,774500,LMT,0.005904987867996869,533.3715035574777,2024,8
2024-08-23,529.9938354492188,533.6798382334141,527.8643677264497,532.8490567324192,870400,LMT,-0.0036262673806216617,532.2515258789062,2024,8
2024-08-26,532.9445190429688,534.8926066339984,531.044224409833,531.044224409833,795400,LMT,0.005567392290985795,531.9527762276786,2024,8
2024-08-27,535.1502685546875,536.8500654924771,531.9131124128079,534.2335765289861,749600,LMT,0.004138797628840729,531.9909580775669,2024,8
2024-08-28,538.5594482421875,543.0953492807744,536.4586564936932,536.8597093186124,829300,LMT,0.006370509159431714,532.7535226004464,2024,8
2024-08-29,541.300048828125,542.9425526722067,537.6236052144494,538.5785316890755,662300,LMT,0.005088761500485317,534.0958600725446,2024,8
2024-08-30,542.4937133789062,543.4391395586725,537.1938830384634,539.5047888150217,1082800,LMT,0.002205180940525464,536.0520804268973,2024,8
2024-09-03,544.6734619140625,549.2634891339295,542.7241831548619,544.779134051013,1266900,LMT,0.004018016211800424,537.8736136300223,2024,9
2024-09-04,551.9330444335938,555.725988628826,546.1138676727275,546.7092771553804,941700,LMT,0.013328320594177656,541.0077863420759,2024,9
2024-09-05,545.9890747070312,553.0276714725692,541.9751744448647,552.3363189699771,841000,LMT,-0.010769367383433814,542.8712942940848,2024,9
2024-09-06,544.1069946289062,549.3691510233481,542.4937800833635,546.4307854923477,976700,LMT,-0.0034471020855773027,544.1508265904018,2024,9
2024-09-09,553.6519165039062,555.0250683770103,544.9232092772534,544.9520449391068,810200,LMT,0.017542362015599222,546.3068934849331,2024,9
2024-09-10,549.4459228515625,554.8809167424781,547.7462601334735,554.6024651020077,756400,LMT,-0.00759681945815871,547.4705897739956,2024,9
2024-09-11,544.423828125,549.6571482271175,538.7679367070168,548.495282240194,809200,LMT,-0.009140289367329135,547.746320452009,2024,9
2024-09-12,545.6818237304688,546.3539525052827,541.4855317860034,542.5417843827681,739400,LMT,0.002310691671599585,547.8903721400669,2024,9
2024-09-13,547.2565307617188,549.7052172924224,542.0904351597832,544.4622266036441,638800,LMT,0.002885760461077469,547.2222987583706,2024,9
2024-09-16,550.1470336914062,554.0648745179494,546.3732539708461,551.5777984266609,597700,LMT,0.005281806186331339,547.8162928989956,2024,9
2024-09-17,544.471923828125,545.5281764746823,541.197435127473,544.1358008158064,739900,LMT,-0.010315623852776401,547.868425641741,2024,9
2024-09-18,543.01220703125,546.9012109886819,539.9298395212016,543.8092315933345,731700,LMT,-0.0026809771688719453,546.3484671456473,2024,9
2024-09-19,542.7145385742188,544.9711631132637,539.8145624115316,543.9532410034507,917500,LMT,-0.0005481800467408426,545.3868408203125,2024,9
2024-09-20,549.1866455078125,550.7038582497087,540.5636116958724,540.6980608800154,3794400,LMT,0.011925434963649284,546.0672433035714,2024,9
2024-09-23,557.4351806640625,558.6258822345652,548.130348411917,548.7833118986748,884500,LMT,0.015019547950993806,547.7462942940848,2024,9
2024-09-24,555.6300048828125,558.0594092789721,553.2486013117344,555.9180684423677,690100,LMT,-0.003238359981333705,548.9425048828125,2024,9
2024-09-25,554.9674682617188,560.5465242572872,553.9303807656153,558.4435722116422,844500,LMT,-0.0011924061250678797,549.6311383928571,2024,9
2024-09-26,554.4489135742188,559.3750055618182,551.606549706014,552.144287885505,746200,LMT,-0.0009343875400916746,551.0564226422991,2024,9
2024-09-27,559.2117309570312,560.8537811860256,552.4611972337441,554.6889864779281,848100,LMT,0.008590182551011516,553.3706403459821,2024,9
2024-09-30,561.32421875,561.6987306371451,556.1869002905601,560.9209298148754,974900,LMT,0.003777617092104668,556.0291660853794,2024,9
2024-10-01,581.777587890625,587.1838050690618,558.7795674425962,562.8222447730643,2356200,LMT,0.03643771007453078,560.6850149972098,2024,10
2024-10-02,579.2232666015625,585.7529600077063,577.5139921268986,580.8940935362668,1192500,LMT,-0.004390546047543409,563.7975987025669,2024,10
2024-10-03,581.7391357421875,584.7927261956395,577.110719940196,580.413984974399,856600,LMT,0.004343522240372266,567.5274745396206,2024,10
2024-10-04,581.07666015625,582.190525466607,575.4976044994123,579.6650607876654,559800,LMT,-0.001138784629114431,571.2573590959821,2024,10
2024-10-07,581.4702758789062,587.2798403813706,579.991510676113,582.8722632125838,1102200,LMT,0.0006773903507850676,575.1175537109375,2024,10
2024-10-08,583.880615234375,586.4733046846353,579.1178077319233,583.0835904850907,571800,LMT,0.004145249474404311,578.6416800362723,2024,10
2024-10-09,581.057373046875,583.0067103888543,579.0504816077872,582.593809559803,543800,LMT,-0.004835307276585543,581.4607020786831,2024,10
2024-10-10,573.7402954101562,583.1507424188973,572.5207580238475,582.017653400755,853700,LMT,-0.012592693899313945,580.312517438616,2024,10
2024-10-11,580.1547241210938,580.5196241230615,576.2369429563757,576.7074564828449,526000,LMT,0.011180021278359042,580.4455827985491,2024,10
2024-10-14,586.5885009765625,587.6639773662091,579.7803544711603,581.9120834762953,562300,LMT,0.011089760348354627,581.1383492606027,2024,10
2024-10-15,580.9517822265625,590.1893910006797,579.7226329681795,588.1536638244124,849600,LMT,-0.009609323641046275,581.1205095563616,2024,10
2024-10-16,588.4705810546875,588.6434191852438,578.6663981731735,579.0312982073693,549200,LMT,0.012942208042306724,582.1205531529018,2024,10
2024-10-17,585.3881225585938,590.0549276558685,583.1027208309781,588.4705489077884,617500,LMT,-0.0052380842735914035,582.3359113420759,2024,10
2024-10-18,587.4911499023438,588.9891390872219,584.3031096147172,587.0878609011643,864100,LMT,0.0035925350424914626,583.2550223214286,2024,10
2024-10-21,590.1798095703125,594.347324391318,587.0589940501964,591.1688961598085,1017500,LMT,0.004576510928574251,585.6035243443081,2024,10
2024-10-22,554.0455322265625,584.1590442705394,551.1840033681574,582.7762806633718,2259200,LMT,-0.06122587855056916,581.8736397879464,2024,10
2024-10-23,548.3992919921875,559.0388888878055,548.3032903411835,554.0840197928517,1402200,LMT,-0.010190931802453562,576.4180385044643,2024,10
2024-10-24,541.7831420898438,551.1167520284768,541.7543064325848,548.0439376495516,1102800,LMT,-0.012064475645672479,570.8225184849331,2024,10
2024-10-25,539.9395141601562,547.3238467009389,538.7968131248,544.174253894917,1077600,LMT,-0.003402889064757497,563.8895089285714,2024,10
2024-10-28,533.1024780273438,540.7748733737775,532.4591263321242,540.6212590171071,1278700,LMT,-0.012662596371460388,556.4201311383929,2024,10
2024-10-29,525.0651245117188,531.4028149425909,524.6906126344054,530.8266292984803,1041700,LMT,-0.015076563788196773,547.5021275111607,2024,10
2024-10-30,524.2393188476562,529.3478600855962,521.6082410594479,525.1611807056872,1005200,LMT,-0.0015727680729709093,538.0820574079241,2024,10
2024-10-31,524.344970703125,529.7511877369692,521.0993181056073,525.2956096776588,1245300,LMT,0.00020153363486929976,533.8391200474331,2024,10
2024-11-01,523.6727905273438,527.4946288588224,522.9718261444444,526.2174787862672,792600,LMT,-0.0012819426395562772,530.3067626953125,2024,11
2024-11-04,521.51220703125,526.9952604192457,518.929129930899,524.0088943771954,827600,LMT,-0.004125827301277196,527.4109148297991,2024,11
2024-11-05,525.0171508789062,525.4204398243256,520.4559593532093,523.3367118957548,610100,LMT,0.006720732133210117,525.2791486467634,2024,11
2024-11-06,529.8856811523438,539.0849015751734,518.5355079997067,539.0849015751734,1751300,LMT,0.009273088060623103,524.8196062360491,2024,11
2024-11-07,529.9048461914062,534.8597147084389,527.8210596824392,532.9392130398269,818200,LMT,3.6168252406376666e-05,525.5109950474331,2024,11
2024-11-08,542.1192626953125,544.2798272878081,532.6703677561433,533.3905559536418,1165700,LMT,0.02305020720549189,528.0652727399554,2024,11
2024-11-11,547.8999633789062,553.2485678122073,547.1509395603505,547.5542285193084,1171400,LMT,0.010663153076046816,531.4302716936384,2024,11
2024-11-12,543.463623046875,553.5174218853199,542.3496991765038,551.4913065428631,1133500,LMT,-0.008096989648753161,534.2575334821429,2024,11
2024-11-13,535.5606689453125,542.5417111337374,534.2163529681154,541.5814603175714,1118300,LMT,-0.014541827210541425,536.2644566127232,2024,11
2024-11-14,517.565673828125,539.036871985694,512.5723569379982,539.036871985694,1972700,LMT,-0.03360029247970231,535.1999598911831,2024,11
2024-11-15,513.5709838867188,520.9744805078421,510.2964956329017,516.4901254019838,1757100,LMT,-0.007718228127186033,532.8692888532366,2024,11
2024-11-18,509.8548583984375,516.5957801192316,507.7230708424627,515.078625837925,1298400,LMT,-0.007235855616603448,530.0050048828125,2024,11
2024-11-19,512.0634155273438,517.8825337644392,510.09491286103975,515.7315810787765,935700,LMT,0.004331736949303222,525.7113124302456,2024,11
2024-11-20,513.474853515625,513.9549788800805,508.1646974614555,512.9467273365347,994300,LMT,0.0027563734207172175,520.793439592634,2024,11
2024-11-21,520.465576171875,523.0294295485025,512.5050590607294,513.8686574756481,1321700,LMT,0.013614537515101999,517.5080043247768,2024,11
2024-11-22,520.667236328125,524.297013012099,518.4586708888983,523.3367620725164,1311000,LMT,0.0003874610838496828,515.38037109375,2024,11
2024-11-25,501.1453857421875,512.927625124,494.43324093386093,511.79453602844467,3613500,LMT,-0.03749391016728931,513.0346156529018,2024,11
2024-11-26,500.722900390625,503.2291414580671,498.7447856563461,498.7447856563461,1345800,LMT,-0.0008430394922958051,511.1991751534598,2024,11
2024-11-27,504.8518981933594,508.9233525312491,502.3744345220728,502.7297226575638,890400,LMT,0.008246073426067202,510.4844665527344,2024,11
2024-11-29,508.36639404296875,508.43361863784804,503.738036364141,506.79162713816413,658200,LMT,0.006961439309599804,509.9563206263951,2024,11
2024-12-02,502.79107666015625,509.02349724427023,501.78611388002355,507.53545640474397,1115600,LMT,-0.010967124200466416,508.43006678989957,2024,12
2024-12-03,499.56365966796875,503.91189268248684,498.83895416554907,502.5977741925035,1188400,LMT,-0.006419002130320095,505.44407871791293,2024,12
2024-12-04,500.04681396484375,502.2982489837037,495.83387331946744,498.72302325277224,1542800,LMT,0.0009671526091312721,502.49830409458707,2024,12
2024-12-05,500.0274353027344,503.0035756448749,496.67449293443724,499.9694612235808,1113400,LMT,-3.8753695790427756e-05,502.3385968889509,2024,12
2024-12-06,495.7275695800781,499.98881189341415,492.4132274087675,498.3267899755405,1284700,LMT,-0.008599259598731757,501.6249782017299,2024,12
2024-12-09,492.8094177246094,498.9452341030162,491.39863643711954,493.94961398024424,1170500,LMT,-0.005886603922272582,499.90462384905135,2024,12
2024-12-10,495.64056396484375,497.2542249533841,490.96380156947197,491.98804960090285,1178900,LMT,0.005744910990756358,498.0866481236049,2024,12
2024-12-11,487.2339782714844,496.66482167576027,486.3353505546037,496.47155508599735,1308000,LMT,-0.016961052634819618,495.8642054966518,2024,12
2024-12-12,479.8323059082031,484.1998830419509,472.2277346272846,483.1369757975282,1862800,LMT,-0.015191207291288422,493.0454406738281,2024,12
2024-12-13,477.9674377441406,482.38331708949835,475.5807397369606,478.8564228167583,990100,LMT,-0.0038864998064954692,489.8912440708705,2024,12
2024-12-16,475.0685729980469,478.1123299876391,473.6191620993515,478.1123299876391,1483700,LMT,-0.006064983756582931,486.325692313058,2024,12
2024-12-17,474.06365966796875,476.373068617496,471.3098024360053,472.5659468053802,1354500,LMT,-0.0021153016368486988,483.23084803989957,2024,12
2024-12-18,466.6523742675781,473.70616276820357,466.1402502201447,472.9911294347455,1424400,LMT,-0.015633523576942032,479.49412754603793,2024,12
2024-12-19,463.4830017089844,467.6766274329014,461.2122518558048,463.8115313384146,1250400,LMT,-0.006791720632661868,474.9001900809152,2024,12
2024-12-20,472.52734375,472.52734375,461.6567602634038,463.28012314187765,3973500,LMT,0.01951385920878823,472.7992422921317,2024,12
2024-12-23,470.0826416015625,472.36306363748713,465.57980110056474,470.99094154531934,1053900,LMT,-0.005173673398530143,471.40643310546875,2024,12
2024-12-24,471.6673278808594,472.247098173049,467.6862837566152,469.6671336425592,375900,LMT,0.0033710801868749307,470.5064174107143,2024,12
2024-12-26,473.4549255371094,476.8272122212439,469.8700279139,471.54169248050454,662100,LMT,0.0037899543822155213,470.27589634486606,2024,12
2024-12-27,472.47900390625,476.7595906938643,469.9763577586491,471.9089057788823,820600,LMT,-0.0020612767514294195,470.0495169503348,2024,12
2024-12-30,467.0678405761719,470.1405846999876,465.59911476884673,469.60914581590276,887600,LMT,-0.011452706438468185,470.10886928013394,2024,12
2024-12-31,469.55120849609375,470.1213066400477,465.74408642640384,468.0438233555239,731900,LMT,0.005316931940461567,470.9757559640067,2024,12
