date,close,high,low,open,volume,ticker,daily_return,moving_avg_7d,year,month
2021-01-04,208.40655517578125,213.49010649539775,205.6493688567727,213.0401486000575,37130100,MSFT,,,2021,1
2021-01-05,208.60755920410156,209.20112898306692,206.50138202886356,207.9948528511583,23823000,MSFT,0.0009644803550001857,,2021,1
2021-01-06,203.19850158691406,207.2576901048468,202.90172401611616,203.12191147056765,35930700,MSFT,-0.02592934617434106,,2021,1
2021-01-07,208.98094177246094,209.98616708451945,204.59627029591414,204.9121844778068,27694500,MSFT,0.028457100521843914,,2021,1
2021-01-08,210.2541961669922,211.1732629388103,207.7746514524589,209.35428057593944,22956200,MSFT,0.00609268186721823,,2021,1
2021-01-11,208.21505737304688,209.5744991531238,207.48745852732125,209.15326079150833,23031300,MSFT,-0.009698445173126236,,2021,1
2021-01-12,205.76425170898438,207.84172439484524,204.22292456798172,207.26730569518543,23249300,MSFT,-0.011770549618184134,207.63243756975447,2021,1
2021-01-13,207.1140899658203,207.51617714350778,204.80686188159456,204.8930348974412,20087100,MSFT,0.006560120359220711,207.4477996826172,2021,1
2021-01-14,203.93568420410156,208.1863410325463,203.66762608051243,206.70243845748877,29480800,MSFT,-0.015346159028790773,206.78038896833147,2021,1
2021-01-15,203.58140563964844,205.36208539330178,202.98785059112024,204.41431389427368,31746500,MSFT,-0.0017372073251219478,206.83508954729353,2021,1
2021-01-19,207.20986938476562,207.72683453458131,203.562350037291,204.63458270836028,30480900,MSFT,0.01782315891629027,206.5820792061942,2021,1
2021-01-20,214.77291870117188,216.1610798929583,208.02356612474742,208.4160850006806,37777300,MSFT,0.03649946471595178,207.2276109967913,2021,1
2021-01-21,215.3760986328125,216.64938219947808,212.93484110598976,215.11760876082386,30709400,MSFT,0.002808454321374887,208.25061689104353,2021,1
2021-01-22,216.3142852783203,220.25859646157198,216.17068792070867,217.39610073257143,30172700,MSFT,0.004356038815185759,209.7577645438058,2021,1
2021-01-25,219.7416229248047,219.98096159958953,214.6580718096666,219.34910399221997,33152100,MSFT,0.01584425014776336,211.56169782366072,2021,1
2021-01-26,222.42222595214844,224.1933234360386,220.26817781179568,221.97226806085106,49169600,MSFT,0.012198886090238226,214.202632359096,2021,1
2021-01-27,222.96788024902344,230.18634210552298,220.32558681486526,227.85039454682703,69870600,MSFT,0.002453236382016888,216.97212873186385,2021,1
2021-01-28,228.74072265625,232.29251457356312,225.064484577097,225.56231304867134,49111200,MSFT,0.02589091487428208,220.04796491350447,2021,1
2021-01-29,222.0679931640625,227.86956006122185,221.4840062376579,225.9261312717925,42503100,MSFT,-0.029171585254695653,221.09011840820312,2021,1
2021-02-01,229.43002319335938,232.15848963643907,222.5179218384246,225.03576910164196,33314200,MSFT,0.033152143739408,223.09782191685267,2021,2
2021-02-02,229.2960205078125,231.97661660777806,228.51099724463657,231.0096936130651,25916300,MSFT,-0.0005840677853827803,224.95235552106584,2021,2
2021-02-03,232.63717651367188,234.63804419667926,229.05666491665414,229.3534571245512,27158100,MSFT,0.014571364991245117,226.7945774623326,2021,2
2021-02-04,231.6894073486328,232.86696415588534,230.11934621370298,232.31169667293688,25296100,MSFT,-0.004074022816311862,228.11846051897322,2021,2
2021-02-05,231.8712921142578,232.90523688390178,230.16720201467962,231.9000115849641,18054800,MSFT,0.0007850370360320547,229.390376499721,2021,2
2021-02-08,232.12977600097656,233.2881669112596,230.5405638250113,232.78077013104104,22211900,MSFT,0.001114773132809388,229.87452697753906,2021,2
2021-02-09,233.37432861328125,234.3221002924528,231.08625176555742,231.55534615768994,23565000,MSFT,0.0053614518298568115,231.4897177559989,2021,2
2021-02-10,232.4648895263672,235.4326805135814,230.61718724582224,234.55191588851997,22186700,MSFT,-0.0038969114225972934,231.92327008928572,2021,2
2021-02-11,234.06365966796875,234.69550267810723,231.82343853140517,234.34128610793087,15751100,MSFT,0.006877469302392081,232.60436139787947,2021,2
2021-02-12,234.54229736328125,234.8390749376285,232.37866672281444,233.52748926560795,16561100,MSFT,0.0020449039205465702,232.87652151925224,2021,2
2021-02-16,233.30731201171875,235.63369127508065,232.56057659584255,234.58059537675686,26728500,MSFT,-0.005265512299683972,233.10765075683594,2021,2
2021-02-17,234.32449340820312,234.4300455687983,231.1963338223135,231.56097122104597,21653500,MSFT,0.004359835050661731,233.4581080845424,2021,2
2021-02-18,233.9310302734375,234.06536803282074,231.1195276514465,232.0215160251843,16925600,MSFT,-0.0016791378871358065,233.7154301234654,2021,2
2021-02-19,231.22506713867188,233.99819366694103,230.4670068908638,233.89264153022282,25262600,MSFT,-0.01156735441041179,233.40839276994978,2021,2
2021-02-22,225.0263214111328,228.30801355738436,223.00165002550102,227.81864342177664,36446900,MSFT,-0.026808277338812525,232.34574018205916,2021,2
2021-02-23,223.8365020751953,225.33341290970458,219.48009270633426,221.015394129365,30228700,MSFT,-0.005287467388153444,230.8847176688058,2021,2
2021-02-24,225.06472778320312,225.68843572381107,219.73916858564397,220.70831859965355,26339700,MSFT,0.005487155564981139,229.53077915736608,2021,2
2021-02-25,219.72955322265625,225.10307807896038,218.66444150450877,222.69458880716616,39542200,MSFT,-0.02370506748479073,227.59109933035714,2021,2
2021-02-26,222.9824981689453,225.85157243502906,220.25733736616556,222.16686652922508,37819200,MSFT,0.014804312385747975,225.97081429617745,2021,2
2021-03-01,227.35804748535156,227.86661288751642,223.7213085056627,226.36009733043844,25324000,MSFT,0.019622837452879738,225.03181675502233,2021,3
2021-03-02,224.41220092773438,227.70349799818933,224.00918764921863,227.4252175123957,22812500,MSFT,-0.012956860732220132,224.05855015345983,2021,3
2021-03-03,218.35736083984375,224.13391321847823,218.06949005706758,222.7713404645017,34029500,MSFT,-0.026980886346016475,223.10584150041853,2021,3
2021-03-04,217.5609130859375,223.08798496706257,215.19080003946914,217.57051805127153,44727800,MSFT,-0.003647450907278582,222.2093287876674,2021,3
2021-03-05,222.23402404785156,223.83648692978852,217.30188796036578,220.23813818964663,41872800,MSFT,0.021479552074081365,221.80494253976005,2021,3
2021-03-08,218.19427490234375,223.9324376851917,217.9447946567308,222.01331832648629,35267400,MSFT,-0.018177905758651858,221.5856170654297,2021,3
2021-03-09,224.3258514404297,225.8611527209292,222.30118001460858,223.46225362122254,33080500,MSFT,0.02810145472804093,221.77752467564173,2021,3
2021-03-10,223.0208282470703,227.41561273111648,222.65619093371328,227.41561273111648,29746800,MSFT,-0.005817533668008523,221.15792192731584,2021,3
2021-03-11,227.5403594970703,229.49785452570518,224.8343945532657,225.45811704228768,29907600,MSFT,0.020265063516816895,221.60480172293526,2021,3
2021-03-12,226.21617126464844,226.28334746335574,223.79807702037834,224.54653232236623,22653700,MSFT,-0.005819575196895688,222.7274889264788,2021,3
2021-03-15,225.31417846679688,225.67881578579735,222.4354997800782,225.458121186163,26034900,MSFT,-0.003987304677685155,223.83509826660156,2021,3
2021-03-16,228.09690856933594,230.35186474160002,226.39848405501235,226.72473079014074,28092200,MSFT,0.01235044381793804,224.6726531982422,2021,3
2021-03-17,227.45399475097656,228.90293907696545,223.79807512037002,226.5999873166399,29562100,MSFT,-0.002818599438246805,225.99547031947546,2021,3
2021-03-18,221.3896026611328,224.719275803559,221.01537498492127,223.15518889547872,34833000,MSFT,-0.026662060151914413,225.57600620814733,2021,3
2021-03-19,221.03453063964844,223.06879203869224,220.07497116587825,221.6774337300686,46430700,MSFT,-0.001603833320157566,225.29224940708704,2021,3
2021-03-22,226.4464569091797,227.31964494665482,220.8330278477673,220.95777527099935,30127000,MSFT,0.024484528520814175,225.13597760881697,2021,3
2021-03-23,227.9722137451172,231.30188734510514,227.4828435295049,227.88585687913624,31638400,MSFT,0.006737826048430762,225.3868408203125,2021,3
2021-03-24,225.93789672851562,228.3751715285235,225.80355897799103,228.23124345357456,25620100,MSFT,-0.008923530561825488,225.47594342912947,2021,3
2021-03-25,222.94410705566406,227.35808772779703,222.20525659598644,225.7844103357854,34061900,MSFT,-0.01325049810678225,224.73982892717635,2021,3
2021-03-26,226.9166717529297,227.13738102401882,222.18604950172028,222.18604950172028,25479900,MSFT,0.01781865755381351,224.66306849888392,2021,3
2021-03-29,225.72677612304688,227.2236865610609,222.50265570204917,227.02217262899796,25227500,MSFT,-0.005243755871663702,225.2826647077288,2021,3
2021-03-30,222.47393798828125,224.393057523598,221.75426816253747,224.0859913699217,24792000,MSFT,-0.014410510753905648,225.48829432896204,2021,3
2021-03-31,226.23538208007812,229.4307174616961,222.99206578776494,223.49104090390196,43623500,MSFT,0.016907347106855264,225.45814078194755,2021,3
2021-04-01,232.54930114746094,233.01947603379585,228.42319147370623,228.82620479415866,30338000,MSFT,0.02790862777223735,226.1120104108538,2021,4
2021-04-05,238.99749755859375,239.8515049488845,232.88509343721387,232.94266466595224,36910600,MSFT,0.02772829838367885,227.97766767229353,2021,4
2021-04-06,237.83645629882812,239.31417172284125,236.89609193809252,237.5965663854565,22931900,MSFT,-0.004857964085925093,230.10514613560267,2021,4
2021-04-07,239.7939453125,240.78229055854658,237.19354691855074,237.78846920288845,22719800,MSFT,0.008230399343035932,231.94475664411272,2021,4
2021-04-08,243.00848388671875,243.8624913984209,241.80903431175963,242.54789934961562,23625200,MSFT,0.013405420099450671,234.41357203892298,2021,4
2021-04-09,245.50332641601562,245.63766417265026,242.2312247073296,242.64382830209405,24326800,MSFT,0.010266483249448566,237.70348467145647,2021,4
2021-04-12,245.56089782714844,247.24973207374578,244.32305775852038,244.40942924919764,27148700,MSFT,0.00023450358890553247,240.46427263532365,2021,4
2021-04-13,248.03652954101562,248.70823291456193,246.44365723287845,246.85629007953642,23837500,MSFT,0.010081538778253574,242.6767338344029,2021,4
2021-04-14,245.25384521484375,248.36280908207007,244.84124159709435,247.06742699301665,23070900,MSFT,-0.011218848817636462,243.57049778529577,2021,4
2021-04-15,249.00572204589844,249.41832565556072,247.30731205606156,247.49920641050562,25627500,MSFT,0.015297932751138,245.16610717773438,2021,4
2021-04-16,250.19557189941406,250.44506677724812,247.18256984833138,248.97694169506377,24878600,MSFT,0.004778403659721153,246.6520538330078,2021,4
2021-04-19,248.27642822265625,250.9056412984342,247.39364983670757,249.66780128143571,23209300,MSFT,-0.007670574112036532,247.4046173095703,2021,4
2021-04-20,247.8158721923828,249.67742016300645,246.45328467278097,247.39366362481238,19722900,MSFT,-0.001855013114093973,247.7349809919085,2021,4
2021-04-21,250.04202270507812,250.1379845198546,246.84670218540677,248.4683602197952,24030400,MSFT,0.008983082855028357,248.37514168875558,2021,4
2021-04-22,246.76995849609375,251.19351425483057,245.30181881820317,249.6869986347857,25606200,MSFT,-0.013086057189849787,248.19420296805245,2021,4
2021-04-23,250.58892822265625,250.93438482958558,246.8658331133067,247.45117956714333,21462600,MSFT,0.015475829188596135,248.95635768345423,2021,4
2021-04-26,250.97280883789062,251.82683096234217,249.6486411501395,251.07837562429333,19763300,MSFT,0.0015319137120586301,249.23737008231026,2021,4
2021-04-27,251.3758087158203,252.54647250197712,249.60061774649762,251.00156644683852,31014200,MSFT,0.0016057511560545468,249.40597534179688,2021,4
2021-04-28,244.26548767089844,246.1654262072266,242.72059614037644,245.72400771033827,46903100,MSFT,-0.028285621759888913,248.8329838344029,2021,4
2021-04-29,242.2983856201172,245.7432156591493,238.93033674663465,245.1290981102082,40589000,MSFT,-0.00805313132664709,248.0447714669364,2021,4
2021-04-30,241.9817657470703,242.84537828932935,239.50611452773182,239.6404523042984,30945100,MSFT,-0.001306735380165902,246.893306187221,2021,4
2021-05-03,241.67469787597656,244.0640067134721,240.96461845267157,243.1524133181081,19626600,MSFT,-0.0012689711150166705,246.16541181291853,2021,5
2021-05-04,237.76925659179688,241.05096316703924,235.8213518591053,240.82066360194878,32756100,MSFT,-0.016159909657501248,244.3340301513672,2021,5
2021-05-05,236.502685546875,239.41015032943804,235.8789775850692,238.98794170962884,21901300,MSFT,-0.005326891554766178,242.2668696812221,2021,5
2021-05-06,239.6308135986328,239.75556103135267,234.79463968140215,236.48345929785845,26491100,MSFT,0.013226606896765247,240.5890132359096,2021,5
2021-05-07,242.25048828125,244.01607490659978,241.01264786461525,241.95301242611566,27032900,MSFT,0.010932127814768267,240.30115618024553,2021,5
2021-05-10,237.1839599609375,241.54995953059446,237.1263887215293,240.72473760173244,29299900,MSFT,-0.02091441943526784,239.57052394321985,2021,5
2021-05-11,236.27236938476562,236.62741641293383,232.76039218061487,234.66031619488902,33641600,MSFT,-0.003843390490326559,238.75489589146204,2021,5
2021-05-12,229.33473205566406,234.49716711113675,228.44234870372256,232.37653406692775,36684400,MSFT,-0.029362880421297755,236.9920436314174,2021,5
2021-05-13,233.20179748535156,235.66787299277317,231.65690575111154,232.02154312991334,29624300,MSFT,0.016862101065218793,236.3395494733538,2021,5
2021-05-14,238.1147003173828,239.10304549849073,235.5622830009087,235.6486398477899,23901100,MSFT,0.021067173945517492,236.56983729771204,2021,5
2021-05-17,235.26483154296875,236.6178141840923,233.67197362740927,236.57943823986372,24970200,MSFT,-0.011968470533803566,235.94612557547433,2021,5
2021-05-18,233.24974060058594,236.44507570607448,233.07701226535352,236.3107379527679,20168000,MSFT,-0.00856520258113791,234.6603044782366,2021,5
2021-05-19,233.82681274414062,233.9326086171046,229.47959883359417,230.1624510972941,25739800,MSFT,0.002474052670192961,234.1807120186942,2021,5
2021-05-20,237.0583953857422,238.4722063912413,234.53854854557304,234.63473195533908,21800700,MSFT,0.01382041094293851,234.29300144740515,2021,5
2021-05-21,235.79844665527344,238.83766010110827,235.38489032383154,238.10671616214,21863100,MSFT,-0.005314929802079149,235.21638924734933,2021,5
2021-05-24,241.1940155029297,241.55949482361876,238.04900607225056,238.31830198996036,21411500,MSFT,0.02288212210127205,236.35813467843192,2021,5
2021-05-25,242.0980987548828,243.08872621785105,241.2325067869294,242.14619045877527,17704300,MSFT,0.0037483651908525317,236.92719159807478,2021,5
2021-05-26,241.8768768310547,243.27144808873797,241.16515782189026,241.81915798529013,17771600,MSFT,-0.0009137697692210844,237.87176949637276,2021,5
2021-05-27,239.78018188476562,241.86723238709067,239.72247771865466,241.5690844118336,24426200,MSFT,-0.008668438975063975,238.80468967982702,2021,5
2021-05-28,240.13604736328125,242.44431686460024,240.0206390246495,241.40559779033563,18270200,MSFT,0.001484132156871265,239.7060089111328,2021,5
2021-06-01,237.9431915283203,241.68449667242413,237.52002274478636,241.6267925053752,23213300,MSFT,-0.009131722867260939,239.83240836007255,2021,6
2021-06-02,237.8470458984375,239.7417445032834,236.4428474366505,238.64532119633685,19406700,MSFT,-0.00040406968262152176,240.12506539481026,2021,6
2021-06-03,236.31781005859375,236.9237185044888,233.7113925974972,235.84653488909666,25307700,MSFT,-0.006429492676973347,239.42846461704798,2021,6
2021-06-04,241.20364379882812,242.0307712219281,238.0490216910813,238.28946553877864,25281100,MSFT,0.020674843504274953,239.3006853376116,2021,6
2021-06-07,244.10818481445312,244.37748072250199,240.2610836417249,240.42458368050268,23079200,MSFT,0.012041862095779399,239.61944362095423,2021,6
2021-06-08,242.9156036376953,246.22411314134618,242.85788479009744,245.40659823560296,22455000,MSFT,-0.00488546165571746,240.0673610142299,2021,6
2021-06-09,243.8966064453125,245.76245296444787,243.531141793228,244.10819819545324,17937600,MSFT,0.00403845118603563,240.60458374023438,2021,6
2021-06-10,247.40707397460938,247.6186657190944,243.97354371278735,244.56983971513966,24563600,MSFT,0.014393261064433949,241.9565669468471,2021,6
2021-06-11,248.03224182128906,248.609283510247,246.80114128203925,248.12839586874716,18999700,MSFT,0.0025268794324928567,243.4115949358259,2021,6
2021-06-14,249.95579528808594,250.0134994576514,246.98388380020114,248.04184249398912,19150500,MSFT,0.007755255738819633,245.35987854003906,2021,6
2021-06-15,248.48426818847656,250.05196672313224,247.83026798722594,249.84037496966238,18038900,MSFT,-0.0058871493574028655,246.39996773856026,2021,6
2021-06-16,247.54173278808594,250.61939615458576,244.69487142700754,249.48450833852118,27220000,MSFT,-0.003793139128130618,246.8904745919364,2021,6
2021-06-17,250.92715454101562,251.74466936618765,246.22408887442882,246.2817930408126,27565500,MSFT,0.013676165690525544,248.03498186383928,2021,6
2021-06-18,249.5133819580078,252.27367262643241,248.85938173817627,249.70574877610207,37202200,MSFT,-0.005634195253175434,248.8373783656529,2021,6
2021-06-21,252.59104919433594,253.44701394017824,248.06109579519787,249.8884629766057,26696100,MSFT,0.012334678052843273,249.57794625418526,2021,6
2021-06-22,255.3609619140625,255.6302578162363,252.36982555497457,252.67760068633095,24694100,MSFT,0.010965997126824112,250.6249062674386,2021,6
2021-06-23,255.13014221191406,256.63050944325494,254.32225442204245,255.82262165338332,19518700,MSFT,-0.0009038958046614365,251.36409868512834,2021,6
2021-06-24,256.495849609375,257.61151244689773,255.32248260362277,255.9861098893135,21446900,MSFT,0.005352983326942784,252.50861031668526,2021,6
2021-06-25,254.8896942138672,257.0344638235641,254.6396525800899,256.05346352708113,25611100,MSFT,-0.006261915730620515,253.55831909179688,2021,6
2021-06-28,258.4482421875,258.6213546854569,255.74565612665353,256.01495201827004,19590000,MSFT,0.013961129282249463,254.63276018415178,2021,6
2021-06-29,261.0257873535156,261.26623115714835,257.73653255640755,258.5924972347941,19937800,MSFT,0.009973158045879282,256.2773895263672,2021,6
2021-06-30,260.5448913574219,260.98729972356773,259.29459535920773,260.34292678716713,21656500,MSFT,-0.0018423313687488951,257.4136526925223,2021,6
2021-07-01,261.21820068359375,261.4490173838746,259.29464991177207,259.3042477069135,16725300,MSFT,0.002584235379415656,258.25040108816967,2021,7
2021-07-02,267.0369567871094,267.3735840761219,262.0838189235368,262.391594122123,26458000,MSFT,0.022275462001837054,259.95137459891185,2021,7
2021-07-06,267.0464782714844,268.6911054771681,263.81489866709086,267.402330362961,31565600,MSFT,3.5656054838018036e-05,261.4586072649275,2021,7
2021-07-07,269.22967529296875,269.96063370318706,266.5559419015925,268.7199357045387,23260000,MSFT,0.00817534474004522,263.5071759905134,2021,7
2021-07-08,266.8157653808594,268.07568890593086,264.36322030721055,266.31562334882244,24618600,MSFT,-0.00896598753269906,264.7025364467076,2021,7
2021-07-09,267.3158264160156,267.4216076093967,264.79597985271084,265.18068409845046,23916700,MSFT,0.0018741809894271544,265.60111345563615,2021,7
2021-07-12,266.71954345703125,269.0758754216596,266.0078097490521,268.48920655469243,18931700,MSFT,-0.0022306309618062015,266.4832066127232,2021,7
2021-07-13,270.2396545410156,272.03816979015454,266.7868844783001,266.9118906217508,26120100,MSFT,0.013197799600131122,267.77198573521207,2021,7
2021-07-14,271.7111511230469,272.8171868548692,269.82605039030216,271.557263551942,23113700,MSFT,0.005445154170769184,268.4397277832031,2021,7
2021-07-15,270.2877502441406,271.7111884591669,269.1336079777888,271.22067359330885,22604200,MSFT,-0.005238654626514183,268.9027666364397,2021,7
2021-07-16,270.01849365234375,273.2404477103934,268.7777949378346,271.28804446016426,26186800,MSFT,-0.0009961849604862572,269.0154549734933,2021,7
2021-07-19,266.4213562011719,269.6529067683761,263.95921404966873,268.2679481392744,32935600,MSFT,-0.013321818822540687,268.95911080496654,2021,7
2021-07-20,268.64306640625,270.2299896780536,265.70003652732663,267.4023681314722,26259700,MSFT,0.008339084511680639,269.14871651785717,2021,7
2021-07-21,270.6435546875,270.75896302355244,266.69067242244347,268.23911651623393,24364300,MSFT,0.0074466402874691084,269.70928955078125,2021,7
2021-07-22,275.20245361328125,275.4717495772376,272.5864230986805,272.9903523690856,23384100,MSFT,0.01684466098239512,270.4182608468192,2021,7
2021-07-23,278.5974426269531,278.9051883924715,275.5486022461029,276.38534199654606,22768100,MSFT,0.012336332649281356,271.40201677594865,2021,7
2021-07-26,278.0011291503906,278.6166794096968,275.68327658614254,277.9530521274675,23176100,MSFT,-0.0021404126001292045,272.5039280482701,2021,7
2021-07-27,275.5871276855469,278.5109037300761,272.13435756738795,278.36664329219724,33604100,MSFT,-0.008683423237241028,273.2994471958705,2021,7
2021-07-28,275.2793273925781,279.0590972753007,272.98067033830415,277.943434405772,33566900,MSFT,-0.0011168892232149563,274.5648716517857,2021,7
2021-07-29,275.5486145019531,277.5875733755724,275.1446559746078,275.2985435397369,18168300,MSFT,0.0009782322266103094,275.55137852260043,2021,7
2021-07-30,274.0193786621094,275.70248527997103,273.0576034519027,274.2694496090991,20944800,MSFT,-0.005549785988246736,276.0336390904018,2021,7
2021-08-02,273.932861328125,275.8083056438092,272.89412751695914,275.41397422948273,16267400,MSFT,-0.0003157343630468823,275.8522687639509,2021,8
2021-08-03,276.14495849609375,276.25076905660643,273.14422383185655,274.50995786548094,17879000,MSFT,0.008075326038810005,275.50191388811385,2021,8
2021-08-04,275.5582580566406,276.59696249430243,273.76934068765456,275.27933499379344,16191300,MSFT,-0.00212461035916911,275.1529323032924,2021,8
2021-08-05,278.45318603515625,278.558996585167,275.1639308070006,275.91411439860224,13900200,MSFT,0.010505683984693315,275.5623692103795,2021,8
2021-08-06,278.3955383300781,278.4340175698008,276.6258748666149,277.4818691818495,16589300,MSFT,-0.0002070283551032226,276.0075422014509,2021,8
2021-08-09,277.3086853027344,280.40560323278316,276.808572666281,278.67441927108996,16117600,MSFT,-0.003903988669729075,276.2589808872768,2021,8
2021-08-10,275.4908752441406,278.1934610570605,274.2982834551078,277.7606505008222,18616600,MSFT,-0.006555186169554195,276.4691946847098,2021,8
2021-08-11,275.9814758300781,277.62610362360755,274.9331147655397,276.23151748719226,13955900,MSFT,0.0017808233594043266,276.76185389927457,2021,8
2021-08-12,278.7320556640625,278.88594321117694,275.3946946980805,275.6736177116659,14561300,MSFT,0.009966537883426385,277.1314392089844,2021,8
2021-08-13,281.65594482421875,281.7040218560263,278.24162438521927,278.41476627205253,18249000,MSFT,0.010489963750994757,278.0025373186384,2021,8
2021-08-16,283.33905029296875,283.55064206366075,278.9341023443054,281.98294340140507,22507600,MSFT,0.0059757498454380276,278.7005179268973,2021,8
2021-08-17,281.8771057128906,282.2137329544662,279.9535550193779,281.21350772659866,20075300,MSFT,-0.0051597002903993605,279.1978846958705,2021,8
2021-08-18,280.1522216796875,284.0934094395426,279.7089369385495,281.41455687924235,21813000,MSFT,-0.006119276799159468,279.6041041782924,2021,8
2021-08-19,285.972412109375,286.646955313747,278.1382359268691,278.18640498122255,29850500,MSFT,0.020775100032374594,281.1014665876116,2021,8
2021-08-20,293.2863464355469,294.7125096493585,287.21557336643235,288.8151805177053,40817600,MSFT,0.02557566400277289,283.57359095982144,2021,8
2021-08-23,293.5658264160156,294.28853895244464,290.8677113762467,292.21676889613116,22830200,MSFT,0.0009529253027473761,285.6927010672433,2021,8
2021-08-24,291.609619140625,294.5293759454758,291.0121816186196,293.9222928481988,18175800,MSFT,-0.0066636069302510315,287.1146545410156,2021,8
2021-08-25,291.02178955078125,293.5079068482192,289.4896430501033,293.22844986666524,20006100,MSFT,-0.0020158100119470612,288.2121887207031,2021,8
2021-08-26,288.2080078125,291.42648286158527,288.07311681656455,290.0388729783915,17666100,MSFT,-0.009668629083150693,289.1166033063616,2021,8
2021-08-27,288.8151550292969,289.9233081860537,286.0302890699818,288.1117043575675,22605700,MSFT,0.002106628547225764,290.35416521344865,2021,8
2021-08-30,292.54437255859375,293.15145574767917,290.106423632768,290.1642382786574,16348100,MSFT,0.012912125504350946,291.2930167061942,2021,8
2021-08-31,290.8966064453125,293.4212774277083,290.53042740378993,293.34420103292587,26285300,MSFT,-0.005632533960130193,290.95162527901783,2021,8
2021-09-01,290.8483581542969,294.08612491832895,290.5207320699009,291.8505275583118,18983800,MSFT,-0.00016586061833179233,290.56341552734375,2021,9
2021-09-02,290.193115234375,292.3226995544428,289.2584060139798,291.20493024605145,16285600,MSFT,-0.002252867865852881,290.3610578264509,2021,9
2021-09-03,290.1834411621094,291.59031279621104,289.33545407068243,290.03887518411466,14747900,MSFT,-3.333667050586797e-05,290.24129377092635,2021,9
2021-09-07,289.25830078125,290.13519504278986,287.3503595461748,290.0581186867921,17180400,MSFT,-0.0031881225791328127,290.3913356236049,2021,9
2021-09-08,289.2872619628906,289.6727026291222,286.64696252160434,288.87291398187256,15046800,MSFT,0.00010012221451338732,290.45877947126115,2021,9
2021-09-09,286.43499755859375,291.1470962428215,286.1940934395369,289.87511543646343,19927000,MSFT,-0.009859626673305644,289.5860116141183,2021,9
2021-09-10,284.9510498046875,289.00789676784274,284.63306927340466,287.56247190206864,19633400,MSFT,-0.0051807487442336875,288.7366463797433,2021,9
2021-09-13,286.1844482421875,287.678071426656,283.3803207637957,286.7240711170078,23652900,MSFT,0.004328457250273088,288.07037353515625,2021,9
2021-09-14,288.8826599121094,290.42445251988386,287.25414532984894,288.6610174835909,21853400,MSFT,0.009428226049650545,287.88316563197543,2021,9
2021-09-15,293.7296447753906,294.2114531175559,290.83879472239886,292.2264051004147,28356300,MSFT,0.01677838629966888,288.38976614815846,2021,9
2021-09-16,294.1150207519531,294.2017427055618,289.8172995209801,292.7081489368997,19550800,MSFT,0.001312009132946601,289.08358328683033,2021,9
2021-09-17,288.959716796875,293.4212665400656,288.6320906685241,293.1032859884223,41372500,MSFT,-0.0175281899642451,289.0367911202567,2021,9
2021-09-20,283.59228515625,287.8514824392424,278.98620009647595,285.54842520573646,38278700,MSFT,-0.01857501696126751,288.6306893484933,2021,9
2021-09-21,284.07415771484375,286.7144871567123,283.3707364278861,284.93179059163447,22364100,MSFT,0.0016991737216274228,288.5054190499442,2021,9
2021-09-22,287.71661376953125,289.29695901168185,283.79471679857085,285.9339466951143,26626300,MSFT,0.012822201371600395,288.7242998395647,2021,9
2021-09-23,288.6609802246094,289.9522229123692,286.70483974436394,287.9768206871402,18604600,MSFT,0.0032822798888998417,288.69263131277904,2021,9
2021-09-24,288.45855712890625,288.89216683736635,286.1265926479854,287.3793115337563,14999000,MSFT,-0.0007012485565095483,287.9396187918527,2021,9
2021-09-27,283.467041015625,285.683346907745,282.2817822917721,285.3653664442536,23571700,MSFT,-0.01730410136888627,286.4184788295201,2021,9
2021-09-28,273.2044982910156,280.2003624362763,272.4625242845209,279.2560078220888,43186200,MSFT,-0.036203654180888334,284.167733328683,2021,9
2021-09-29,273.6670837402344,276.3362908365867,272.713112823429,274.72706776293006,26353700,MSFT,0.001693183868173298,282.7498474121094,2021,9
2021-09-30,271.6627502441406,277.35769732785985,271.37364767786374,275.31483525135485,32343600,MSFT,-0.007323984560731023,280.97678920200894,2021,9
2021-10-01,278.5815124511719,279.4294996045535,271.05567057576917,271.8554592638854,30086300,MSFT,0.02546820350163359,279.6717747279576,2021,10
2021-10-04,272.8095397949219,277.28073588964816,270.0536098456087,276.94346412614277,31350700,MSFT,-0.02071915183984674,277.4072832380022,2021,10
2021-10-05,278.2538757324219,279.8341913063189,273.71522140234265,273.71522140234265,24993000,MSFT,0.019956545293807082,275.949471609933,2021,10
2021-10-06,282.44561767578125,282.94671707548684,275.1221558151547,275.38232168306524,28002600,MSFT,0.015064451240169863,275.80355398995533,2021,10
2021-10-07,284.1223449707031,285.8472268251137,283.2261886390808,284.440325492257,20430500,MSFT,0.005936460649379249,277.36324637276783,2021,10
2021-10-08,284.1223449707031,285.8472268251137,283.0720064625797,285.4424949358928,17685700,MSFT,0.0,278.8568551199777,2021,10
2021-10-11,283.5249328613281,287.12884966284184,282.0987696561335,282.26259742313226,19298600,MSFT,-0.002102657956862264,280.55145263671875,2021,10
2021-10-12,282.2239990234375,284.69085485665033,281.71328346594987,284.5944873273196,17974100,MSFT,-0.004588428343008988,281.0718078613281,2021,10
2021-10-13,285.52923583984375,286.4639451294158,282.81182993730505,284.1801784650092,23416300,MSFT,0.011711395302465899,282.888907296317,2021,10
2021-10-14,291.7348937988281,292.2359637895139,286.9938877052562,288.32368317323034,27262900,MSFT,0.02173387933719395,284.8147670200893,2021,10
2021-10-15,293.1417541503906,293.37304209699454,289.58600707147593,291.3397960809564,25384800,MSFT,0.00482239314345656,286.34278651646207,2021,10
2021-10-18,296.1097412109375,296.996251978843,291.6770991496789,292.5250864283667,22729300,MSFT,0.010124750290687823,288.0552716936384,2021,10
2021-10-19,297.01556396484375,298.0466114077476,296.0423017598198,297.13119325509496,17682100,MSFT,0.0030590778614776326,289.8971601213728,2021,10
2021-10-20,296.225341796875,298.4320317414315,294.9726227448066,297.95983967544254,16537100,MSFT,-0.002660541277433759,291.7115042550223,2021,10
2021-10-21,299.4534912109375,299.70401151928974,295.2135548265935,295.99411129385413,16918100,MSFT,0.010897613939715223,294.172860281808,2021,10
2021-10-22,297.9117126464844,299.77148563337295,296.6011787740469,299.10658782442397,17449300,MSFT,-0.005148641140293453,295.94178553989957,2021,10
2021-10-25,296.919189453125,298.1429719558944,295.3099367822359,298.1044190576334,17554500,MSFT,-0.0033316017841069634,296.6823992047991,2021,10
2021-10-26,298.8271484375,301.03383882381803,297.3721072772416,299.6847813807239,28107300,MSFT,0.006425852730802317,297.4945983886719,2021,10
2021-10-27,311.4120178222656,314.23540765875345,304.5028732340633,304.5028732340633,52588700,MSFT,0.042114210340556735,299.6806379045759,2021,10
2021-10-28,312.549072265625,313.05014234656585,309.6678384302858,312.5297811116196,26297900,MSFT,0.0036512863289956954,301.8997105189732,2021,10
2021-10-29,319.5544738769531,319.92065282329474,312.11535390609777,312.33699627026226,34766000,MSFT,0.02241376549463725,305.2324436732701,2021,10
2021-11-01,317.386474609375,319.429337609673,314.49562408278297,319.304062715027,27073200,MSFT,-0.006784443482437119,307.79429844447543,2021,11
2021-11-02,321.00958251953125,321.3179468699199,317.9934580456365,318.292176820312,26487100,MSFT,0.011415445206401476,311.093994140625,2021,11
2021-11-03,321.84796142578125,322.7152105302098,318.6198397635644,321.7515938792344,21500100,MSFT,0.002611694329090586,314.6552472795759,2021,11
2021-11-04,324.1991882324219,324.2955557789169,317.52133190249214,320.77836088619716,23992200,MSFT,0.007305395989537278,318.27982439313615,2021,11
2021-11-05,323.8330078125,326.46369184358485,322.25269180428967,326.1938803589028,22570100,MSFT,-0.0011294920937906516,320.0542515345982,2021,11
2021-11-08,324.7291564941406,325.3651469944245,322.27194586748317,325.0278752948011,20897000,MSFT,0.0027673172901494514,321.7942635672433,2021,11
2021-11-09,323.72698974609375,326.39619698658385,322.3586413143152,324.8447590588509,21307400,MSFT,-0.003086161892164263,322.3903372628348,2021,11
2021-11-10,318.76434326171875,322.4550111195703,317.916385399046,322.39719647909817,25500900,MSFT,-0.01532972733681337,322.58717564174106,2021,11
2021-11-11,320.3350830078125,321.6263258185868,318.48495546682875,319.198022393328,16849800,MSFT,0.004927589234170027,322.4908185686384,2021,11
2021-11-12,324.468994140625,324.96044803422893,321.6456044610585,321.7708793286239,23831000,MSFT,0.012904959063480659,322.86525181361606,2021,11
2021-11-15,323.84259033203125,325.5867337696935,321.87680452226203,325.25910770260543,16723000,MSFT,-0.0019305505915990784,322.8143092564174,2021,11
2021-11-16,327.1573791503906,328.2751775863264,323.30291395360615,323.4667122564175,20886800,MSFT,0.010235802569886765,323.28921944754467,2021,11
2021-11-17,327.3794250488281,330.3431465844784,326.2982049414864,327.20566384465644,19053400,MSFT,0.0006787127926446423,323.66782924107144,2021,11
2021-11-18,329.455078125,330.5942484179435,325.4487587667228,326.4720587629754,22463500,MSFT,0.006340206248032443,324.4861275809152,2021,11
2021-11-19,331.2314147949219,333.1525404318377,330.35294519346263,330.7777146184354,21963400,MSFT,0.0053917416602937696,326.2671377999442,2021,11
2021-11-22,328.06494140625,337.564302737887,327.7946362926537,332.68911800842596,31031100,MSFT,-0.009559701306207202,327.3714032854353,2021,11
2021-11-23,325.9893493652344,327.69808997134413,322.0119904551096,325.381155553639,30427600,MSFT,-0.0063267718644930415,327.5885968889509,2021,11
2021-11-24,326.21136474609375,326.4527096021285,322.34984704953825,324.63779157098065,21661300,MSFT,0.0006810510260280012,327.926993233817,2021,11
2021-11-26,318.26629638671875,326.23067700890783,316.7603067714065,322.77463147147154,24217200,MSFT,-0.02435558419480277,326.6568385532924,2021,11
2021-11-29,324.9757385253906,327.2926436665053,323.1511569453452,323.3442446492078,28563500,MSFT,0.021081221024168206,326.3134547642299,2021,11
2021-11-30,319.14483642578125,326.0859180631041,317.6002231832655,323.7110925111013,42885600,MSFT,-0.017942576655314846,324.84056309291293,2021,11
2021-12-01,318.65240478515625,327.5339066425295,317.98632013384116,323.52758820834913,33337600,MSFT,-0.0015429722947735147,323.04356166294644,2021,12
2021-12-02,318.08282470703125,321.94434201116263,316.4513312891526,318.86477960423474,30766000,MSFT,-0.001787465180151493,321.6175449916295,2021,12
2021-12-03,311.82720947265625,321.1817382170732,307.01960945389317,320.4962976310111,41779300,MSFT,-0.019666623748505474,319.5943821498326,2021,12
2021-12-06,314.89715576171875,316.11354341449044,308.1781223856923,312.73471501105405,30032600,MSFT,0.009845023768946248,317.97806658063615,2021,12
2021-12-07,323.3249206542969,324.1744298816056,318.67178431375265,320.15847701837134,31021900,MSFT,0.026763547203822347,318.7007271902902,2021,12
2021-12-08,323.37322998046875,323.884880028301,319.34758378446827,323.70145553369605,24761000,MSFT,0.00014941417467650986,318.47179739815846,2021,12
2021-12-09,321.56793212890625,324.84055346464856,320.62184956942644,322.832576975175,22214200,MSFT,-0.005582706557594519,318.81795392717635,2021,12
2021-12-10,330.68115234375,331.1252187320229,323.1994600837699,323.38288457347915,38095700,MSFT,0.028339953410499108,320.5363464355469,2021,12
2021-12-13,327.6498107910156,331.88784112335867,327.3408822668036,328.8854954268182,28899400,MSFT,-0.009166961985130673,321.90305873325894,2021,12
2021-12-14,316.97271728515625,323.05462611476247,312.8891511907512,321.68377419361184,44438700,MSFT,-0.03258690575795731,322.6381312779018,2021,12
2021-12-15,323.0643005371094,323.5856138077835,313.26570278294963,317.2333990836734,35381100,MSFT,0.01921800495678938,323.8048662458147,2021,12
2021-12-16,313.6518249511719,325.10124228323565,311.83690659632845,324.08757603047445,35034800,MSFT,-0.029134991301387414,322.4229954310826,2021,12
2021-12-17,312.5898742675781,313.67112406852533,306.2666502470529,309.7709825901244,47750300,MSFT,-0.0033857628080405933,320.8825160435268,2021,12
2021-12-20,308.8345947265625,311.6245264811282,306.57560997334616,308.9697325522861,28326500,MSFT,-0.012013439494207967,319.063467843192,2021,12
2021-12-21,315.958984375,316.3837536037562,308.7282737271069,312.09746735797034,24740600,MSFT,0.023068625633554163,316.9603009905134,2021,12
2021-12-22,321.66448974609375,322.0602694505174,314.4724000480661,316.9341062072316,24831500,MSFT,0.01805774057154874,316.1052551269531,2021,12
2021-12-23,323.1028747558594,324.7440317285957,321.2107391407732,321.2300361252478,19617800,MSFT,0.004471693505556207,316.98099190848217,2021,12
2021-12-27,330.5942077636719,330.62316796902155,323.817225101408,323.8461853067577,19947000,MSFT,0.023185596889142568,318.0566929408482,2021,12
2021-12-28,329.4356994628906,331.9070682140661,328.5379037481907,331.26991431494497,15661500,MSFT,-0.003504321229999996,320.311532156808,2021,12
2021-12-29,330.1114501953125,332.3800678906022,327.92002041703563,329.48393010662005,15042000,MSFT,0.0020512371109859817,322.81461443219865,2021,12
2021-12-30,327.5725402832031,331.250633386475,327.0898505902694,330.072869357275,15994500,MSFT,-0.007691068912051402,325.491463797433,2021,12
2021-12-31,324.6764221191406,327.6111544209489,324.2226926014007,326.7906054612649,18000800,MSFT,-0.008841150609140369,326.73681204659596,2021,12
2022-01-03,323.1607666015625,326.29824977245147,318.3628296202537,323.7400001560889,28865100,MSFT,-0.004668203215021149,326.95056588309154,2022,1
2022-01-04,317.6195068359375,323.5952080741863,314.82954604404773,323.2379929252775,32674300,MSFT,-0.017147068389205322,326.167227608817,2022,1
2022-01-05,305.4267578125,314.7812871228152,305.04061192128523,314.5785362245669,40054300,MSFT,-0.038387909939472054,322.5718776157924,2022,1
2022-01-06,303.01336669921875,307.6665036436116,300.7060952138819,302.3086289546871,39646100,MSFT,-0.007901701640570802,318.79725864955356,2022,1
2022-01-07,303.1678161621094,305.54264171592666,299.35455497870817,303.2739937762214,32720000,MSFT,0.0005097117152721431,314.9481680733817,2022,1
2022-01-10,303.3897705078125,303.82420301804177,294.14144890781034,298.77525819873097,44289500,MSFT,0.0007321171109548885,311.4934866768973,2022,1
2022-01-11,304.07525634765625,305.6488002414314,299.1614780529444,302.53064320042563,29386800,MSFT,0.0022594230474428656,308.5504629952567,2022,1
2022-01-12,307.25128173828125,312.2133458454884,306.10247793014696,308.6028364262324,34372200,MSFT,0.010444866276767328,306.2776794433594,2022,1
2022-01-13,294.2477111816406,309.77103274969136,293.47541923124135,309.3752235502706,45366000,MSFT,-0.042322266267117326,302.9388514927455,2022,1
2022-01-14,299.4607238769531,300.0592544355826,293.2340145006697,293.7167042364733,39846400,MSFT,0.017716408648951187,302.08656093052457,2022,1
2022-01-18,292.17205810546875,299.0745146536486,291.2935593504582,293.54290976278105,42333200,MSFT,-0.024339304591006194,300.53780255998885,2022,1
2022-01-19,292.8285827636719,303.0423154877073,292.2204183595071,295.68612760781065,45933900,MSFT,0.0022470480663354664,299.0607692173549,2022,1
2022-01-20,291.158447265625,300.86049892883005,290.71438096885566,298.36983291707537,35380700,MSFT,-0.0057034579148127484,297.31343732561385,2022,1
2022-01-21,285.78131103515625,293.58156494621363,285.37583865558236,292.21074246408233,57984400,MSFT,-0.018468075650792226,294.7000165666853,2022,1
2022-01-24,286.1094970703125,286.82386842126607,266.49297997417904,282.08388134377833,85731500,MSFT,0.001148381725759151,291.6797616141183,2022,1
2022-01-25,278.5023193359375,284.77728601402885,275.2972818230597,281.4274180089752,72848600,MSFT,-0.026588344016086674,289.430419921875,2022,1
2022-01-26,286.437744140625,297.8195767322565,282.8851546395586,297.32722375809846,90428900,MSFT,0.02849320904618957,287.5699942452567,2022,1
2022-01-27,289.4593811035156,296.6611038089516,287.6155027527548,292.18175832051594,53481300,MSFT,0.010549018153861667,287.1824689592634,2022,1
2022-01-28,297.587890625,297.80027529096344,284.2560022424525,289.8358945088993,49743700,MSFT,0.028081693156724707,287.8623700823103,2022,1
2022-01-31,300.21368408203125,301.5652092942881,295.76326991115974,298.2539651589988,46444500,MSFT,0.008823589735175386,289.1559753417969,2022,1
2022-02-01,298.0705871582031,299.875842129487,294.5662548205134,299.66345745868625,40950400,MSFT,-0.007138571748923184,290.91158621651783,2022,2
2022-02-02,302.6078186035156,304.21035194352163,298.1863939124947,298.9104284628024,36636000,MSFT,0.015222003246178506,293.2684892926897,2022,2
2022-02-03,290.820556640625,300.4550540690847,289.57520891247447,298.7752738080084,43730000,MSFT,-0.038952271680509964,295.02823747907365,2022,2
2022-02-04,295.34814453125,298.10911517984084,289.58482894873913,289.8165105525263,35096500,MSFT,0.01556832138320896,296.30115182059154,2022,2
2022-02-07,290.5309753417969,297.1824248464775,289.5173091795903,295.57025756283554,28533300,MSFT,-0.016310138657205764,296.45423671177457,2022,2
2022-02-08,294.0159912109375,294.98137075377906,289.5656056597399,290.82058728101566,32421200,MSFT,0.011995333251611617,295.94396536690846,2022,2
2022-02-09,300.4356689453125,301.1307431856092,296.74794259085735,299.1420642821841,31284700,MSFT,0.02183445093559322,295.9756774902344,2022,2
2022-02-10,291.9114685058594,298.41811714419794,290.289637957717,293.5140020692782,45386200,MSFT,-0.028372797642096104,295.0958033970424,2022,2
2022-02-11,284.8255920410156,293.7553529211515,284.03397373558494,292.69342951887205,39175600,MSFT,-0.024274059875456833,292.5554853166853,2022,2
2022-02-14,284.7869873046875,286.48606485987114,281.26335759126283,283.5995597685924,36359500,MSFT,-0.00013553815881317544,291.6935468401228,2022,2
2022-02-15,290.06756591796875,290.3861281751453,286.7369950149994,289.62349961792046,27058300,MSFT,0.0185422046957211,290.9391784667969,2022,2
2022-02-16,289.72900390625,291.0543038082839,284.09887060149885,288.635864710569,29982100,MSFT,-0.0011671832755493217,290.8246111188616,2022,2
2022-02-17,281.2451171875,287.1170646088115,280.53892237568306,286.6914169855192,32461600,MSFT,-0.02928214505405613,289.0002005440848,2022,2
2022-02-18,278.53643798828125,284.2729679755153,276.96929430412916,283.48939613343924,34264000,MSFT,-0.009631026580322555,285.87173897879467,2022,2
2022-02-22,278.33331298828125,282.02869492098785,275.21836232867406,275.70205013593005,41736100,MSFT,-0.0007292582667713932,283.93200247628346,2022,2
2022-02-23,271.1263122558594,282.183436310848,270.9618749583115,280.713006702901,37811200,MSFT,-0.025893417697813725,281.97496250697543,2022,2
2022-02-24,284.9791564941406,285.530567636646,262.66179572392394,263.6195175824751,56989700,MSFT,0.051093691803724584,282.0024152483259,2022,2
2022-02-25,287.6104736328125,287.92004094921725,282.1351235020053,285.51128484773926,32546700,MSFT,0.009233366997933423,281.65140206473217,2022,2
2022-02-28,289.04217529296875,289.38076267083534,283.44106207991604,284.7083218045915,34627500,MSFT,0.0049779190655765415,281.55328369140625,2022,2
2022-03-01,285.32745361328125,290.1836686434819,282.6187841386107,286.7301305623066,31217800,MSFT,-0.012851832698540622,282.136474609375,2022,3
2022-03-02,290.3964538574219,291.634693317186,284.1181963061909,285.72401365770156,31873000,MSFT,0.0177655538573267,283.8307625906808,2022,3
2022-03-03,286.26580810546875,293.2405780996094,284.4567908872236,293.0084173965025,27314500,MSFT,-0.014224160443712552,284.96397617885043,2022,3
2022-03-04,280.4034729003906,286.0142690066233,277.80125973691753,284.6889691786735,32356500,MSFT,-0.020478642712783435,286.2892848423549,2022,3
2022-03-07,269.8106994628906,280.2390059870798,269.4430920558965,279.11684688434497,43157200,MSFT,-0.03777689815298024,284.1223624093192,2022,3
2022-03-08,266.85052490234375,274.6959256640992,261.19137259179695,268.73688932455536,48159500,MSFT,-0.010971301606791939,281.15665544782365,2022,3
2022-03-09,279.0878601074219,280.1519791699358,271.6197193077244,274.192941941818,35204500,MSFT,0.04585838910962048,279.734610421317,2022,3
2022-03-10,276.2728271484375,277.24988606847967,271.4262653649747,273.7866644734184,30628000,MSFT,-0.010086547504792431,278.4410923549107,2022,3
2022-03-11,270.932861328125,280.06488834104937,270.31372684225215,278.5654386141769,27209300,MSFT,-0.01932859585008484,275.6605791364397,2022,3
2022-03-14,267.4213562011719,276.08903470394495,266.821587956301,271.19411574307355,30660700,MSFT,-0.012960794455643243,272.968514578683,2022,3
2022-03-15,277.78192138671875,278.4300760838003,269.6366346705724,271.2037785530538,34245100,MSFT,0.03874247491944138,272.59400721958707,2022,3
2022-03-16,284.7857360839844,284.9598566183486,273.960800034903,279.67796423359994,37826300,MSFT,0.025213356802709752,274.7332981654576,2022,3
2022-03-17,285.588623046875,285.9658841758017,279.92946993729333,283.7215952422282,30816600,MSFT,0.0028192667720332576,277.41016932896207,2022,3
2022-03-18,290.6285705566406,291.17998159376464,283.1797980429952,285.7336536264884,43390600,MSFT,0.01764757803022987,279.05884225027904,2022,3
2022-03-21,289.4000549316406,290.348093539092,285.27902590005374,289.1388741774251,28351200,MSFT,-0.004227098604404289,280.9341605050223,2022,3
2022-03-22,294.14019775390625,295.0495331029309,289.0227729955793,290.0191685986224,27599700,MSFT,0.01637920498455081,284.24949428013394,2022,3
2022-03-23,289.7193298339844,293.3373349131294,288.0070855267432,290.7060719110069,25715400,MSFT,-0.01502979855755937,287.43491908482144,2022,3
2022-03-24,294.1789245605469,294.2756680245102,288.58749479820733,289.380749871962,24484500,MSFT,0.015392810445605809,289.77734810965404,2022,3
2022-03-25,293.7726135253906,295.533244193088,289.52585001590114,295.2720634104139,22566500,MSFT,-0.0013811697617809315,291.0611877441406,2022,3
2022-03-28,300.5636291503906,300.6603430987499,294.4014214022609,294.4014214022609,29578200,MSFT,0.023116571498973393,293.20047433035717,2022,3
2022-03-29,305.1199035644531,305.5165310537255,298.9673801627558,303.6688403450475,30393400,MSFT,0.01515910100946627,295.27066476004467,2022,3
2022-03-30,303.6204833984375,305.6423243268449,301.41486827122543,303.52376945863284,28163600,MSFT,-0.004914199789981533,297.3021545410156,2022,3
2022-03-31,298.25152587890625,304.85871680672483,297.84524471777274,303.65915116071864,33422100,MSFT,-0.017683120254062823,297.88948713030135,2022,3
2022-04-01,299.32537841796875,300.01220684451596,295.57195627521304,299.27699192361627,27110500,MSFT,0.0036004930264748047,299.26177978515625,2022,4
2022-04-04,304.6943359375,304.8297531887579,299.60593013266003,299.9735376348756,24289600,MSFT,0.017936860375514785,300.7639814104353,2022,4
2022-04-05,300.73773193359375,304.59755113932056,299.7606731283504,303.04974427141804,23156700,MSFT,-0.012985485902559879,301.75899832589283,2022,4
2022-04-06,289.72900390625,296.98432119939486,287.03001760705087,295.23337365440614,40110400,MSFT,-0.03660574267340222,300.21119471958707,2022,4
2022-04-07,291.5379943847656,293.7436096818607,286.6817792585373,286.9816633477329,31411200,MSFT,0.006243732778306699,298.2709219796317,2022,4
2022-04-08,287.2815246582031,291.2961273756615,286.6140331520905,290.6383190722913,24361900,MSFT,-0.014600051480579634,295.93678501674106,2022,4
2022-04-11,275.95361328125,283.06380135890896,275.7020861416009,282.27057568810704,34569300,MSFT,-0.03943139535488982,292.7513689313616,2022,4
2022-04-12,272.85797119140625,281.25478467779203,271.33918434835886,279.80372121494815,30966700,MSFT,-0.011217979909865061,288.9703107561384,2022,4
2022-04-13,278.23651123046875,279.1651833596897,272.1226915423585,273.50606081797804,21907200,MSFT,0.019711867003839645,285.1906215122768,2022,4
2022-04-14,270.7007751464844,278.90413310453835,270.20743353057696,278.6913092334907,28221600,MSFT,-0.02708392241786839,280.8996276855469,2022,4
2022-04-18,271.36822509765625,273.24493634757675,269.25935312303267,269.81076436616644,20778000,MSFT,0.0024656373843432444,278.2766592843192,2022,4
2022-04-19,275.9922180175781,276.83385950003543,269.32701618181187,270.2653715965898,22297700,MSFT,0.017039551768663674,276.0558340890067,2022,4
2022-04-20,277.0177001953125,280.2487611166092,276.0600076685243,279.9585306840921,22906700,MSFT,0.0037156199008083757,274.5895734514509,2022,4
2022-04-21,271.64874267578125,283.73125459736195,270.9232109682988,279.1652405373938,29454600,MSFT,-0.019381279664605677,273.97459193638394,2022,4
2022-04-22,265.0899353027344,273.9607825716903,264.4611470651918,272.49035276111147,29405800,MSFT,-0.024144442225064733,272.86487252371654,2022,4
2022-04-25,271.5616455078125,271.93890659301337,261.93624768786924,264.3740527877632,35678900,MSFT,0.02441326260722576,271.9113202776228,2022,4
2022-04-26,261.4042663574219,269.2786893101123,261.19144251967543,268.4467603674442,46518400,MSFT,-0.03740358522057341,270.58324759347096,2022,4
2022-04-27,273.9801330566406,281.4772943518781,270.05259027534413,272.89667705103636,63477700,MSFT,0.04810888083220344,270.9563773018973,2022,4
2022-04-28,280.1810607910156,281.4870240399214,272.2775874275233,275.8859098295286,33646600,MSFT,0.02263276415408222,271.5547834123884,2022,4
2022-04-29,268.4660339355469,280.4228102800614,267.47932156887543,279.1942245202134,37073900,MSFT,-0.04181234385505761,270.33311680385043,2022,4
2022-05-02,275.1893615722656,275.6440293239036,267.2085121919129,268.6498925117606,35151100,MSFT,0.02504349447175458,270.8389195033482,2022,5
2022-05-03,272.5871276855469,274.8604665193033,271.0103005471974,274.6959996581533,25978600,MSFT,-0.009456157286935607,271.90994698660717,2022,5
2022-05-04,280.5196228027344,281.3902550491014,267.7018944721031,273.37070203873003,33599300,MSFT,0.02910076930095662,273.18965802873885,2022,5
2022-05-05,268.30169677734375,277.0080793908521,265.3898860340184,276.22450731739383,43260400,MSFT,-0.043554621610134014,274.1750052315848,2022,5
2022-05-06,265.7670593261719,270.13958558945643,262.4199191226848,265.84443636998407,37780300,MSFT,-0.00944696765475661,273.001708984375,2022,5
2022-05-09,255.94822692871094,263.4744080237602,254.72935373016503,261.2494559206379,47726000,MSFT,-0.03694525733307841,269.53987557547435,2022,5
2022-05-10,260.7077331542969,264.8190795955056,256.42226618437826,262.8262881528178,39336400,MSFT,0.018595581937403294,268.43154689243863,2022,5
2022-05-11,252.04969787597656,262.5070256300987,250.84047838986658,257.01233937048545,48975900,MSFT,-0.033209737101262515,265.1258806501116,2022,5
2022-05-12,247.01937866210938,251.4015891851371,241.86326466522425,249.28303414533278,51033800,MSFT,-0.019957648258489114,261.4733450753348,2022,5
2022-05-13,252.60116577148438,254.4585403089071,247.01941799805914,248.95416961030637,34925100,MSFT,0.02259655553992057,257.4849940708705,2022,5
2022-05-16,252.96875,257.1478201827857,247.435359717783,251.47898312964355,32550900,MSFT,0.001455196089032107,255.29457310267858,2022,5
2022-05-17,258.1151428222656,259.57585977965135,253.89737021197146,257.4282849486114,28828800,MSFT,0.020343986449969043,254.2014421735491,2022,5
2022-05-18,246.36328125,255.5941513427868,245.0930699203447,255.01236815888072,31356000,MSFT,-0.0455295316801998,252.83216421944755,2022,5
2022-05-19,245.45179748535156,249.84422891050363,244.2300707046364,246.18870993787448,32692300,MSFT,-0.003699754931107191,250.65274483816964,2022,5
2022-05-20,244.8894500732422,250.6878410141278,238.95532648602892,249.42730580573198,39199300,MSFT,-0.0022910706618187726,249.62985229492188,2022,5
2022-05-23,252.73374938964844,253.55793981579862,245.73302803213778,247.7304758561138,33175400,MSFT,0.03203200184434296,250.4461909702846,2022,5
2022-05-24,251.7349853515625,253.3930420574841,245.80086274871203,250.05754672530148,29043900,MSFT,-0.0039518427613959295,250.32245091029577,2022,5
2022-05-25,254.54690551757812,256.54433819264386,249.3206224202264,250.29995683719147,28547900,MSFT,0.011170160405350904,250.5479016985212,2022,5
2022-05-26,257.82421875,258.99746097926135,253.48997806179602,254.30446247150167,25002100,MSFT,0.01287508573619478,250.50634111676897,2022,5
2022-05-27,264.94134521484375,265.03831400617037,259.43386111985046,260.32593257304654,26910800,MSFT,0.027604569110494914,253.1603502546038,2022,5
2022-05-31,263.61297607421875,266.4248936649032,260.7622650462861,264.2529346305631,37827700,MSFT,-0.0050138234919423486,255.75480433872767,2022,5
2022-06-01,264.146240234375,269.25617238114495,261.83851939689276,266.84180659959077,25292200,MSFT,0.0020229055796028295,258.50577436174666,2022,6
2022-06-02,266.24066162109375,266.30854273854516,253.6548987948604,256.4183467798957,44008200,MSFT,0.007929022138874142,260.4353332519531,2022,6
2022-06-03,261.8192138671875,265.14506385078295,260.258125369171,262.10041456467496,28059000,MSFT,-0.016606959008382938,261.87593732561385,2022,6
2022-06-06,260.5876770019531,265.8527530113279,259.1041464802311,263.79714518679435,22400300,MSFT,-0.004703768096481653,262.73890468052457,2022,6
2022-06-07,264.223876953125,264.83474789857866,257.86311369538305,258.54186576604843,22860700,MSFT,0.013953844606184651,263.6531415666853,2022,6
2022-06-08,262.19732666015625,264.7086616945771,261.4216058677899,263.4578322605081,17372300,MSFT,-0.007669822713744612,263.2611389160156,2022,6
2022-06-09,256.748046875,264.4274912567582,256.59290269880853,259.6472278413425,26439700,MSFT,-0.02078312488753653,262.28043474469865,2022,6
2022-06-10,245.30636596679688,252.6658293283701,244.86033026242538,252.6658293283701,31422800,MSFT,-0.04456384789471679,259.58902413504467,2022,6
2022-06-13,234.90228271484375,241.45698328912755,234.19445778848691,237.6657308889011,46135800,MSFT,-0.042412610088404135,255.11211286272322,2022,6
2022-06-14,237.06451416015625,238.27654997365488,234.17501012811695,236.45364337563802,28651500,MSFT,0.00920481240251414,251.57572719029017,2022,6
2022-06-15,244.1136932373047,247.54618679802817,238.93588001694107,240.76847749584994,33111700,MSFT,0.029735277344740574,249.22230093819755,2022,6
2022-06-16,237.52996826171875,239.9055558620673,235.639195061252,238.5092880231499,33169200,MSFT,-0.026969912618485692,245.4088854108538,2022,6
2022-06-17,240.12855529785156,242.892003168209,236.61850393867869,237.26815342919429,43084800,MSFT,0.010940038661856777,242.2562037876674,2022,6
2022-06-21,246.0336151123047,247.0129348663082,241.93207466775263,242.6592962620597,29928300,MSFT,0.024591243665829765,240.72557067871094,2022,6
2022-06-22,245.442138671875,249.35944724213846,242.76595376071094,244.23979365415195,25939900,MSFT,-0.0024040472687429926,240.7449667794364,2022,6
2022-06-23,250.9980926513672,251.4926127999007,245.92695305257084,247.8080352595046,25861400,MSFT,0.022636512253178198,243.04436819893974,2022,6
2022-06-24,259.5695495605469,259.8410443446539,253.77116073982518,253.85842374999757,33923200,MSFT,0.0341494902157895,246.2593732561384,2022,6
2022-06-27,256.844970703125,260.1513786610391,255.28385304721854,260.06411562547476,24615100,MSFT,-0.010496527277697232,248.07812717982702,2022,6
2022-06-28,248.69041442871094,258.80363608311393,248.53527026411476,255.9626306963356,27295500,MSFT,-0.03174894276532103,249.67247663225447,2022,6
2022-06-29,252.35552978515625,254.01358628013193,247.9921866203894,249.76660859939219,20069800,MSFT,0.014737662345630786,251.41918727329798,2022,6
2022-06-30,249.02975463867188,251.64776426602208,245.21912051123442,249.2430741608317,31730900,MSFT,-0.013178927164052223,251.84720720563615,2022,6
2022-07-01,251.69619750976562,251.88042932459473,246.8771566244914,248.6031092713666,22837700,MSFT,0.010707326419538088,252.74064418247767,2022,7
2022-07-05,254.86692810058594,254.99298457519546,247.00323818444357,248.3801092623351,22941000,MSFT,0.01259745130117551,253.2933349609375,2022,7
2022-07-06,258.1249084472656,259.8508467542047,254.43062460156605,255.73962957154674,23824400,MSFT,0.012783064366020502,253.08695765904017,2022,7
2022-07-07,260.2483215332031,260.88827998765817,256.9709719895022,257.06794077182286,20859900,MSFT,0.008226300587226287,253.57315063476562,2022,7
2022-07-08,259.5308837890625,259.95752288689226,255.29361008585622,256.7480534855321,19658800,MSFT,-0.002756743021103736,255.12178911481584,2022,7
2022-07-11,256.4765319824219,258.43517157163143,254.2172802316378,257.58189346441975,19455200,MSFT,-0.01176874120739746,255.71050371442522,2022,7
2022-07-12,245.96571350097656,257.8630619352438,244.3852139665222,257.8048865798043,35868500,MSFT,-0.040981599369745436,255.27278355189733,2022,7
2022-07-13,245.04457092285156,245.84936453464945,240.57458193875394,242.59141144867633,29497400,MSFT,-0.0037450039886203212,254.32255118233817,2022,7
2022-07-14,246.36328125,247.39108538558793,238.47050360298064,242.959889571624,25102800,MSFT,0.005381512115049558,253.10774448939733,2022,7
2022-07-15,248.92306518554688,252.462203796879,247.03229230010422,247.95343654733435,29774100,MSFT,0.010390281873820628,251.79319545200892,2022,7
2022-07-18,246.5281524658203,252.9180034862203,245.6070079525526,251.8611115162117,20975000,MSFT,-0.009621096052072953,249.83317129952567,2022,7
2022-07-19,251.6477508544922,251.8319826861172,245.975416691355,249.7569629365393,25012600,MSFT,0.020766790070280816,248.7070094517299,2022,7
2022-07-20,254.30450439453125,256.825544892012,251.04656621862563,252.00648914711226,22788300,MSFT,0.010557430102267285,248.39671979631697,2022,7
2022-07-21,256.7964782714844,256.8449774641106,249.2236799929457,251.89986485024778,22404700,MSFT,0.009799173171887832,249.94397190638952,2022,7
2022-07-22,252.4525604248047,257.2716171311826,251.2017604777432,257.1843540830661,21881300,MSFT,-0.01691579992030623,251.00225612095423,2022,7
2022-07-25,250.96900939941406,253.55793131652177,249.01036987517415,253.07311691629897,21056000,MSFT,-0.005876553689510011,251.66021728515625,2022,7
2022-07-26,244.24948120117188,251.98712943704783,241.9902591873935,251.9677179235894,39348000,MSFT,-0.026774334465926586,250.99256243024553,2022,7
2022-07-27,260.5780029296875,261.84821413779025,250.9883906372331,253.22823052881697,45994000,MSFT,0.0668518174458963,252.9996839250837,2022,7
2022-07-28,268.0150451660156,269.4016069637394,259.734408627682,261.5573151321631,33459300,MSFT,0.02854056041842834,255.3378688267299,2022,7
2022-07-29,272.21356201171875,273.43530368872024,268.2284021083121,269.2659119581238,32152800,MSFT,0.015665228208000315,257.8963056291853,2022,7
2022-08-01,269.56646728515625,272.7371422807074,267.46236011948673,269.38223547656554,21539600,MSFT,-0.00972433080482793,259.7205897739955,2022,8
2022-08-02,266.4733581542969,269.45012527255744,264.1074618325668,267.6175128829661,22754200,MSFT,-0.011474383895039075,261.72356087820873,2022,8
2022-08-03,273.8909912109375,274.8897074830674,268.208952240517,268.35442020276383,23518900,MSFT,0.02783630269088877,264.99812970842635,2022,8
2022-08-04,275.03515625,275.18059462702735,271.6608675400947,273.24133735808226,18098700,MSFT,0.004177446779114025,269.39608328683033,2022,8
2022-08-05,274.317626953125,275.0351426380941,270.21608737963913,270.6718139989153,16774600,MSFT,-0.002608863923646121,271.35888671875,2022,8
2022-08-08,271.806396484375,277.23632456484415,270.8367675268172,275.423093558,18739200,MSFT,-0.009154462644790695,271.90050833565846,2022,8
2022-08-09,273.7261962890625,274.4825055635908,269.1786348849365,271.1470097408237,23405200,MSFT,0.007063114884413135,272.1165989467076,2022,8
2022-08-10,280.3778076171875,281.0080602847514,278.2252309562204,279.41788477875497,24687800,MSFT,0.024300236580574452,273.6610761369978,2022,8
2022-08-11,278.30279541015625,282.3655416886504,277.8083049364427,282.01648958955855,20065900,MSFT,-0.0074007719250889226,275.3509957449777,2022,8
2022-08-12,283.0444030761719,283.0444030761719,278.225345794291,279.71858272985753,22619700,MSFT,0.017037585479612316,276.6586260114397,2022,8
2022-08-15,284.5569763183594,285.2454045080501,281.29900803496633,282.16199190447594,18085700,MSFT,0.005343943302706711,278.01888602120533,2022,8
2022-08-16,283.82000732421875,285.1096300607174,281.59957891566967,283.12187347946144,18102900,MSFT,-0.0025898820112429943,279.3763689313616,2022,8
2022-08-17,283.0718078613281,285.0443308942976,281.27418133685177,281.53652609959147,18253400,MSFT,-0.0026361758987480943,280.98571341378346,2022,8
2022-08-18,281.95440673828125,283.64513249063674,280.89524189994404,281.97382980141776,17186200,MSFT,-0.003947412253763827,282.16117204938615,2022,8
2022-08-19,278.04815673828125,281.06039158484833,277.4748651159436,280.7202952926748,20570000,MSFT,-0.013854190275613965,281.82836478097096,2022,8
2022-08-22,269.88604736328125,274.4626845439324,269.3710544716456,274.0934387624706,25061100,MSFT,-0.029355020622139016,280.62597220284596,2022,8
2022-08-23,268.6131591796875,270.96462513583367,267.6025963871895,268.6131591796875,17527400,MSFT,-0.004716391217810423,278.56436593191967,2022,8
2022-08-24,267.9815673828125,269.38079904214317,267.3207976827984,267.61232157638716,18137000,MSFT,-0.0023513062383235805,276.19645036969865,2022,8
2022-08-25,270.9549255371094,271.1200957209209,266.7475042264658,269.4779423207206,16583400,MSFT,0.011095383101664691,274.35858154296875,2022,8
2022-08-26,260.49951171875,272.4026750674216,260.3926404040064,271.1783402052865,27549300,MSFT,-0.03858728088309815,271.1339678083147,2022,8
2022-08-29,257.72052001953125,259.82906392811554,256.3795873901303,258.3229611362696,20338500,MSFT,-0.010667934388372657,267.67198399135043,2022,8
2022-08-30,255.52447509765625,259.4889441338361,253.27988099606083,259.1197280644123,22767100,MSFT,-0.008521032480101165,264.4543151855469,2022,8
2022-08-31,254.0669403076172,259.54723825698477,253.93088992646184,257.87596548411756,24791800,MSFT,-0.005704090731355693,262.19444274902344,2022,8
2022-09-01,253.0272674560547,253.50341421016233,248.17855922552292,251.54058765801105,23263400,MSFT,-0.00409212174674789,259.9678867885045,2022,9
2022-09-02,248.8101806640625,257.24441703997155,247.2652018315323,254.29050979397502,22855400,MSFT,-0.016666530980597227,257.2291172572545,2022,9
2022-09-06,246.07972717285156,250.53004048443478,244.80681960398346,248.94621561929907,21328200,MSFT,-0.010974042476571855,253.67551749093192,2022,9
2022-09-07,250.78265380859375,251.5016925834483,246.05054362667008,247.4886360031437,24126700,MSFT,0.01911139405823037,252.28739493233817,2022,9
2022-09-08,251.2004852294922,253.05641075595742,247.57609726538706,250.21910163068787,20319900,MSFT,0.001666109735074972,251.355961390904,2022,9
2022-09-09,256.97222900390625,257.7204466614549,252.92031250252853,253.12435838480468,22084700,MSFT,0.02297664261731458,251.56278337751115,2022,9
2022-09-12,259.10028076171875,259.8776479982531,257.65247691062,258.25491798547915,18747700,MSFT,0.008281251892710007,252.2818320138114,2022,9
2022-09-13,244.85537719726562,253.02725242179903,244.46669355719365,251.51142329243044,33353300,MSFT,-0.05497834090559495,251.11441911969865,2022,9
2022-09-14,245.07887268066406,247.03195802459214,242.78569098884205,246.35178015556986,23913000,MSFT,0.0009127652655893659,250.5813751220703,2022,9
2022-09-15,238.4325408935547,244.28208546979903,237.11104609083932,242.69824587426376,31530900,MSFT,-0.027119154394714018,249.4889199393136,2022,9
2022-09-16,237.81065368652344,238.3547959701018,235.2065251235573,237.34423330622892,39791800,MSFT,-0.0026082312619772896,247.63577706473214,2022,9
2022-09-19,237.59686279296875,238.19930387024996,234.03077398157757,235.60490186828736,26826900,MSFT,-0.0008989962822965047,245.69240243094308,2022,9
2022-09-20,235.58547973632812,236.6154654509246,232.85504199150714,235.21624880625103,26660300,MSFT,-0.00846552868163608,242.63715253557478,2022,9
2022-09-21,232.1845703125,240.64796931692138,232.13598300454865,237.35395148181902,28625600,MSFT,-0.01443598912647115,238.79205104282923,2022,9
2022-09-22,234.15708923339844,236.9555520614077,230.8436483959942,231.13514258494146,31061200,MSFT,0.008495478051119498,237.26372419084822,2022,9
2022-09-23,231.18374633789062,234.30286782239332,228.54075677381346,232.75787437724338,34176000,MSFT,-0.012698069083631691,235.27870614188058,2022,9
2022-09-26,230.72708129882812,234.61382940182548,230.1926504693125,230.33841241923534,27694200,MSFT,-0.0019753336741721306,234.17792619977678,2022,9
2022-09-27,229.7165069580078,234.95389883278438,227.86058139335248,233.18542153198845,27018700,MSFT,-0.0043799554657021345,233.02161952427454,2022,9
2022-09-28,234.2445831298828,235.46890336480436,228.08407652025923,230.10518718115333,29029700,MSFT,0.019711583777054065,232.54272242954798,2022,9
2022-09-29,230.775634765625,233.15626466417,227.77312585488747,232.12627894023532,27484200,MSFT,-0.014809086801099491,231.85560171944755,2022,9
2022-09-30,226.30584716796875,233.7295336409088,226.1406621930938,231.5432383662329,35694800,MSFT,-0.01936854210019079,231.01578412737166,2022,9
2022-10-03,233.92388916015625,234.76925194456734,228.01603154626426,228.74479665745017,28880400,MSFT,0.033662594614858765,230.9824698311942,2022,10
2022-10-04,241.83348083496094,243.2715735358196,238.04389239553575,238.15077856547057,34888400,MSFT,0.03381267173353719,232.5038604736328,2022,10
2022-10-05,242.14437866210938,243.48531136271737,237.18878424235803,239.0252719369114,20347100,MSFT,0.0012855863715603988,234.13490295410156,2022,10
2022-10-06,239.8026123046875,243.25210389130189,239.11272288342423,240.9103348181627,20239900,MSFT,-0.009670950737574624,235.57577514648438,2022,10
2022-10-07,227.60797119140625,234.4875170205017,226.56825897097391,234.07939542761454,37769600,MSFT,-0.050852828482898405,234.62768772670202,2022,10
2022-10-10,222.7592010498047,227.91885563531727,220.3105461386793,226.45161389079223,29743600,MSFT,-0.021303164894536986,233.48248291015625,2022,10
2022-10-11,219.02793884277344,222.5745899538486,217.76474295842993,221.17535850206903,30474000,MSFT,-0.016750204657975054,232.44278172084265,2022,10
2022-10-12,219.3583221435547,221.4085821373912,217.61900908089987,219.01822579092038,21903900,MSFT,0.0015084071124753518,230.3619864327567,2022,10
2022-10-13,227.60797119140625,229.41530962809037,212.9257798365081,213.62539567179016,42551800,MSFT,0.03760809695860434,228.32977076939173,2022,10
2022-10-14,222.0887908935547,230.52304223992596,221.8750185553373,228.87116238519738,30198600,MSFT,-0.024248624812925446,225.46468680245536,2022,10
2022-10-17,230.80477905273438,232.1942989747583,228.4824480465505,229.14320282236488,28142300,MSFT,0.039245511329552896,224.17928205217635,2022,10
2022-10-18,231.747314453125,237.02356694835538,228.7059298585046,236.3531154742312,26329600,MSFT,0.004083691006135037,224.77061680385046,2022,10
2022-10-19,229.78451538085938,232.82590014122383,227.65651868442322,230.32865767594038,19985700,MSFT,-0.008469565556336267,225.77423313685827,2022,10
2022-10-20,229.46385192871094,234.47775981300623,228.22009390223283,229.09462099466492,21811000,MSFT,-0.0013954963484678062,227.26507786342077,2022,10
2022-10-21,235.26480102539062,236.11989014579166,227.86055242464258,228.09376259205115,26299700,MSFT,0.02528044852346456,229.53743198939733,2022,10
2022-10-24,240.24961853027344,240.82291032041493,234.4680836583969,236.8584254528165,24911200,MSFT,0.021188114342463038,231.34338160923548,2022,10
2022-10-25,243.5630340576172,243.93226498550914,238.86978470276068,240.2592898081023,34775500,MSFT,0.013791553749860519,234.41113063267298,2022,10
2022-10-26,224.77059936523438,231.55296912820415,223.5462644989959,224.62483744809148,82543200,MSFT,-0.07715634995718312,233.54910496303015,2022,10
2022-10-27,220.3300323486328,227.07354265696634,219.3874947506803,224.49856315131885,40424600,MSFT,-0.019755995798124815,231.9180646623884,2022,10
2022-10-28,229.1917724609375,229.9011145363862,219.64981530818488,219.83443818188346,40647700,MSFT,0.04022030050938574,231.83338710239954,2022,10
2022-10-31,225.55767822265625,228.26867807032616,224.605414413329,227.14151774097857,28357300,MSFT,-0.01585612868760644,231.2753622872489,2022,10
2022-11-01,221.70980834960938,229.06548563639697,220.89359487464492,227.95776311272633,30592300,MSFT,-0.01705936106173478,229.33893476213728,2022,11
2022-11-02,213.8682861328125,224.7511761173168,213.80997246609851,222.96327583397812,38407000,MSFT,-0.03536840465096491,225.57017299107142,2022,11
2022-11-03,208.1839141845703,214.16950892795055,207.9215545752939,213.85856200928737,36633900,MSFT,-0.026578844629222775,220.5160130092076,2022,11
2022-11-04,215.12176513671875,215.31609955402047,207.3871307832787,211.39049094816932,36789100,MSFT,0.03332558607769043,219.13760811941964,2022,11
2022-11-07,221.41831970214844,221.94303900351989,215.01490570624847,215.70481002419461,33498000,MSFT,0.029269723411891713,219.29307774135046,2022,11
2022-11-08,222.38998413085938,225.09127262477088,219.44577390313017,222.22479913107526,28192500,MSFT,0.004388365109165404,218.32139369419642,2022,11
2022-11-09,218.15342712402344,222.1567873542891,217.97853059362552,220.93245233444006,27852900,MSFT,-0.019050125046742417,217.2636435372489,2022,11
2022-11-10,236.10049438476562,236.44059075290608,228.3464365627671,228.76425484048087,46268000,MSFT,0.08226809680390224,219.31945582798548,2022,11
2022-11-11,240.11358642578125,240.96867577045532,235.08023981976947,236.11024054256671,34620200,MSFT,0.016997389401801177,223.06878444126673,2022,11
2022-11-14,234.7109832763672,237.00416504738854,232.4372393956365,235.13852790216598,31123300,MSFT,-0.022500197634938934,226.85836574009485,2022,11
2022-11-15,235.11907958984375,240.00666349429483,233.23400463788948,238.70460661108956,31390100,MSFT,0.001738718434816544,229.71512494768416,2022,11
2022-11-16,235.54779052734375,237.5648577519869,234.27129594257252,236.58067882132508,24093300,MSFT,0.001823377916619462,231.7336207798549,2022,11
2022-11-17,235.49908447265625,237.02893923380267,231.5526741520921,231.6988319904281,23123500,MSFT,-0.00020677780325795148,233.6063494001116,2022,11
2022-11-18,235.05087280273438,237.50642872973486,232.91687900998218,237.28230020466626,27613500,MSFT,-0.0019032416662065899,236.02027021135603,2022,11
2022-11-21,235.85963439941406,238.41262379283273,235.02162809086872,235.2554806346632,26394700,MSFT,0.003440793846183343,235.9858616420201,2022,11
2022-11-22,238.763427734375,239.0362656262226,234.55391821119068,237.36025293713024,19665700,MSFT,0.01231153156984699,235.79298182896204,2022,11
2022-11-23,241.2482147216797,241.93030944994973,238.02286939557064,238.8413830694947,19508500,MSFT,0.010406899460620123,236.72687203543526,2022,11
2022-11-25,241.16049194335938,242.33953807886874,240.4199192943966,240.98508768019255,9200800,MSFT,-0.00036362042480408974,237.58993094308036,2022,11
2022-11-28,235.57704162597656,240.34198047417644,234.64160171816698,239.78656581676748,24778200,MSFT,-0.023152425475621352,237.59410967145647,2022,11
2022-11-29,234.18359375,236.58067124825368,232.1178172281639,235.2262209095606,17956300,MSFT,-0.005915041068343729,237.40618242536272,2022,11
2022-11-30,248.6148681640625,248.80001134833023,233.72565090628407,234.41749940509243,47594200,MSFT,0.06162376357358501,239.3438960484096,2022,11
2022-12-01,248.1763916015625,249.56981269736582,244.50280391577542,247.37735568786078,26041500,MSFT,-0.001763677955940457,241.10343279157365,2022,12
2022-12-02,248.49795532226562,249.51135113758676,243.30426645593676,243.43094650855843,21528500,MSFT,0.001295706326568613,242.49407958984375,2022,12
2022-12-05,243.80120849609375,247.32863821310553,241.7159389367775,245.56491592032455,23435300,MSFT,-0.01890054515772932,242.8587929861886,2022,12
2022-12-06,238.8511199951172,245.4187517382797,237.54539368771614,244.4053559887348,22463700,MSFT,-0.02030378984383041,242.5288827078683,2022,12
2022-12-07,238.12026977539062,239.86449912487623,236.0155227459376,238.5685118877335,20481500,MSFT,-0.00305985678334475,242.89220101492745,2022,12
2022-12-08,241.07281494140625,242.37855615254333,236.84381267858302,238.5782885351059,22611800,MSFT,0.012399386111903166,243.87637547084265,2022,12
2022-12-09,239.14346313476562,241.9595517487918,237.91569256943419,238.44187570641893,20609700,MSFT,-0.008003191098546525,242.52331760951452,2022,12
2022-12-12,246.05210876464844,246.0813403319802,240.84868161991452,241.12151949404333,30665100,MSFT,0.028889125963646123,242.2198486328125,2022,12
2022-12-13,250.3493194580078,257.1702954217934,246.59777673050667,254.9973166594046,42196900,MSFT,0.01746463671835352,242.4843292236328,2022,12
2022-12-14,250.64169311523438,255.87435255775398,247.80611173983112,250.55399840099744,35410900,MSFT,0.0011678628001048352,243.46154131208147,2022,12
2022-12-15,242.6416015625,247.69887047650548,241.01431334412206,247.23115056709423,35560400,MSFT,-0.031918438841124,244.00303867885046,2022,12
2022-12-16,238.43211364746094,243.45039767115878,237.28228413602537,242.19339565744826,86102000,MSFT,-0.01734858279838203,244.04758780343192,2022,12
2022-12-19,234.30055236816406,238.93882615281237,232.60506192023936,238.59777136210013,29696400,MSFT,-0.017328040321807014,243.08012172154017,2022,12
2022-12-20,235.61602783203125,236.69764045155708,232.32246573736623,233.2773983167744,25150800,MSFT,0.0056144787136487295,242.57620239257812,2022,12
2022-12-21,238.17874145507812,239.33830980722615,233.96923237652257,235.5088259570718,23690600,MSFT,0.010876652350976013,241.45143563406808,2022,12
2022-12-22,232.0983428955078,235.80116166317555,227.88881885599957,235.08982055529697,28651700,MSFT,-0.025528720667613025,238.84415326799666,2022,12
2022-12-23,232.6245574951172,232.76097644811597,227.95706665386177,230.07156785961826,21207000,MSFT,0.0022672053278995907,236.27027675083704,2022,12
2022-12-27,230.89979553222656,232.81939944393886,229.7986903288203,232.59528581734625,16688600,MSFT,-0.007414358920067254,234.59287588936942,2022,12
2022-12-28,228.53196716308594,233.58923690976746,228.1811734561326,230.83161149343562,17457100,MSFT,-0.010254787639299323,233.17856924874442,2022,12
2022-12-29,234.84622192382812,235.73295246137508,229.62330203859167,229.62330203859167,19770700,MSFT,0.027629634659540603,233.25652204241072,2022,12
2022-12-30,233.6866912841797,233.8231102365172,230.60750365307476,232.11786589802279,21938500,MSFT,-0.004937403847290911,232.98090253557478,2022,12
2023-01-03,233.4528045654297,239.46500660940322,231.32854977617055,236.86329296068058,25740000,MSFT,-0.0010008559643029935,232.30576869419642,2023,1
2023-01-04,223.24085998535156,226.91443295403656,220.18116489402158,226.33952554962818,50623400,MSFT,-0.04374307945919764,231.04041399274553,2023,1
2023-01-05,216.62449645996094,221.73049062967846,216.088559545531,221.389435810891,39585600,MSFT,-0.029637780134984082,228.75469098772322,2023,1
2023-01-06,219.17745971679688,219.98623444144232,213.74018002094996,217.2968261609176,43613600,MSFT,0.011785201113244437,227.08007158551897,2023,1
2023-01-09,221.31143188476562,225.3260735512424,220.6195983653601,220.6585688285959,27369800,MSFT,0.00973627566779034,226.04856654575892,2023,1
2023-01-10,222.99720764160156,225.3942852499652,221.51607720978163,221.93507289887148,27033900,MSFT,0.007617210473400693,224.35585021972656,2023,1
2023-01-11,229.74024963378906,229.91563904515138,225.1994243157805,225.37481372714282,28669300,MSFT,0.030238235103933864,223.79207284109933,2023,1
2023-01-12,232.41015625,233.7646067249311,227.58675433530573,229.24327425256297,27269500,MSFT,0.011621414273149,223.64312308175224,2023,1
2023-01-13,233.1117401123047,233.24815904771603,228.91196981298216,230.93877604519966,21333300,MSFT,0.0030187315116727564,225.0532488141741,2023,1
2023-01-17,234.20309448242188,234.74877019615067,231.0264589269251,231.8839578305264,29831300,MSFT,0.004681679136329331,227.5644771030971,2023,1
2023-01-18,229.77920532226562,236.18118605908887,229.49662855484155,235.39190402162816,30028700,MSFT,-0.01888911489377565,229.07901218959265,2023,1
2023-01-19,225.99847412109375,229.49667257988827,224.78044238060093,227.8011670444437,28623000,MSFT,-0.016453756970172262,229.74858965192522,2023,1
2023-01-20,234.07644653320312,234.583151851916,228.51247153332469,228.85352633542087,35389800,MSFT,0.035743482089976686,231.33133806501115,2023,1
2023-01-23,236.37606811523438,238.89982582882288,233.52099453170575,234.93392297440502,31934000,MSFT,0.009824233134473337,232.27931213378906,2023,1
2023-01-24,235.84986877441406,237.71102447414427,234.2907973761476,236.2981109084017,40234400,MSFT,-0.002226110896149547,232.77069963727678,2023,1
2023-01-25,234.45645141601562,237.07765762154605,224.9947760426561,228.48322009420318,66526600,MSFT,-0.005908069254561332,232.96280125209265,2023,1
2023-01-26,241.65748596191406,241.9595554403983,235.81093388219034,237.41872975669403,33454500,MSFT,0.030713740237930276,234.0277143205915,2023,1
2023-01-27,241.81336975097656,243.44065810829167,240.51738240492458,242.62214447980068,26498900,MSFT,0.0006450608738315378,235.74688066755022,2023,1
2023-01-30,236.5027618408203,239.31885025276583,236.00579544141553,238.25671541727394,25867400,MSFT,-0.021961597556103718,237.24749319893974,2023,1
2023-01-31,241.47232055664062,241.60873949787776,236.73661321290928,237.22382584140612,26541100,MSFT,0.021012687873662506,238.30404663085938,2023,1
2023-02-01,246.28598022460938,248.65382642873757,239.19216564342997,241.65746031930018,31259900,MSFT,0.01993462296992199,239.7197483607701,2023,2
2023-02-02,257.8329162597656,257.92061096012765,250.6708850258921,252.20073974099043,39940400,MSFT,0.04688426042207361,242.8601837158203,2023,2
2023-02-03,251.74276733398438,257.44316094972766,250.52473578092378,252.90233575146593,29077300,MSFT,-0.023620525315881102,245.32965741838728,2023,2
2023-02-06,250.20315551757812,251.69402492949268,248.2640588264018,250.85603350578165,22518000,MSFT,-0.006115813505631618,246.55046735491072,2023,2
2023-02-07,260.71722412109375,261.8962703770989,253.42851236094478,253.8670156294018,50841400,MSFT,0.04202212630678415,249.25101797921317,2023,2
2023-02-08,259.9084777832031,269.681962608756,259.4017575821844,266.2130108288476,54686000,MSFT,-0.0031020057866026907,252.59469168526786,2023,2
2023-02-09,256.8780212402344,266.9730839280978,256.0789852689524,266.79766475449935,42375100,MSFT,-0.011659706404408055,254.7955060686384,2023,2
2023-02-10,256.37127685546875,257.3359482905629,253.99367698119255,254.84142214986286,25818500,MSFT,-0.0019727043299345715,256.2362627301897,2023,2
2023-02-13,264.3810729980469,267.5771867135627,260.3177065131593,260.7951951195851,44630900,MSFT,0.03124295451823844,257.17171369280135,2023,2
2023-02-14,265.2093505859375,267.9377295681392,262.39324715689656,265.69656324255214,37047900,MSFT,0.003132892905297835,259.0955113002232,2023,2
2023-02-15,263.0895080566406,264.4668924311176,260.0221350925757,262.1126422431033,28922400,MSFT,-0.007993091211201397,260.93641880580356,2023,2
2023-02-16,256.08538818359375,260.569199060256,255.8411717100615,257.91212263576193,29603600,MSFT,-0.026622573909480862,260.2747279575893,2023,2
2023-02-17,252.0900115966797,254.0730481798603,250.07767022898236,253.3892599372768,30000100,MSFT,-0.015601735871199618,259.1578042166574,2023,2
2023-02-21,246.82472229003906,249.57949147395604,245.7697052561427,248.5928473067925,28397400,MSFT,-0.020886544743647373,257.72161865234375,2023,2
2023-02-22,245.6915283203125,248.45606050673507,244.5485970470492,248.2118440405047,22491100,MSFT,-0.004591087793851423,256.19594029017856,2023,2
2023-02-23,248.87612915039062,250.89823380940385,244.68536609831472,249.6478466517071,29219100,MSFT,0.012961785259141267,253.98094831194197,2023,2
2023-02-24,243.45452880859375,245.19334897539824,242.36044373441328,244.17741496448653,24990900,MSFT,-0.02178433247216216,250.87311662946428,2023,2
2023-02-27,244.37278747558594,246.97125445707402,243.62059652709382,246.61958212194187,21190000,MSFT,0.003771787164880136,248.19929940359933,2023,2
2023-02-28,243.64987182617188,245.67199123491113,242.9758320232588,243.30797773153637,22491000,MSFT,-0.0029582493897210016,246.42279706682478,2023,2
2023-03-01,240.57275390625,245.12493737930367,240.10384757221487,244.95887197567075,27565300,MSFT,-0.012629261394059732,244.77747453962053,2023,3
2023-03-02,245.30078125,245.58406578455748,239.92801913938823,240.84627541231006,24808200,MSFT,0.019653212040763757,244.5597686767578,2023,3
2023-03-03,249.38409423828125,249.7064617806796,245.57432311137507,246.35581882878407,30760100,MSFT,0.016646147507046516,245.08727809361048,2023,3
2023-03-06,250.92752075195312,254.10233469653934,250.05811076028263,250.49769740222126,24109800,MSFT,0.006188953302679989,245.38033403669084,2023,3
2023-03-07,248.27044677734375,251.7285601912726,247.5280341065123,250.37070236682902,21473200,MSFT,-0.010589009793134485,246.06832231794084,2023,3
2023-03-08,247.83087158203125,248.65143534651415,245.00772977586786,248.1630024049233,17340200,MSFT,-0.0017705498218509863,246.56233433314733,2023,3
2023-03-09,246.48281860351562,253.55531839675493,245.75993244925678,249.90184935839267,26653400,MSFT,-0.005439407003293484,246.967041015625,2023,3
2023-03-10,242.839111328125,246.9419454788028,241.87202354389905,245.27151299379872,28333900,MSFT,-0.014782804318915987,247.29080636160714,2023,3
2023-03-13,248.0457763671875,251.94347649871762,240.04524262160942,241.67660681243697,33339700,MSFT,0.021440800909649393,247.68294852120536,2023,3
2023-03-14,254.75685119628906,255.03037243949342,249.94089484584663,250.8103048487011,33620300,MSFT,0.027055791585691047,248.4504852294922,2023,3
2023-03-15,259.29925537109375,260.3152041308793,253.21337082147616,253.96557655248083,46028000,MSFT,0.017830351385937027,249.64644731794084,2023,3
2023-03-16,269.81036376953125,270.1620211712839,257.1892436798215,259.07458764401633,54768800,MSFT,0.04053659307040669,252.72357831682478,2023,3
2023-03-17,272.9656066894531,276.7753773938965,269.9275683237235,271.8226903839095,69527400,MSFT,0.011694298454069108,256.3142547607422,2023,3
2023-03-20,265.9322204589844,271.0607665452562,263.607274796688,270.57233358465885,43466600,MSFT,-0.025766565670196195,259.0927407400949,2023,3
2023-03-21,267.44635009765625,268.6381277112385,263.28489174322317,268.5209085708176,34558700,MSFT,0.005693667491884158,262.60806056431363,2023,3
2023-03-22,265.9908142089844,274.5383905110529,265.8833434620223,267.0751210074597,34873300,MSFT,-0.005442347177818663,265.17163739885603,2023,3
2023-03-23,271.2366027832031,274.55794104511676,268.83352089762093,271.51012405626466,36610900,MSFT,0.019721690727624974,267.525887625558,2023,3
2023-03-24,274.0792541503906,274.1378637154936,268.9116255422268,270.82627422927686,28172000,MSFT,0.01048033833936346,269.63731602260043,2023,3
2023-03-27,269.9862060546875,274.9486717802247,269.1460858667074,274.0108888501196,26840200,MSFT,-0.014933812150033088,269.66243634905135,2023,3
2023-03-28,268.8628234863281,269.75177506940884,265.756367139309,269.40986602798046,21878600,MSFT,-0.004160888753449221,269.0763244628906,2023,3
2023-03-29,274.0206604003906,274.63609068107115,271.9692360686493,272.5065003836282,25087000,MSFT,0.019183897748231482,270.23181588309154,2023,3
2023-03-30,277.478759765625,277.8792783804837,274.9682369436602,277.65461829253616,25053400,MSFT,0.012619849029564145,271.6650172642299,2023,3
2023-03-31,281.63043212890625,282.57799326147335,276.45305469008514,277.1661775421266,32766000,MSFT,0.014962126711204782,273.8992483956473,2023,3
2023-04-03,280.5851745605469,281.60109352855216,277.38105592793227,279.89157837797717,24883300,MSFT,-0.003711451068899252,275.23475864955356,2023,4
2023-04-04,280.5363464355469,283.7307170583828,279.0612991751383,280.585207618267,25824300,MSFT,-0.00017402246956377265,276.1572004045759,2023,4
2023-04-05,277.7620849609375,280.5070761358077,276.3749518849941,279.2371622142725,22064800,MSFT,-0.009889133831885721,277.2680402483259,2023,4
2023-04-06,284.8540954589844,285.3229720001434,275.50548186907776,276.65817644820123,29770300,MSFT,0.025532680239796823,279.55250767299106,2023,4
2023-04-10,282.69525146484375,282.9003849670169,278.123496163904,282.5193929371124,23103000,MSFT,-0.007578771127240036,280.79173496791293,2023,4
2023-04-11,276.2869567871094,279.364108081122,275.1245138457469,279.1394182021938,27276600,MSFT,-0.022668561443916935,280.62147739955356,2023,4
2023-04-12,276.93170166015625,280.37028867291156,275.43709804068334,278.20164520430563,27403400,MSFT,0.0023336059021550337,279.95023018973217,2023,4
2023-04-13,283.1348571777344,283.1934667568059,276.6191772077297,277.0294442612303,24222700,MSFT,0.022399586180965603,280.31447056361606,2023,4
2023-04-14,279.5204162597656,281.8062788337825,277.1270829372931,280.36050660414264,20987900,MSFT,-0.012765792788627994,280.1693376813616,2023,4
2023-04-17,282.1188659667969,284.85410843164084,279.53995543823305,283.22272922701467,23836200,MSFT,0.009296099876355601,280.79173496791293,2023,4
2023-04-18,281.6988220214844,285.0104118167831,280.3702986730481,284.82480490610715,20161800,MSFT,-0.0014888899537897071,280.34098161969865,2023,4
2023-04-19,281.7769775390625,282.363073223057,277.9574283365994,279.3738659883608,17150300,MSFT,0.00027744353709846514,280.20979963030135,2023,4
2023-04-20,279.4910888671875,282.34355041766946,278.48491818075087,278.6509985011603,23244400,MSFT,-0.008112403972244664,280.6675327845982,2023,4
2023-04-21,279.14923095703125,279.64741233312054,276.5116808961058,278.41658147472793,21676400,MSFT,-0.0012231442209547083,280.9843226841518,2023,4
2023-04-24,275.2514953613281,278.35795159650013,272.27206627525993,275.564099605755,26611000,MSFT,-0.013962910026082409,279.8581281389509,2023,4
2023-04-25,269.04840087890625,275.08542457289633,268.9995397003019,273.04377855903545,45772200,MSFT,-0.022536097303591185,278.3621259416853,2023,4
2023-04-26,288.5368957519531,292.6397447358396,285.957985102446,289.83614418187,64599200,MSFT,0.07243490319728108,279.2789873395647,2023,4
2023-04-27,297.77801513671875,298.13948055653924,288.419653058881,289.1229976897944,46462600,MSFT,0.03202751371079393,281.57601492745533,2023,4
2023-04-28,300.15185546875,301.78320498757233,296.2932228599409,296.9770409817703,36469600,MSFT,0.007971845506933528,284.2009974888393,2023,4
2023-05-01,298.4911804199219,301.46086148521374,298.09066177200543,299.868565093512,21294100,MSFT,-0.005532782884965504,286.91529628208707,2023,5
2023-05-02,298.3445739746094,302.02734714079963,296.8792753413104,300.64021446242646,26404400,MSFT,-0.0004911583823222765,289.65748814174106,2023,5
2023-05-03,297.3579406738281,301.4705373047011,297.05511466369126,299.52658392125915,22360800,MSFT,-0.003307026126324719,292.8155517578125,2023,5
2023-05-04,298.3445739746094,300.64021446242646,296.3810642662841,299.15535943460753,22519900,MSFT,0.003317998835159708,297.00071934291293,2023,5
2023-05-05,303.4634094238281,304.7528796666807,297.2309997282912,298.6474673178527,28197100,MSFT,0.017157461190007828,299.1330784388951,2023,5
2023-05-08,301.5096740722656,303.02383420465094,299.0088995873121,302.9554464323352,21318600,MSFT,-0.0064381249629797965,299.66617257254467,2023,5
2023-05-09,299.8977966308594,302.86747697079767,299.223756852854,300.8746624179306,21340800,MSFT,-0.005346022300498077,299.62987845284596,2023,5
2023-05-10,305.0849609375,305.7590007361898,300.5523190484158,301.4803236876646,30078000,MSFT,0.017296440203678598,300.5718470982143,2023,5
2023-05-11,302.93585205078125,303.922496091225,299.17494240713177,302.92610366423224,31680200,MSFT,-0.00704429638260351,301.22774396623885,2023,5
2023-05-12,301.822265625,303.4633932219653,299.50709815578426,303.36570066728314,19774700,MSFT,-0.0036759809650875885,301.8655046735491,2023,5
2023-05-15,302.30096435546875,302.73078780931957,300.47422958239594,301.94930688136526,16336500,MSFT,0.0015860285505360228,302.43070329938615,2023,5
2023-05-16,304.5281982421875,306.4526254606031,302.66238059902645,302.66238059902645,26730300,MSFT,0.007367604306084186,302.5828159877232,2023,5
2023-05-17,307.4064025878906,307.82736596878567,304.21484884759707,305.73231876094286,24315000,MSFT,0.009451355776958659,303.42520577566967,2023,5
2023-05-18,311.83148193359375,312.34058172844885,307.1322876651915,307.925276324525,27276000,MSFT,0.014394883478192844,305.13001796177457,2023,5
2023-05-19,311.6553039550781,312.05669811668946,309.7266699904712,310.0888957303577,27546700,MSFT,-0.0005649781652038444,306.06863839285717,2023,5
2023-05-22,314.4356384277344,315.8160338813464,311.33222095812204,311.90982815472574,24115700,MSFT,0.00892118451819135,307.71146501813615,2023,5
2023-05-23,308.6400451660156,315.94338852803963,308.6302455897329,313.3098719090763,30797200,MSFT,-0.01843173150059685,308.6854335239955,2023,5
2023-05-24,307.2596130371094,309.8539609209706,306.04563091509715,308.1211390989395,23384900,MSFT,-0.004472628067960893,309.39381190708707,2023,5
2023-05-25,319.076171875,320.03557419335544,313.2804700336066,316.4524252321356,43301700,MSFT,0.038457897935526786,311.4720938546317,2023,5
2023-05-26,325.8997802734375,326.39905065575283,317.0789683726066,317.2160130284429,36630600,MSFT,0.021385515434573676,314.114004952567,2023,5
2023-05-30,324.2550048828125,328.68987947656177,323.579491610932,328.19060914102903,29503100,MSFT,-0.005046874806865498,315.8887939453125,2023,5
2023-05-31,321.4942932128906,328.8857420420062,320.45652421282057,325.3123928059222,45950600,MSFT,-0.008514014057915964,317.2943638392857,2023,5
2023-06-01,325.5963439941406,326.52640747916024,317.901405640536,319.0859892292781,26773900,MSFT,0.012759326892728629,318.8887503487723,2023,6
2023-06-02,328.3570556640625,330.41296452982044,325.56689576601605,327.2312100565703,25873800,MSFT,0.008478939401025842,321.7054661342076,2023,6
2023-06-05,328.8857727050781,331.45075190474944,327.6326519557442,328.1808904162806,21307100,MSFT,0.0016101893712816562,324.79491751534596,2023,6
2023-06-06,326.6732177734375,328.3277327209836,325.1949458046118,328.2885642949618,20396200,MSFT,-0.006727426709408624,325.88020978655135,2023,6
2023-06-07,316.5894470214844,327.4661371871072,315.72792109217784,324.6857770640945,40717100,MSFT,-0.03086806693454336,324.5501621791295,2023,6
2023-06-08,318.42999267578125,319.7810193360927,316.5600964884988,317.1377037070702,23277700,MSFT,0.005813667106130627,323.718017578125,2023,6
2023-06-09,319.92791748046875,323.0607044418597,317.59788906515115,318.1656968052279,22529000,MSFT,0.004704094586380991,323.49424961635043,2023,6
2023-06-12,324.881591796875,325.1263421252022,318.3320706206992,321.6802383812358,24260300,MSFT,0.015483720068626639,323.3921421595982,2023,6
2023-06-13,327.27044677734375,329.9039634195645,323.45234658796926,327.44665989144784,22951300,MSFT,0.007353001957594252,323.2369123186384,2023,6
2023-06-14,330.2563171386719,331.9206314111561,325.82144214687054,327.3193130414061,26003800,MSFT,0.009123556345310702,323.43270438058033,2023,6
2023-06-15,340.7903747558594,342.49382753852854,330.11926605235976,330.3933852343611,38899100,MSFT,0.031896612026846904,325.4494410923549,2023,6
2023-06-16,335.14154052734375,344.08962778195877,334.769545086919,343.94278354537636,46552000,MSFT,-0.016575685955222297,328.0997401646205,2023,6
2023-06-20,330.951416015625,334.8967905185413,328.8074005290605,332.18496735769014,26375400,MSFT,-0.012502551922168759,329.88851492745533,2023,6
2023-06-21,326.5556945800781,330.6381434386612,325.0969920993696,329.30668603957923,25117800,MSFT,-0.01328207471799836,330.83534022739957,2023,6
2023-06-22,332.5765380859375,332.9779322220441,326.3403043071654,327.1039241601426,23556800,MSFT,0.018437416972935106,331.9346182686942,2023,6
2023-06-23,327.9850158691406,330.86328217867896,326.44800648245837,327.33887140406574,23146900,MSFT,-0.013805911394779269,332.0366995675223,2023,6
2023-06-26,321.6998596191406,329.0521396707675,321.59215393137123,326.7123419071995,21520600,MSFT,-0.019162937164506455,330.81434849330356,2023,6
2023-06-27,327.5444641113281,329.0912729817788,322.3851082652234,324.89134914186997,24354100,MSFT,0.018167880144887016,328.9220755440848,2023,6
2023-06-28,328.7976379394531,330.88291577640626,326.80046664644476,327.6326238415943,20259500,MSFT,0.0038259655266195125,328.0158037458147,2023,6
2023-06-29,328.0144348144531,329.05217399593215,325.6354683820109,327.6815778955593,16997000,MSFT,-0.002382021750242047,327.5962350027902,2023,6
2023-06-30,333.38916015625,335.53317570907825,330.1192989180002,330.6577377615813,26832800,MSFT,0.016385636640769086,328.5724443708147,2023,6
2023-07-03,330.8926086425781,333.7415057423032,329.5024436585688,332.06742204256125,12508700,MSFT,-0.007488400380209814,328.3318830217634,2023,7
2023-07-05,331.0493469238281,334.475852129054,327.7011785685613,328.05360476311387,18172400,MSFT,0.00047368323485064145,328.7696446010045,2023,7
2023-07-06,334.1037902832031,335.78767385230776,328.45496307477555,330.21715360852994,28161200,MSFT,0.009226550022700453,330.5416346958705,2023,7
2023-07-07,330.1388854980469,334.6129295027738,329.9235039739729,332.1947946138884,21214800,MSFT,-0.011867284659642485,330.91226632254467,2023,7
2023-07-10,324.8620300292969,328.1906587789502,320.71107354380314,327.57388310031735,32791400,MSFT,-0.015983744116629395,330.35003662109375,2023,7
2023-07-11,325.4886169433594,325.8704119772488,320.13347775646093,324.10822129809816,26698200,MSFT,0.0019287785464063845,329.9892054966518,2023,7
2023-07-12,330.1192626953125,334.4758007177013,328.62139184518895,329.53185591792584,29995300,MSFT,0.014226751753837696,329.52207728794644,2023,7
2023-07-13,335.4646301269531,336.52193851467035,331.90105061768867,332.42971974992344,20567200,MSFT,0.016192231219703812,330.1752232142857,2023,7
2023-07-14,337.99041748046875,344.0504382444472,337.07995339278386,340.29107663490123,28352700,MSFT,0.007529221046522094,331.1668047223772,2023,7
2023-07-17,338.4701843261719,339.70370584522345,335.01431037964596,338.42121632729265,20363900,MSFT,0.0014194687804451878,331.7905752999442,2023,7
2023-07-18,351.9411926269531,359.0781209733801,334.98491162000175,338.56803033946636,64738600,MSFT,0.0397996896760624,334.90519060407365,2023,7
2023-07-19,347.6238098144531,354.84884504828324,345.03926161088305,354.15376240808007,39732900,MSFT,-0.012267341541563392,338.15687343052457,2023,7
2023-07-20,339.586181640625,350.4531022216543,338.11767966688456,346.1455024073654,33778400,MSFT,-0.023121627307744697,340.17081124441967,2023,7
2023-07-21,336.5513000488281,342.944177986763,332.69403214811535,341.8183323536975,69405400,MSFT,-0.008936999665694945,341.0896737234933,2023,7
2023-07-24,337.8631286621094,339.63514852458513,335.1219369374352,338.5876099496475,26678100,MSFT,0.003897856324105442,341.4323163713728,2023,7
2023-07-25,343.6099548339844,344.500849777994,337.82405242404576,339.8211939588815,41637700,MSFT,0.01700933213586109,342.235107421875,2023,7
2023-07-26,330.6773376464844,337.4324721378603,326.1151869092061,334.27028642489387,58383700,MSFT,-0.037637492760500546,341.12184361049106,2023,7
2023-07-27,323.77532958984375,334.1625196341891,322.1403841798644,333.33039238314757,39635300,MSFT,-0.020872334662435543,337.09814889090404,2023,7
2023-07-28,331.26470947265625,332.8702861605579,326.17391995680913,326.6634206723763,28484900,MSFT,0.02313140995733054,334.7611345563616,2023,7
2023-07-31,328.8661804199219,330.60880180685933,326.3599092198598,329.8451818704879,25446000,MSFT,-0.0072405209011023874,333.2297058105469,2023,7
2023-08-01,329.2772521972656,331.4310667367768,326.6927046265971,328.15140681937135,18311900,MSFT,0.0012499667093128775,332.19055611746654,2023,8
2023-08-02,320.6229553222656,326.6242386250664,319.5068793964864,326.6242386250664,27761300,MSFT,-0.02628270497658103,329.72767421177457,2023,8
2023-08-03,319.800537109375,322.9529221835479,319.10545461953365,319.15439272906985,18253700,MSFT,-0.002565063415574831,326.32632882254467,2023,8
2023-08-04,320.8970642089844,328.10252974603515,320.3683951097149,324.910975755622,23741500,MSFT,0.0034287844214417884,324.9291469029018,2023,8
2023-08-07,323.17816162109375,324.15716309321493,320.64255139351025,321.47470862016405,17741500,MSFT,0.007108501966923031,324.84383719308033,2023,8
2023-08-08,319.203369140625,321.84668466116545,316.21742705872686,320.09426392900343,22327600,MSFT,-0.01229907510003403,323.12078857421875,2023,8
2023-08-09,315.463623046875,320.24112464866727,314.3083787208824,319.614579306117,22373300,MSFT,-0.01171587287383069,321.20613752092635,2023,8
2023-08-10,316.14892578125,321.3670201533067,314.4356732724542,319.1740366258562,20113700,MSFT,0.00217236690479905,319.3306623186384,2023,8
2023-08-11,314.26922607421875,315.63982195899507,312.50700575657817,313.53497507772255,24355500,MSFT,-0.005945614720613834,318.42298671177457,2023,8
2023-08-14,317.2355651855469,317.2551344544102,313.35869882486526,314.6412179157006,18836100,MSFT,0.009438846903284004,318.0565621512277,2023,8
2023-08-15,315.1014099121094,318.26359552742247,314.16157683323723,316.21748596813336,16966300,MSFT,-0.006727351872383047,317.2286115373884,2023,8
2023-08-16,314.33612060546875,318.2800574602853,313.74747018564494,314.72854423868324,20698900,MSFT,-0.0024287079732651096,315.9654628208705,2023,8
2023-08-17,310.88275146484375,315.77830142047725,310.2254186741254,314.47348610040007,21257200,MSFT,-0.01098623070734972,314.7768031529018,2023,8
2023-08-18,310.49029541015625,312.35432993277385,305.6535780676786,308.5379378845716,24755000,MSFT,-0.0012623925027628324,314.0663277762277,2023,8
2023-08-21,315.78814697265625,316.6612873829202,311.03975175794454,311.91289216820854,24040000,MSFT,0.017062857167569723,314.01478794642856,2023,8
2023-08-22,316.357177734375,319.9086615433213,315.3761035356602,319.33965168167043,16084600,MSFT,0.0018019383158418556,314.3130667550223,2023,8
2023-08-23,320.81121826171875,322.96959317403787,317.3382076991705,317.69140993027924,21166400,MSFT,0.014079151164648307,314.8238743373326,2023,8
2023-08-24,313.91424560546875,326.67802778915836,313.9044252847735,326.55048338012807,23281400,MSFT,-0.021498539526206395,314.65427943638394,2023,8
2023-08-25,316.8673095703125,319.20224067535247,312.76639725943465,315.3858781640861,21684100,MSFT,0.009407231453124831,315.015877859933,2023,8
2023-08-28,317.5736999511719,319.97731354583135,315.63116244372804,319.49659681490056,14808500,MSFT,0.002229293964774337,315.9717276436942,2023,8
2023-08-29,322.19451904296875,322.75373841396754,315.78810695872727,315.78810695872727,19284600,MSFT,0.014550383399215105,317.64375959123885,2023,8
2023-08-30,322.5673828125,323.5680676815254,320.2716728612012,322.4496587032038,15222100,MSFT,0.0011572629188068007,318.61222185407365,2023,8
2023-08-31,321.5568542480469,324.64723165247267,320.5953908586677,322.9696033369281,26411000,MSFT,-0.003132767348149712,319.3550327845982,2023,8
2023-09-01,322.4398498535156,325.7068137627579,320.5954255688949,325.039690493004,14942000,MSFT,0.002746001504255302,319.5876944405692,2023,9
2023-09-05,327.23724365234375,328.512657905709,322.4398070250058,322.77336861557694,18553900,MSFT,0.014878414690391306,321.49097987583707,2023,9
2023-09-06,326.5799255371094,328.1300093197078,323.93101369924767,327.07046254856505,17535800,MSFT,-0.0020086898052860125,322.8784964425223,2023,9
2023-09-07,323.6661682128906,326.77615642313435,322.8028181923794,325.02005529596454,18381000,MSFT,-0.00892203438232353,323.7488490513393,2023,9
2023-09-08,327.94366455078125,329.7979091740935,323.2247000080773,323.84278154918144,19530100,MSFT,0.013215765989719186,324.57015555245533,2023,9
2023-09-11,331.5442199707031,332.01514636855427,329.0817141298704,330.8574560496714,16583300,MSFT,0.010979188833710074,325.8525608607701,2023,9
2023-09-12,325.490966796875,330.41597829482106,325.2064768442106,329.46433515175244,17565500,MSFT,-0.018257755102360163,326.4145769391741,2023,9
2023-09-13,329.6997375488281,330.4747944190724,324.9023010902351,325.03963588622577,16544400,MSFT,0.012930530126139095,327.4517037527902,2023,9
2023-09-14,332.28985595703125,334.4089499611632,330.2001630423912,332.73132139955476,20267000,MSFT,0.007855991719797784,328.1735055106027,2023,9
2023-09-15,323.97027587890625,331.01438041340634,323.41105648154235,330.5434840282613,37679800,MSFT,-0.025037117230568784,327.80069841657365,2023,9
2023-09-18,322.832275390625,324.14691123207,320.18336306203616,321.59611231194907,16834200,MSFT,-0.0035126694422626947,327.6815708705357,2023,9
2023-09-19,322.42999267578125,323.15600785929996,318.36836152476627,319.9969481018416,16505900,MSFT,-0.0012461043876638156,326.89390345982144,2023,9
2023-09-20,314.6991271972656,323.3522079151342,314.4440682913458,323.2737351610063,21436500,MSFT,-0.023976880731096828,324.48746163504467,2023,9
2023-09-21,313.482666015625,319.1925255568155,309.0384006890308,313.2177867362956,35560400,MSFT,-0.0038654736429507563,322.77199009486606,2023,9
2023-09-22,311.01031494140625,315.36628640951005,310.16657563325697,315.23874198409163,21447900,MSFT,-0.007886723389342154,320.1020725795201,2023,9
2023-09-25,311.5302734375,311.65781785899316,309.0383368775715,310.59824108043864,17836000,MSFT,0.001671836820562378,317.1364179338728,2023,9
2023-09-26,306.23248291015625,309.9016904509528,304.15258067558153,309.1658848784398,26297600,MSFT,-0.01700570050186989,314.6024475097656,2023,9
2023-09-27,306.8702392578125,308.351641094393,303.8289029340856,306.38949249069975,19410100,MSFT,0.0020825888279243365,312.32215663364957,2023,9
2023-09-28,307.7041015625,309.5092743516403,303.5933986019012,305.10423119085175,19683600,MSFT,0.0027173123946599986,310.2184579031808,2023,9
2023-09-29,309.7742004394531,313.4237979177654,309.0187840307204,311.73634897747024,24147300,MSFT,0.006727563482063825,309.51489693777904,2023,9
2023-10-02,315.7096252441406,315.79794825806266,309.21491966040423,310.29410713051254,20570000,MSFT,0.019160487852982522,309.8330339704241,2023,10
2023-10-03,307.4588317871094,315.3074247202829,305.320067458415,314.75799567015525,21033500,MSFT,-0.02613412071504262,309.32567923409596,2023,10
2023-10-04,312.9233703613281,313.98294710090596,308.05725146031534,308.0866824841923,20720100,MSFT,0.017773236639377243,309.52469308035717,2023,10
2023-10-05,313.31585693359375,313.92414811592056,308.9402741782087,313.0509776654909,16965600,MSFT,0.0012542577814256273,310.53660365513394,2023,10
2023-10-06,321.06634521484375,322.9598111936179,310.3137506624104,310.55901920701876,25673600,MSFT,0.02473698062110108,312.5646187918527,2023,10
2023-10-09,323.577880859375,324.04877728616253,317.063534182084,318.6038277713841,19891200,MSFT,0.007822481807773007,314.8323015485491,2023,10
2023-10-10,322.1749572753906,324.8336598616772,321.4685826836827,324.69629510828605,20557100,MSFT,-0.004335659718947449,316.6038382393973,2023,10
2023-10-11,326.128662109375,326.5210857572993,322.91074029238723,324.9415409038971,20063200,MSFT,0.012271918548296012,318.09227207728793,2023,10
2023-10-12,324.89251708984375,327.3157714229003,322.4986937835042,324.313686937738,19313100,MSFT,-0.0037903599503826824,320.58279854910717,2023,10
2023-10-13,321.5274353027344,327.5119635418574,320.1833385954494,326.0894240178062,21072400,MSFT,-0.010357523211834474,321.81195068359375,2023,10
2023-10-16,326.3445129394531,329.7782723940854,324.34311333126567,324.78457872571454,22158000,MSFT,0.014981855691982293,323.6731872558594,2023,10
2023-10-17,325.7754821777344,327.1489800095309,321.2134933356926,323.3522278123477,18338500,MSFT,-0.0017436504649438467,324.3459211077009,2023,10
2023-10-18,323.8624267578125,329.23872476588883,322.08668464832255,326.1973884107362,23153600,MSFT,-0.005872312450076134,324.3865705217634,2023,10
2023-10-19,325.04949951171875,330.5042694735543,324.6472555112947,325.86377789501114,25052100,MSFT,0.0036653611405004227,324.7972194126674,2023,10
2023-10-20,320.487548828125,325.638188807879,319.2906370066579,325.441961975503,25027700,MSFT,-0.014034633772537997,323.99134608677457,2023,10
2023-10-23,323.08734130859375,326.4328077015871,318.25065300887303,319.31019990102027,24374700,MSFT,0.008111992150631187,323.7334638323103,2023,10
2023-10-24,324.2744140625,325.55961871050516,321.39987419726737,325.02983032476106,31153600,MSFT,0.0036741543295948365,324.12588936941967,2023,10
2023-10-25,334.2225341796875,339.64787287454516,331.2302401447983,338.4901826566504,55053800,MSFT,0.030678091412016606,325.2513209751674,2023,10
2023-10-26,321.6844482421875,335.1643987741883,320.75241573436665,334.0950314410102,37828500,MSFT,-0.03751418487766944,324.66688755580356,2023,10
2023-10-27,323.56805419921875,330.3472799837888,322.1847360926127,324.1763153652428,29856500,MSFT,0.005855446128415709,324.6248343331473,2023,10
2023-10-30,330.92608642578125,333.02559927042574,325.5497898368821,327.09990360704097,22828100,MSFT,0.02274029259400323,325.464346749442,2023,10
2023-10-31,331.7109680175781,332.5841383863149,328.355711175483,332.4369832511366,20265300,MSFT,0.0023717731058137126,327.0676923479353,2023,10
2023-11-01,339.5202941894531,340.84475010797416,333.2217857907102,333.35915052507676,28158800,MSFT,0.023542562425795888,329.4152570452009,2023,11
2023-11-02,341.727783203125,342.22811070154637,338.2449517203371,340.6682062676254,24348100,MSFT,0.006501788115322871,331.9085954938616,2023,11
2023-11-03,346.1229553222656,347.6828896003234,340.75647841286957,343.01296696867126,23637700,MSFT,0.012861617741300568,333.60865565708707,2023,11
2023-11-06,349.7823791503906,350.7732736613575,346.66257041725754,346.7606838240873,23828300,MSFT,0.010572612338634935,337.62264578683033,2023,11
2023-11-07,353.7066650390625,355.6001309786841,350.86155596843827,352.59804644995546,25833900,MSFT,0.011219221214641584,341.92816162109375,2023,11
2023-11-08,356.32611083984375,356.9834136941428,353.72624062685685,354.8348591059033,26767800,MSFT,0.007405700993765363,345.5567365373884,2023,11
2023-11-09,353.8636474609375,357.8860575764988,353.53987621597344,355.44316251543404,24847300,MSFT,-0.006910701472598646,348.7214050292969,2023,11
2023-11-10,362.6736755371094,363.0955302142946,354.23643229337705,354.6484666487655,28042100,MSFT,0.024896674578996913,352.0290309361049,2023,11
2023-11-13,359.740234375,361.49636535118015,358.9749977946541,361.2510968326077,19986500,MSFT,-0.008088376300720013,354.6022382463728,2023,11
2023-11-14,363.2623596191406,364.91058714916625,360.3976395136401,363.98837493903653,27683900,MSFT,0.00979074595384044,357.0507245744978,2023,11
2023-11-15,363.4098205566406,366.81121863639925,360.89314538692616,364.99254154145893,26860100,MSFT,0.00040593508684638735,358.9975019182478,2023,11
2023-11-16,369.7997131347656,369.97665770103697,363.91113117269197,364.6779209606421,27182300,MSFT,0.01758315878293404,361.2965087890625,2023,11
2023-11-17,363.58673095703125,368.03017560302834,360.7849886688486,367.2830363259732,40157000,MSFT,-0.016800938337856897,362.333740234375,2023,11
2023-11-20,371.0481872558594,372.45396350296016,364.7172440162698,364.93351959280636,52465100,MSFT,0.020521805840350904,364.7886744907924,2023,11
2023-11-21,366.7522277832031,369.848877892723,364.83523819118903,369.30820390562985,28423100,MSFT,-0.011577901793369816,365.37132481166293,2023,11
2023-11-22,371.45123291015625,373.358382009187,368.6200000208417,371.5986867063138,23345300,MSFT,0.012812478755359624,367.04432460239957,2023,11
2023-11-24,371.03839111328125,371.56925486439644,368.7871927998492,370.9400785666633,10176600,MSFT,-0.0011114293352604276,368.15518624441967,2023,11
2023-11-27,372.1983947753906,374.19404643508545,369.82923344697656,370.3993982063347,22179200,MSFT,0.0031263709898827763,369.4106968470982,2023,11
2023-11-28,376.2191162109375,376.51402381152496,371.7559911838167,371.9427759977799,20453100,MSFT,0.010802629704981026,370.32775442940846,2023,11
2023-11-29,372.4343566894531,377.79204546279357,371.0482307864117,377.2612117132878,28963400,MSFT,-0.01005998727444335,371.5917009626116,2023,11
2023-11-30,372.4932861328125,373.653296016865,369.1115390125993,372.0803854957098,30554400,MSFT,0.0001582277314133851,371.7981436593192,2023,11
2023-12-01,368.1678466796875,371.75602952719976,365.0220252786822,370.37974391455106,33040500,MSFT,-0.011612127289678864,372.0003749302455,2023,12
2023-12-04,362.8887939453125,363.2623336149724,356.7544451480774,362.84946292716745,32063300,MSFT,-0.01433871203578474,370.7771693638393,2023,12
2023-12-05,366.2115478515625,366.7620621293834,359.42840192780073,360.24436309009894,23065000,MSFT,0.009156397115835935,370.0876203264509,2023,12
2023-12-06,362.55450439453125,367.8434010010659,361.7975548433351,367.2142547508921,21182100,MSFT,-0.00998615002308334,368.70992170061385,2023,12
2023-12-07,364.6680603027344,365.1595929193976,360.11646347231,361.9941216680558,23118900,MSFT,0.005829622532845802,367.0597708565848,2023,12
2023-12-08,367.892578125,368.11866396815253,361.99418568198814,362.94776032697274,20154400,MSFT,0.008842336835281683,366.4109453473772,2023,12
2023-12-11,365.01220703125,365.30714468081317,359.90028444738044,362.2399851303358,27708800,MSFT,-0.007829380816623432,365.3422197614397,2023,12
2023-12-12,368.0400390625,368.07937007976545,364.1864093914376,364.56981930802976,24838300,MSFT,0.008295152800165795,365.32396153041293,2023,12
2023-12-13,368.0301818847656,371.2448248811306,364.4911405130115,369.65223376326037,30955500,MSFT,-2.6782895033550247e-05,366.0584455217634,2023,12
2023-12-14,359.7331237792969,367.430542857679,357.9636180145618,366.98815141610726,43277500,MSFT,-0.022544504537583387,365.1329563685826,2023,12
2023-12-15,364.4518127441406,366.09351500946013,360.0771601195224,360.6375145457429,78502300,MSFT,0.013117193421806617,365.4040004185268,2023,12
2023-12-18,366.3392639160156,366.68334275789977,362.43649362550525,363.1934730778045,21802900,MSFT,0.005178877168049878,365.6427437918527,2023,12
2023-12-19,366.93902587890625,366.93902587890625,363.5769287808174,365.1989808015048,20603700,MSFT,0.0016371763061360234,365.5065220424107,2023,12
2023-12-20,364.3437194824219,369.66210727216645,364.2552471902659,368.649551038678,26316700,MSFT,-0.007072854652807825,365.41102382114957,2023,12
2023-12-21,367.2142639160156,368.0695260278655,363.77353495979867,366.25084900799567,17708000,MSFT,0.00787867137567666,365.29305594308033,2023,12
2023-12-22,368.2366027832031,368.8264479888416,366.39827539290235,367.3518499751321,17107500,MSFT,0.002784039095554691,365.32254464285717,2023,12
2023-12-26,368.3153381347656,370.5567263617858,367.17497851038286,368.64957681765344,12673100,MSFT,0.00021381728749236828,366.548575265067,2023,12
2023-12-27,367.7352294921875,368.70845450062126,366.4965576627112,367.3616598927727,14905400,MSFT,-0.0015750325400943899,367.0176348005022,2023,12
2023-12-28,368.9247741699219,370.0847841167637,367.82374574574834,369.01324645392424,14327000,MSFT,0.0032347857434738003,367.3869934082031,2023,12
2023-12-29,369.6719055175781,370.77293391810167,367.15526060187455,369.6325745030526,18730800,MSFT,0.0020251590567137434,367.77740478515625,2023,12
2024-01-02,364.5894470214844,369.5342646061022,360.55887302589025,367.5288028618132,25258600,MSFT,-0.01374856574231087,367.812508719308,2024,1
2024-01-03,364.32403564453125,366.93899315410624,362.26943260145976,362.760965291212,23083500,MSFT,-0.0007279732837068842,367.39961896623885,2024,1
2024-01-04,361.7091064453125,366.7817278006742,360.95215684412767,364.3928859416935,20901500,MSFT,-0.007177481975880751,366.4671194893973,2024,1
2024-01-05,361.52227783203125,365.75928703620065,360.29344616027043,362.72161874370073,21004600,MSFT,-0.0005165162003171186,365.4966823032924,2024,1
2024-01-08,368.34478759765625,368.8461605661577,362.76098316710153,363.04605054064757,23134000,MSFT,0.018871616450687467,365.5837620326451,2024,1
2024-01-09,369.42620849609375,369.6228036040621,364.9041010019092,365.710221946684,20830000,MSFT,0.0029358930405680717,365.6553955078125,2024,1
2024-01-10,376.2879333496094,377.6642489138574,369.94717950336036,369.99632077317983,25514200,MSFT,0.01857400665060882,366.6005423409598,2024,1
2024-01-11,378.1164245605469,384.0639578363486,373.9383968872458,379.4632192692285,27850800,MSFT,0.0048592873937274295,368.532967703683,2024,1
2024-01-12,381.89141845703125,382.0978537915272,378.13610141587486,378.96187275463393,21661200,MSFT,0.009983681351244389,371.0425938197545,2024,1
2024-01-16,383.660888671875,387.3572238467636,381.05577159415725,386.9934944812975,27202300,MSFT,0.004633438012283664,374.1785627092634,2024,1
2024-01-17,382.8744812011719,383.50362745457204,378.29339285307435,381.4097233605343,22234100,MSFT,-0.002049746257496987,377.22887747628346,2024,1
2024-01-18,387.1999816894531,387.31794474262756,383.51348627386955,385.08639698467385,23392100,MSFT,0.011297437412676636,379.9224766322545,2024,1
2024-01-19,391.9187316894531,391.9187316894531,386.8362699111173,389.0580075164466,29331100,MSFT,0.012186854915154921,383.1356942313058,2024,1
2024-01-22,389.79522705078125,393.83561098518595,386.9246632087036,393.24576581207174,27016900,MSFT,-0.005418226961283579,385.0653076171875,2024,1
2024-01-23,392.144775390625,392.61665757487873,387.2589392356876,389.04812543344485,20525900,MSFT,0.006027647792459234,387.0693577357701,2024,1
2024-01-24,395.7427978515625,398.7608157750505,393.66854429552797,394.7400819620146,24867000,MSFT,0.009175240081557678,389.0481262207031,2024,1
2024-01-25,398.013671875,400.11744616888006,395.71330250742477,397.4729979213706,21021200,MSFT,0.005738257362523758,391.09852382114957,2024,1
2024-01-26,397.089599609375,399.291686504724,395.6150015101639,397.52215078520555,17803300,MSFT,-0.002321709858035259,393.12925502232144,2024,1
2024-01-29,402.78155517578125,403.03716177894273,397.48281829193445,399.1835322269837,24510200,MSFT,0.01433418445611645,395.3551940917969,2024,1
2024-01-30,401.6706848144531,406.05514806143475,399.56694047651416,405.27854800251134,33477600,MSFT,-0.002757997100545806,396.74833025251115,2024,1
2024-01-31,390.84710693359375,408.2867065664151,390.48337755581736,400.06826467616,47871100,MSFT,-0.026946397359964624,396.89859880719865,2024,1
2024-02-01,396.942138671875,401.0906757831929,394.9956584155895,395.02514917701313,30657700,MSFT,0.015594414363458098,397.5839364188058,2024,2
2024-02-02,404.25616455078125,405.6619409058491,396.72587980855803,396.9716461643717,28256700,MSFT,0.01842592450219116,398.80013166155135,2024,2
2024-02-05,398.7804870605469,404.19718719885634,397.14859484100157,402.95851515251775,25352300,MSFT,-0.013545068623304957,398.909676688058,2024,2
2024-02-06,398.6231689453125,401.06118187336995,396.0868734804641,399.0065788415849,18382600,MSFT,-0.0003944980267063247,399.1287580217634,2024,2
2024-02-07,407.0381774902344,407.2839438164574,400.50079921285686,400.5401302252688,22340500,MSFT,0.021110184255437314,399.7368469238281,2024,2
2024-02-08,407.09716796875,408.5226246925269,405.5439379531735,407.03818644922006,21225300,MSFT,0.00014492615626227057,400.5120588030134,2024,2
2024-02-09,413.4281311035156,413.693577955035,408.060602560808,408.2178966207668,22032800,MSFT,0.015551479187031925,403.73791939871654,2024,2
2024-02-12,408.2277526855469,413.61493194410616,407.7263797250581,413.43798737008973,21202900,MSFT,-0.012578675776338644,405.3501499720982,2024,2
2024-02-13,399.43914794921875,403.12564326770877,396.55877347389134,398.0825128718903,27824900,MSFT,-0.02152868019999088,404.66200474330356,2024,2
2024-02-14,403.29986572265625,403.6445808998677,398.454256564083,401.9013482236895,20401200,MSFT,0.00966534650711881,405.30763026646207,2024,2
2024-02-15,400.4141845703125,402.94534207042653,398.17851011795324,401.9703171422234,21825500,MSFT,-0.007155175088325416,405.56348964146207,2024,2
2024-02-16,397.9519348144531,402.11800189970467,397.3413119912312,401.7929735865366,22296500,MSFT,-0.006149257071153991,404.2654549734933,2024,2
2024-02-20,396.70111083984375,398.37539423890235,391.99337036631437,397.1442902441902,24307900,MSFT,-0.003143153394121745,402.7803039550781,2024,2
2024-02-21,396.10040283203125,396.2087556364425,391.2153895315718,394.12080761512743,18518900,MSFT,-0.0015142584464680198,400.30491420200894,2024,2
2024-02-22,405.4272155761719,406.5893706886108,402.393788153555,403.98929433440406,27009900,MSFT,0.023546587373948435,399.9048374720982,2024,2
2024-02-23,404.13702392578125,409.5735691126935,402.7877385663373,409.38646893086735,16295900,MSFT,-0.0031823015348317885,400.57596261160717,2024,2
2024-02-26,401.37933349609375,405.92948936303003,401.20203166596815,405.24005905629645,16193500,MSFT,-0.006823652044792516,400.30160086495533,2024,2
2024-02-27,401.3202819824219,402.14758039730725,397.74515057992284,401.82255205730473,14835800,MSFT,-0.00014712146028428297,400.43104335239957,2024,2
2024-02-28,401.556640625,403.1127430930959,399.1929265964819,402.00967855020446,13183100,MSFT,0.0005889526475226781,400.9460013253348,2024,2
2024-02-29,407.38714599609375,407.93867824413843,399.7838456551883,402.4627294555139,31947300,MSFT,0.014519758313594089,402.4725777762277,2024,2
2024-03-01,409.2190246582031,409.58342668223145,404.66886847100426,405.0529573414313,17823400,MSFT,0.004496653073405854,404.34666660853793,2024,3
2024-03-04,408.6477966308594,411.04105586312363,406.08709401097116,407.1901585103068,17596000,MSFT,-0.0013958980226319584,404.80674961635043,2024,3
2024-03-05,396.5632629394531,407.9879154671031,394.58366790374333,407.7022908884421,26919200,MSFT,-0.029572002568075684,403.7247837611607,2024,3
2024-03-06,396.0117492675781,399.03534841652714,392.3676988449284,396.87845143918287,22344100,MSFT,-0.0013907331399963807,402.9579860142299,2024,3
2024-03-07,402.9551696777344,403.5854793634372,396.159450830879,399.98080286179095,18718500,MSFT,0.017533369711878688,403.19154139927457,2024,3
2024-03-08,400.0793151855469,404.21583727335775,398.2178712291556,401.793002594602,18002200,MSFT,-0.007136909285684223,402.9804949079241,2024,3
2024-03-11,398.405029296875,399.5474976681266,395.1943297935152,397.65653833769795,16120800,MSFT,-0.0041848849093719664,401.6973353794643,2024,3
2024-03-12,409.0023498535156,409.28797443620516,400.64069996356216,401.4581399062547,22457000,MSFT,0.026599364408986803,401.6663818359375,2024,3
2024-03-13,408.8250427246094,411.8584699071754,405.2302248765396,411.7796924719957,17115900,MSFT,-0.000433511271927256,401.6917027064732,2024,3
2024-03-14,418.7920227050781,421.3527249580554,411.6713065664863,413.88729369875045,34157300,MSFT,0.02437957301745497,404.8672398158482,2024,3
2024-03-15,410.1250915527344,416.21166275541714,406.5499605866558,412.9517016392755,45079900,MSFT,-0.020695072213558374,406.8834315708705,2024,3
2024-03-18,411.0115051269531,414.3699607798189,407.52500983634934,407.9879061886506,20106000,MSFT,0.0021613249042207183,408.03433663504467,2024,3
2024-03-19,415.0396728515625,415.295752126201,409.2682411150174,411.5137738248201,19837900,MSFT,0.009800620358218826,410.1715305873326,2024,3
2024-03-20,418.80194091796875,419.5208864985866,414.3010169757645,415.62075700500156,17860100,MSFT,0.009064839610529951,413.0853751046317,2024,3
2024-03-21,422.87933349609375,424.3074262893576,420.7027498405441,423.3323713938263,21296200,MSFT,0.009735849287584086,415.0678013392857,2024,3
2024-03-22,422.2588806152344,423.36194516542855,419.62925888508494,423.2043902779049,17648500,MSFT,-0.0014672102221924277,416.98692103794644,2024,3
2024-03-25,416.4677734375,420.94901086959675,415.23666920718586,418.81180070101897,18060500,MSFT,-0.01371458942271786,416.6548854282924,2024,3
2024-03-26,415.2760314941406,419.55042134825453,414.98057853086766,419.17616089060704,16725600,MSFT,-0.002861546605449905,417.39073399135043,2024,3
2024-03-27,415.05938720703125,418.0337541903471,412.67598630724365,418.0238957387452,16705000,MSFT,-0.0005216874336086974,417.969002859933,2024,3
2024-03-28,414.360107421875,415.4927172172239,412.78428811448583,414.5964697982947,21871200,MSFT,-0.0016847704369771233,417.8719220842634,2024,3
2024-04-01,418.1518859863281,421.4217055688743,415.83740435240986,417.5412631842415,16316000,MSFT,0.009150925720251779,417.77905709402904,2024,4
2024-04-02,415.0691833496094,415.9949759735675,411.52359777447737,413.7592718458972,17912000,MSFT,-0.007372207898685756,416.663321358817,2024,4
2024-04-03,414.0942077636719,416.8617275140834,412.75475080677563,413.3850905644336,16502300,MSFT,-0.0023489471756719116,415.4969395228795,2024,4
2024-04-04,411.5630798339844,422.18998013142357,411.25776838460877,418.56558637813976,19370900,MSFT,-0.0061124446617037975,414.79626900809154,2024,4
2024-04-05,419.0875549316406,420.0626098925823,411.99641280038685,413.6608680769513,16554800,MSFT,0.01828267759268276,415.3407723563058,2024,4
2024-04-08,418.171630859375,420.820969557038,416.9011228829619,418.7428800514856,14272400,MSFT,-0.0021855196163365065,415.7853785923549,2024,4
2024-04-09,419.8360290527344,421.2739501766581,415.2464695179833,419.9936139789009,12496900,MSFT,0.003980179597403266,416.5676531110491,2024,4
2024-04-10,416.8616943359375,417.62004361877445,413.3555123677214,415.8078620441207,16216600,MSFT,-0.007084515170143413,416.38334001813615,2024,4
2024-04-11,421.4611511230469,422.87938564028696,415.9753433067959,419.3830615515219,17966400,MSFT,0.011033531863454904,417.2964782714844,2024,4
2024-04-12,415.52227783203125,418.75269400595073,413.4244714952131,417.6397710155257,19253800,MSFT,-0.014091152352217029,417.50048828125,2024,4
2024-04-15,407.38714599609375,420.36790078356154,407.18029886088704,420.15122525352587,20273500,MSFT,-0.019578088275753025,416.90392630440846,2024,4
2024-04-16,408.31292724609375,412.0751888679084,407.4758004410801,408.3030988508173,16765600,MSFT,0.0022724851755850928,415.3646937779018,2024,4
2024-04-17,405.6143798828125,412.5479675035141,404.12719631602147,410.94260273654885,15855500,MSFT,-0.006609017699933939,413.57080078125,2024,4
2024-04-18,398.1587219238281,405.6635571829759,397.84358214140667,404.42259472836287,21029900,MSFT,-0.018381148028179917,410.4740426199777,2024,4
2024-04-19,393.08660888671875,399.35048216055003,391.7570104509112,397.922389385747,30565800,MSFT,-0.012738922338814684,407.07760184151783,2024,4
2024-04-22,394.8988342285156,396.76027825597146,389.7676002006902,394.0321320394096,20286900,MSFT,0.004610244411350939,403.2829851422991,2024,4
2024-04-23,401.4089660644531,402.0294474641655,396.9671319637412,398.12928725347575,15734500,MSFT,0.01648556863596684,401.2667977469308,2024,4
2024-04-24,402.8763427734375,406.2347982871372,400.6308101493401,403.36878440202247,15065300,MSFT,0.0036555653536367583,400.62239728655135,2024,4
2024-04-25,393.00787353515625,393.84503042188726,382.16429787123263,388.0735981687377,40586500,MSFT,-0.024495032819117135,398.4359610421317,2024,4
2024-04-26,400.1778259277344,406.7568397543272,399.6262936342629,405.93939976601416,29694700,MSFT,0.01824378816659178,397.6593104771205,2024,4
2024-04-29,396.1693115234375,400.17779380940664,393.1555709987601,399.12396145400385,19582100,MSFT,-0.010016832879242932,397.37510899135043,2024,4
2024-04-30,383.4446105957031,396.0806804506466,383.2870557136592,395.4207954000411,28781400,MSFT,-0.032119350382801115,395.9976806640625,2024,4
2024-05-01,388.9698486328125,395.64735681788176,384.4098337259813,386.6750535015372,23562500,MSFT,0.014409481537700053,395.1506827218192,2024,5
2024-05-02,391.82598876953125,393.88439136644655,388.6842084752251,391.6487169798458,17709400,MSFT,0.007342831704713726,393.7816859654018,2024,5
2024-05-03,400.51263427734375,400.99521746175435,395.7851765465019,396.1988407447482,17446700,MSFT,0.022169651214539288,393.4440133231027,2024,5
2024-05-06,407.2886657714844,407.67275464571117,400.22703898277103,402.58092459776026,16996600,MSFT,0.016918396360621202,395.48412649972096,2024,5
2024-05-07,403.15216064453125,408.4016059107325,402.9059397986261,408.3917474588945,20018200,MSFT,-0.010156199950022593,395.9090314592634,2024,5
2024-05-08,404.3340148925781,405.9984701419799,400.56189486819255,401.9998461853561,11792300,MSFT,0.0029315339552129505,397.0754176548549,2024,5
2024-05-09,406.08709716796875,406.48104448418644,402.91577167959764,404.3635513602943,14689700,MSFT,0.00433572791509107,400.31005859375,2024,5
2024-05-10,408.47052001953125,409.1008598045123,405.5749605018169,406.6977419727187,13402300,MSFT,0.005869240535304687,403.0958687918527,2024,5
2024-05-13,407.46588134765625,412.02589540221663,404.60972606039115,411.6910387187959,15440200,MSFT,-0.0024595132883199478,405.33013916015625,2024,5
2024-05-14,410.2629699707031,411.17890419255156,405.3286952009842,405.7915915372278,15109300,MSFT,0.006864595911185933,406.7230442592076,2024,5
2024-05-15,417.43597412109375,418.1562465444383,411.7034836524185,412.3250840833171,22239500,MSFT,0.017483918060903436,408.1726597377232,2024,5
2024-05-16,415.3739013671875,419.7448271840896,414.74245474989345,416.1730933998144,17530100,MSFT,-0.004939853969816332,409.9186226981027,2024,5
2024-05-17,414.60430908203125,417.2781788386251,412.4533979292135,416.903243294278,15352200,MSFT,-0.0018527699564733213,411.3858075823103,2024,5
2024-05-20,419.66583251953125,421.0767486617833,414.3871971108055,414.60426344888003,16272100,MSFT,0.012208082083629668,413.3256269182478,2024,5
2024-05-21,423.3164978027344,427.1940633042462,419.1823911367933,421.1359581260157,21453300,MSFT,0.008698981428356456,415.4464808872768,2024,5
2024-05-22,424.7767333984375,426.6415347292138,421.43197259260825,424.3524769437673,18073700,MSFT,0.00344951260648374,417.9194597516741,2024,5
2024-05-23,421.3037109375,427.8156712738496,419.7448017896618,427.194070817087,17211700,MSFT,-0.0081761127384532,419.49670846121654,2024,5
2024-05-24,424.4215393066406,425.3095270127513,418.74824604311783,421.49115879915024,11855300,MSFT,0.0074004294009248905,420.49464634486606,2024,5
2024-05-28,424.5794677734375,425.07279769134385,420.9090919797955,423.8986700778892,15718000,MSFT,0.00037210285570066226,421.80972726004467,2024,5
2024-05-29,423.44476318359375,425.19114003957617,420.0111765352336,420.0111765352336,15517100,MSFT,-0.0026725375953630115,423.07264927455356,2024,5
2024-05-30,409.13818359375,418.63969103885734,408.7138970465268,418.63969103885734,28394500,MSFT,-0.03378617669582751,421.5686994280134,2024,5
2024-05-31,409.59210205078125,411.1904861655314,399.11377942255837,411.1904861655314,47995300,MSFT,0.0011094502425663677,419.60807146344865,2024,5
2024-06-03,408.0035705566406,410.8747543349761,403.4649593325196,409.98676649158153,17484700,MSFT,-0.0038783255003869144,417.211905343192,2024,6
2024-06-04,410.51953125,410.88459054146256,404.21476096620233,406.9280752908703,14348900,MSFT,0.006166516361429952,415.6713082449777,2024,6
2024-06-05,418.3536071777344,418.42265047577604,410.7464388812518,412.23630472822083,16988000,MSFT,0.019083320844395013,414.80446079799106,2024,6
2024-06-06,418.8567810058594,419.6362506295676,414.9693392305099,418.35360501475236,14861300,MSFT,0.0012027476744360666,413.98693411690846,2024,6
2024-06-07,418.1957702636719,420.59334639709124,417.3571033955117,420.51442686018504,13621700,MSFT,-0.0015781306932649564,413.23707798549106,2024,6
2024-06-10,422.162109375,422.36929949498546,418.2352227759558,419.0344147777948,13982900,MSFT,0.009484407527190708,415.09763881138394,2024,6
2024-06-11,426.907958984375,427.04610581067664,419.57708382911113,419.8040264249776,14551100,MSFT,0.011241770646828408,417.5713326590402,2024,6
2024-06-12,435.1761779785156,437.48495834500466,427.47036718999846,429.51276024474697,22366200,MSFT,0.01936768528235211,421.453133719308,2024,6
2024-06-13,435.6892395019531,437.47512151645753,433.5087296834647,434.9689970884557,15960600,MSFT,0.001178974285358958,425.0488063267299,2024,6
2024-06-14,436.666015625,437.22841891267086,430.89405002785384,432.43323683903066,13582000,MSFT,0.0022419101379769213,427.6648646763393,2024,6
2024-06-17,442.3886413574219,444.92436422206765,434.84070005199675,436.68574902549324,20790000,MSFT,0.013105269308011147,431.0265590122768,2024,6
2024-06-18,440.3857116699219,444.1350368072149,438.95507309068336,443.7107502283828,17112500,MSFT,-0.004527534163974556,434.19655064174106,2024,6
2024-06-20,439.7543029785156,440.5732173975681,435.383377000911,440.3462747944722,19877400,MSFT,-0.0014337628916523126,436.70972115652904,2024,6
2024-06-21,443.7798156738281,444.56913141990066,440.553449170913,441.4118383251449,34187100,MSFT,0.009154004106491254,439.1199863978795,2024,6
2024-06-24,441.697998046875,446.71021649298933,440.45479708566984,443.7995580906483,15913700,MSFT,-0.004691104807892477,440.05167497907365,2024,6
2024-06-25,444.9342346191406,445.3979659147229,440.7902515475345,442.27024120018433,16413400,MSFT,0.007326808331882484,441.3723885672433,2024,6
2024-06-26,446.1280822753906,447.5488747436615,442.21104180989477,443.0102338094888,16507000,MSFT,0.002683200265027663,442.724112374442,2024,6
2024-06-27,446.80889892578125,450.08461670642896,445.74328947401983,446.1478236075156,14806300,MSFT,0.0015260564789336684,443.35557774135043,2024,6
2024-06-28,440.9876403808594,449.30517584788765,440.45483562080426,447.0259939599186,28362300,MSFT,-0.0130285197070098,443.44156755719865,2024,6
2024-07-01,450.6371154785156,451.2685620568994,439.71478489170136,442.6747641221356,17662800,MSFT,0.021881509171827185,444.99625505719865,2024,7
2024-07-02,453.15313720703125,453.4589993533835,447.06543265029325,447.15425853449676,13979800,MSFT,0.005583254556926542,446.3353009905134,2024,7
2024-07-03,454.62322998046875,454.86989493305913,451.7717987859675,452.07766091834213,9932800,MSFT,0.0032441412245278745,448.1817626953125,2024,7
2024-07-05,461.3226623535156,462.10213204110306,452.84725812540677,453.4787047518369,16000300,MSFT,0.014736229764006348,450.52296665736606,2024,7
2024-07-08,460.020263671875,461.4608086849496,458.26401040115894,460.3261258064599,12962300,MSFT,-0.0028231838318893976,452.50756399972096,2024,7
2024-07-09,453.4096374511719,461.09569535136285,451.89017298008986,460.77011087707854,17207200,MSFT,-0.014370293534326506,453.45052664620533,2024,7
2024-07-10,460.0301208496094,460.2373109717691,452.73869064735504,455.0672233776237,18196100,MSFT,0.0146015497942531,456.17088099888394,2024,7
2024-07-11,448.63421630859375,458.57973369334036,445.5262138972975,456.8037581244286,23111200,MSFT,-0.02477208344525139,455.88475254603793,2024,7
2024-07-12,447.4995422363281,450.2720538778231,444.6382348256943,448.26913567933263,16324300,MSFT,-0.002529174171336801,455.0770961216518,2024,7
2024-07-15,447.9040832519531,451.1600787227488,445.40783511291056,447.25288415779397,14429400,MSFT,0.0009040031942901816,454.1172180175781,2024,7
2024-07-16,443.5232849121094,448.23951736513413,440.7014524487549,448.1605978328616,17175700,MSFT,-0.009780661761414455,451.57444981166293,2024,7
2024-07-17,437.60333251953125,438.9156068819966,433.3212327097638,436.68574615539535,21778000,MSFT,-0.013347557149679834,448.37203107561385,2024,7
2024-07-18,434.495361328125,438.71826397070777,428.6050012530057,438.4124018485707,20794800,MSFT,-0.00710225667960962,445.6699916294643,2024,7
2024-07-19,431.27880859375,435.25507610536096,426.2369919613048,427.32232365737326,20940400,MSFT,-0.007402962196288887,441.56266130719865,2024,7
2024-07-22,437.03106689453125,438.6689256733767,433.05482935357276,435.89641421757136,15808800,MSFT,0.013337678982042744,439.90506853376115,2024,7
2024-07-23,438.9156188964844,442.40840302613475,437.1889642431626,437.9782800404941,13107100,MSFT,0.004312169419314893,438.67879377092635,2024,7
2024-07-24,423.1783752441406,435.5905721860423,421.88585333621705,434.5743138131604,26805800,MSFT,-0.035854827157689506,435.1465497698103,2024,7
2024-07-25,412.8184814453125,424.0663978828946,411.94036982301,423.0797380180107,29943800,MSFT,-0.024481151223408548,430.76014927455356,2024,7
2024-07-26,419.5967712402344,423.19810333197387,411.7034934246348,412.6211098546519,23583800,MSFT,0.016419540547677247,428.18778337751115,2024,7
2024-07-29,421.0373229980469,426.38500194360023,419.0344049240428,425.8225986635412,15125800,MSFT,0.0034331812267156536,426.2652064732143,2024,7
2024-07-30,417.2781677246094,423.32636688783225,411.7923116419938,422.0141226280364,32687600,MSFT,-0.008928318389139434,424.2651149204799,2024,7
2024-07-31,412.7691650390625,416.15340118634725,406.71105894897664,414.8904777498154,42891400,MSFT,-0.010805747902254637,420.7991289411272,2024,7
2024-08-01,411.545654296875,421.7575892383458,407.57929274476925,415.1765852410534,30296400,MSFT,-0.002964152475080639,416.8891339983259,2024,8
2024-08-02,403.0406799316406,409.4638453090681,398.9460475006439,406.98731940449915,29437900,MSFT,-0.020665931656513536,414.0123203822545,2024,8
2024-08-05,389.87860107421875,395.6900415573509,380.43625987349014,383.9783949357412,40709200,MSFT,-0.03265694882128101,410.73519461495533,2024,8
2024-08-06,394.27911376953125,400.2582999432438,393.18393582915473,394.6639255499671,24946500,MSFT,0.0112868792572558,407.1183864048549,2024,8
2024-08-07,393.1148681640625,404.60944914169323,392.16768315982324,403.18868669056855,20650900,MSFT,-0.002952846257408659,403.1294642857143,2024,8
2024-08-08,397.31805419921875,400.4457490366174,394.6047396336136,397.0713892387092,20203000,MSFT,0.010692004743514616,400.2780194963728,2024,8
2024-08-09,400.60357666015625,402.6064947272633,396.89375651412195,398.64013341356633,19276700,MSFT,0.008269250355510183,398.54007829938615,2024,8
2024-08-12,401.383056640625,403.30705522680034,398.84733381774834,401.6297215819056,16762900,MSFT,0.0019457639069708765,397.0882786342076,2024,8
2024-08-13,408.48699951171875,409.4144620555377,404.10622795467,404.1259503092639,19414300,MSFT,0.01769866154926958,397.8663242885045,2024,8
2024-08-14,411.29901123046875,412.1475543601763,406.94786778270196,409.2664943452795,18267000,MSFT,0.00688396869939889,400.9263828822545,2024,8
2024-08-15,416.162109375,416.2411711538097,412.8310776655769,414.94631960204117,20752100,MSFT,0.011823753550932459,404.05252511160717,2024,8
2024-08-16,413.6316833496094,416.46849580465874,412.4751975268654,415.7370612802868,22775600,MSFT,-0.006080385427666313,406.9834987095424,2024,8
2024-08-19,416.6563415527344,416.8737991572246,411.6449527797598,414.11604821044875,15234000,MSFT,0.0073124432312128285,409.74611118861606,2024,8
2024-08-20,419.8885192871094,420.93626132598814,416.7650812391523,416.82438511571235,16387600,MSFT,0.007757418793458815,412.50110299246654,2024,8
2024-08-21,419.23614501953125,421.46999458583696,416.8441115746798,419.17681098270833,16067300,MSFT,-0.0015536844605461564,415.0515441894531,2024,8
2024-08-22,410.74542236328125,421.8554866317301,409.81628817687795,419.45355922894015,19361900,MSFT,-0.02025284021217788,415.3741760253906,2024,8
2024-08-23,411.97113037109375,414.41257372157986,407.32545916499066,412.15893602611095,18493800,MSFT,0.002984106312762247,415.4701930454799,2024,8
2024-08-26,408.70928955078125,412.4554786638681,406.58415351672016,411.55599630876077,13152800,MSFT,-0.007917644174178728,414.40550449916293,2024,8
2024-08-27,409.0552673339844,409.5692443465509,405.5067777613987,408.0865870238401,13492900,MSFT,0.0008465131379407076,413.7517307826451,2024,8
2024-08-28,405.8526916503906,410.201813276276,402.60072184118246,410.0832055301203,14882700,MSFT,-0.007829200451241025,412.2083522251674,2024,8
2024-08-29,408.34356689453125,417.17031240351145,405.85271359636084,410.14253158113485,17045200,MSFT,0.0061373875186376825,410.559073311942,2024,8
2024-08-30,412.31707763671875,412.663006834999,407.36499317358016,410.7948745382869,24308300,MSFT,0.009730802844296615,409.5706351143973,2024,8
2024-09-03,404.70611572265625,415.02541234976394,402.32397617802485,413.0781880012741,20313600,MSFT,-0.018459002371879252,408.7078770228795,2024,9
2024-09-04,404.17236328125,406.4853049884444,399.6947395600007,401.2169427939581,15135800,MSFT,-0.0013188642836621245,407.59376743861606,2024,9
2024-09-05,403.66827392578125,408.32380920500026,401.43439403542544,402.90715723849786,14195500,MSFT,-0.0012472138158491353,406.87362234933033,2024,9
2024-09-06,397.0556335449219,405.9021372589665,396.16601504088436,404.3305241544344,19609500,MSFT,-0.016381372547685458,405.15938895089283,2024,9
2024-09-09,401.0291442871094,403.9252609488484,397.50041270369564,402.5315594789773,15295100,MSFT,0.0100074407878612,404.4703107561384,2024,9
2024-09-10,409.41107177734375,411.51641958523567,402.9862241478787,403.48044319629906,19594300,MSFT,0.020901043252441243,404.622811453683,2024,9
2024-09-11,418.1488952636719,419.08789343392027,404.84449566929334,410.6960629554886,19266900,MSFT,0.021342421074240336,405.45592825753346,2024,9
2024-09-12,422.0630798339844,422.42879711427406,414.89690341994134,418.415740735589,17395700,MSFT,0.009360743540514083,407.9354945591518,2024,9
2024-09-13,425.6115417480469,426.8371952929349,420.54084966063596,420.9065669174341,15874600,MSFT,0.008407420794678933,410.9982343401228,2024,9
2024-09-16,426.3529052734375,428.517587221267,423.2689830915265,425.6214706998335,13834700,MSFT,0.0017418783389795411,414.23889596121654,2024,9
2024-09-17,430.1188659667969,436.741413807479,427.2721591954558,435.1401487897844,18874200,MSFT,0.008832965946236726,418.9622148786272,2024,9
2024-09-18,425.8290710449219,430.9887198071655,425.43370178624906,429.97062963783105,18898000,MSFT,-0.009973510257990315,422.5050615583147,2024,9
2024-09-19,433.617919921875,436.39542861722236,431.8486072464737,436.12856118496126,21706600,MSFT,0.018291021930091356,425.9631827218192,2024,9
2024-09-20,430.2374572753906,434.1615578880838,429.1996092968504,432.1649237095232,55167100,MSFT,-0.007795947748408194,427.6901201520647,2024,9
2024-09-23,428.4978332519531,431.41370770372646,425.4139110417271,429.2589197702658,15128900,MSFT,-0.004043404389878602,428.60937064034596,2024,9
2024-09-24,424.2079772949219,428.33964116383595,421.1734651982217,427.9936818084109,17015800,MSFT,-0.010011383078590397,428.4088614327567,2024,9
2024-09-25,427.114013671875,428.11234590086275,423.6149641825675,424.8603757953974,13396400,MSFT,0.006850499124236853,428.51759120396207,2024,9
2024-09-26,426.3232421875,430.2671006249204,424.1684543301705,430.0595370663028,14492000,MSFT,-0.0018514294990622515,427.97535923549106,2024,9
2024-09-27,423.0712890625,426.85702409572957,422.52766014209345,426.5308226116947,14896100,MSFT,-0.0076279048458957055,427.5813903808594,2024,9
2024-09-30,425.324951171875,425.4435890958682,420.451958019216,423.25911892558076,16807300,MSFT,0.005326908650239437,426.3966805594308,2024,9
2024-10-01,415.8260498046875,423.52599147760804,413.9677812470877,423.49633953955015,19092900,MSFT,-0.02233328033310933,424.33790806361606,2024,10
2024-10-02,412.3072509765625,417.9314670176148,411.8920936401559,417.6942213262076,16582300,MSFT,-0.008462189489517935,422.0249677385603,2024,10
2024-10-03,411.7240295410156,414.699207817815,409.50004373541833,412.80142348929195,13686400,MSFT,-0.001414531115243589,420.2415466308594,2024,10
2024-10-04,411.24957275390625,414.8969119270876,410.172178794162,413.40436067339476,19169700,MSFT,-0.0011523660342057651,417.9751979282924,2024,10
2024-10-07,404.8050231933594,412.28747807651695,404.27125807397977,411.190326060576,20919800,MSFT,-0.01567065350947694,414.9011666434152,2024,10
2024-10-08,409.9151916503906,410.8542199929417,403.4508276328713,406.14924457508937,19229300,MSFT,0.01262377728596098,413.02172415597096,2024,10
2024-10-09,412.63336181640625,415.51961434814075,409.5098937927917,411.0518548194861,14974300,MSFT,0.006631054963032179,411.2086399623326,2024,10
2024-10-10,411.0320739746094,412.5246250787664,408.37317321416026,410.4291412448218,13848400,MSFT,-0.003880655298321045,410.52378627232144,2024,10
2024-10-11,411.5065612792969,412.3071937353824,408.4720490414364,411.3286496589972,14144900,MSFT,0.0011543802411799753,410.4094020298549,2024,10
2024-10-14,414.2939453125,419.1372858012014,412.6926503077809,412.9397598241915,16653100,MSFT,0.006773607751326516,410.7765328543527,2024,10
2024-10-15,413.8985595703125,417.59533856944756,410.45881429415135,417.2987890411578,18900200,MSFT,-0.0009543604164653496,411.1549595424107,2024,10
2024-10-16,411.3088684082031,411.5460839058675,405.7340930599272,410.36987028679,15508900,MSFT,-0.00625682574203168,412.0840802873884,2024,10
2024-10-17,411.9019470214844,417.61511832115826,410.78500708577025,417.4767225011017,14820000,MSFT,0.0014419300404986402,412.36790248325894,2024,10
2024-10-18,413.3252868652344,414.79805000770625,411.447260474788,412.31709084461266,17145300,MSFT,0.0034555307495931498,412.4667489188058,2024,10
2024-10-21,413.93817138671875,414.1160830331514,408.9663281686837,411.3089220076055,14206100,MSFT,0.0014828139989513378,412.8819056919643,2024,10
2024-10-22,422.56719970703125,425.60168187753965,413.2066892964129,413.6514683614362,25482200,MSFT,0.020846176837001407,414.46199689592635,2024,10
2024-10-23,419.6908264160156,426.09588604624633,417.64475229425324,425.87842845603865,19654400,MSFT,-0.006806901465636339,415.2329799107143,2024,10
2024-10-24,419.8193359375,421.0548835944768,417.5162582126422,420.4123746810587,13581600,MSFT,0.0003062004537526253,416.0788051060268,2024,10
2024-10-25,423.1997375488281,427.51920692415774,421.6380187300836,421.8258243694227,16899100,MSFT,0.008052038869956535,417.77750069754467,2024,10
2024-10-28,421.6578063964844,426.94595627618617,421.37115090072086,426.66919481416045,14882400,MSFT,-0.0036435068728412068,419.1711948939732,2024,10
2024-10-29,426.9559020996094,428.1617979371543,420.8769829019358,423.0515590564399,17644100,MSFT,0.012564917861720426,421.11842564174106,2024,10
2024-10-30,427.5291442871094,433.43012114532394,427.10412312962825,432.38237913794643,29749100,MSFT,0.0013426262166209568,423.0599931989397,2024,10
2024-10-31,401.6518859863281,411.348462734814,401.6024459753444,410.5576940417458,53971000,MSFT,-0.060527471978385705,420.0720912388393,2024,10
2024-11-01,405.6253356933594,410.6960279404989,402.78852319074196,404.28107436497436,24230400,MSFT,0.00989276994747268,418.062735421317,2024,11
2024-11-04,403.7373962402344,405.67475653100576,400.88082597000493,405.06189960347484,19672300,MSFT,-0.004654392334487278,415.7653154645647,2024,11
2024-11-05,406.7027587890625,410.102988488707,403.3618329661191,403.6484884800003,17626000,MSFT,0.007344780484648705,413.40860421316967,2024,11
2024-11-06,415.32196044921875,415.58885807174516,405.7736437068039,407.65170044035887,26681800,MSFT,0.021192877289103018,412.5034833635603,2024,11
2024-11-07,420.5112609863281,421.9148565188348,415.02544097960697,416.40924844245427,19901800,MSFT,0.01249464519404797,411.5828203473772,2024,11
2024-11-08,417.6546630859375,421.568869701991,416.90344044148964,420.40251992805025,16891400,MSFT,-0.006793154346664498,410.17218017578125,2024,11
2024-11-11,413.1770324707031,419.89839969038087,411.1902621762221,417.6348679260246,24503300,MSFT,-0.0107208921891363,411.8186296735491,2024,11
2024-11-12,418.1389465332031,419.5326478016325,412.37636598179006,413.4142138670265,19401200,MSFT,0.01200917203172902,413.60628836495533,2024,11
2024-11-13,420.283935546875,424.3661599826618,413.3747320030266,416.76509796101305,21502200,MSFT,0.005129847462084003,415.97007969447543,2024,11
2024-11-14,421.9543762207031,423.21957584577814,415.14402288993426,420.086213638624,30246900,MSFT,0.003974552754804961,418.1488821847098,2024,11
2024-11-15,410.20184326171875,417.91164897279026,408.85758182070697,414.9661225121513,28247600,MSFT,-0.027852615404176384,417.4174368722098,2024,11
2024-11-18,410.95306396484375,413.56252505276035,407.33537663624696,410.0733395128572,24727000,MSFT,0.0018313440455353103,416.0519801548549,2024,11
2024-11-19,412.9595947265625,413.1078544202765,406.79171998540573,408.33368112951007,18133500,MSFT,0.004882627573961518,415.3812561035156,2024,11
2024-11-20,410.6861267089844,412.4653333453386,405.8328921341125,412.0501760807684,19191700,MSFT,-0.005505303779376969,415.0254124232701,2024,11
2024-11-21,408.913330078125,415.7571129679985,406.35806834126146,415.4797975064388,20780200,MSFT,-0.004316670361050656,413.7074672154018,2024,11
2024-11-22,413.0037536621094,413.3999142872652,407.1206761919346,407.4277029433142,24814600,MSFT,0.010003155395307939,412.66744123186385,2024,11
2024-11-25,414.7765808105469,417.0446130867062,410.8743369468268,414.3705063731925,27691100,MSFT,0.004292520667712685,411.6420418875558,2024,11
2024-11-26,423.8883972167969,424.92835279721186,414.8360050762814,415.56890369905886,23458900,MSFT,0.021968010798594007,413.5972638811384,2024,11
2024-11-27,418.9363708496094,423.1357584170694,417.9756653943907,421.03604952077916,18332400,MSFT,-0.011682382437693373,414.7377362932478,2024,11
2024-11-29,419.4018249511719,420.808229889217,413.7960631011275,416.06412568619913,16271900,MSFT,0.0011110376991583237,415.6580548967634,2024,11
2024-12-02,426.8498229980469,428.8504539576372,417.2724796995242,417.52999772728793,20207200,MSFT,0.01775862097820413,417.9671543666295,2024,12
2024-12-03,427.06768798828125,428.3255063010946,423.64082448545395,425.7207055754366,18302000,MSFT,0.0005104019692550033,420.56063406808033,2024,12
2024-12-04,433.22802734375,435.4564646159383,428.48392353237045,428.8800841135143,26009400,MSFT,0.01442473764401897,423.44981602260043,2024,12
2024-12-05,438.3782043457031,440.3986627358307,431.9900352112823,433.72326431540773,21697800,MSFT,0.011887912777782228,426.8214765276228,2024,12
2024-12-06,439.3191223144531,441.82487523918803,437.5363542028089,438.0612738202398,18821000,MSFT,0.0021463612000380827,429.02586582728793,2024,12
2024-12-09,441.74560546875,444.03346541962105,436.2785166631167,438.3583975889403,19144400,MSFT,0.005523281439500094,432.2843279157366,2024,12
2024-12-10,439.0813903808594,445.31111943385133,437.3679889585384,440.13125981361975,18469500,MSFT,-0.006031107168714356,435.095694405692,2024,12
2024-12-11,444.68719482421875,446.0341772846715,439.7945337941877,439.7945337941877,19200200,MSFT,0.01276711918602813,437.6438903808594,2024,12
2024-12-12,445.2516784667969,451.78843398650577,444.8059789125675,444.8059789125675,20834800,MSFT,0.0012693948671071986,440.2416033063616,2024,12
2024-12-13,442.983642578125,447.10377945438483,441.30983602760955,444.142443353527,20177800,MSFT,-0.005093828947443257,441.635262625558,2024,12
2024-12-16,447.26226806640625,447.8466102847365,441.0127411892908,442.9836607244317,23598800,MSFT,0.009658653451355637,442.90441458565846,2024,12
2024-12-17,450.1047668457031,450.9268296361061,445.2616448801094,446.68784735190707,22733500,MSFT,0.0063553288131938945,444.4452209472656,2024,12
2024-12-18,433.1983337402344,448.3120705924071,432.83185420697276,446.9948298056794,24444500,MSFT,-0.037561106548476775,443.22418212890625,2024,12
2024-12-19,432.8417663574219,438.93282241461935,432.13857903304347,437.38777493352876,22963700,MSFT,-0.0008231042343443962,442.3328072684152,2024,12
2024-12-20,432.4158935546875,439.48745236080407,424.5222720446017,428.95931906801104,64263700,MSFT,-0.0009838995120972083,440.5797642299107,2024,12
2024-12-23,431.078857421875,433.4558513948008,428.6820357713906,432.5545685943141,19152500,MSFT,-0.003092014314787006,438.5550755092076,2024,12
2024-12-24,435.11968994140625,435.3871217541817,430.0289645876171,430.4845477379295,7164500,MSFT,0.00937376642338239,437.43165370396207,2024,12
2024-12-26,433.9114074707031,436.7143034093448,432.44561022869516,434.8721127935591,8194200,MSFT,-0.002776896791009009,435.5243879045759,2024,12
2024-12-27,426.4040832519531,431.04913980352325,422.2641488688207,430.4350863105853,18117700,MSFT,-0.01730151383322842,432.1385759626116,2024,12
2024-12-30,420.7586669921875,423.45260132830686,417.8567536350218,421.97689027997586,13158700,MSFT,-0.01323959239956407,430.3614807128906,2024,12
2024-12-31,417.4606018066406,422.64049156656444,416.6286554798762,422.016524265212,13246500,MSFT,-0.007838377303367894,428.16417149135043,2024,12
