date,close,high,low,open,volume,ticker,daily_return,moving_avg_7d,year,month
2021-01-04,23.3700008392334,24.5,22.5,23.90999984741211,44970400,PLTR,,,2021,1
2021-01-05,24.600000381469727,24.670000076293945,22.889999389648438,23.18000030517578,29050400,PLTR,0.05263155746966919,,2021,1
2021-01-06,23.540000915527344,24.459999084472656,23.25,24.1200008392334,32732900,PLTR,-0.04308940851646659,,2021,1
2021-01-07,25.0,25.190000534057617,23.670000076293945,24.020000457763672,32240000,PLTR,0.062022048754875714,,2021,1
2021-01-08,25.200000762939453,26.440000534057617,24.700000762939453,25.700000762939453,41313800,PLTR,0.008000030517578027,,2021,1
2021-01-11,25.93000030517578,26.600000381469727,24.309999465942383,24.610000610351562,32609000,PLTR,0.028968234926004754,,2021,1
2021-01-12,26.18000030517578,26.420000076293945,25.510000228881836,26.34000015258789,26887200,PLTR,0.009641341961345695,24.831429072788783,2021,1
2021-01-13,25.5,27.43000030517578,25.1299991607666,25.709999084472656,51216600,PLTR,-0.025974037328080013,25.13571466718401,2021,1
2021-01-14,24.920000076293945,25.6200008392334,24.3700008392334,25.450000762939453,32908000,PLTR,-0.02274509504729627,25.181428909301758,2021,1
2021-01-15,25.639999389648438,28.0,25.459999084472656,26.260000228881836,92285500,PLTR,0.028892428216299226,25.481428691319056,2021,1
2021-01-19,26.6200008392334,27.540000915527344,26.0,26.809999465942383,48675800,PLTR,0.03822158630708139,25.712857382638113,2021,1
2021-01-20,26.34000015258789,27.299999237060547,25.700000762939453,27.290000915527344,37459000,PLTR,-0.010518432675360123,25.875714438302175,2021,1
2021-01-21,25.979999542236328,26.68000030517578,25.299999237060547,26.420000076293945,29891400,PLTR,-0.013667449060974723,25.882857186453684,2021,1
2021-01-22,32.58000183105469,32.650001525878906,25.81999969482422,25.850000381469727,156844700,PLTR,0.2540416630142188,26.797143118722097,2021,1
2021-01-25,36.22999954223633,39.58000183105469,29.559999465942383,34.459999084472656,191345300,PLTR,0.11203184487554352,28.330000196184432,2021,1
2021-01-26,35.369998931884766,36.869998931884766,34.31999969482422,35.13999938964844,65870000,PLTR,-0.02373725148268324,29.82285717555455,2021,1
2021-01-27,39.0,45.0,32.25,32.970001220703125,170758800,PLTR,0.10262938020173129,31.731428691319056,2021,1
2021-01-28,35.65999984741211,42.0,33.099998474121094,39.540000915527344,85250700,PLTR,-0.0856410295535357,33.02285712105887,2021,1
2021-01-29,35.18000030517578,38.0099983215332,34.65999984741211,36.61000061035156,42030900,PLTR,-0.013460447119748475,34.285714285714285,2021,1
2021-02-01,33.959999084472656,35.619998931884766,32.58000183105469,35.33000183105469,43460900,PLTR,-0.03467882916770848,35.42571422031948,2021,2
2021-02-02,31.020000457763672,34.20000076293945,30.5,34.099998474121094,69647900,PLTR,-0.08657240005796185,35.2028568812779,2021,2
2021-02-03,31.760000228881836,32.95000076293945,31.3799991607666,32.38999938964844,35312000,PLTR,0.0238555693165039,34.56428555079869,2021,2
2021-02-04,32.04999923706055,33.18000030517578,31.049999237060547,32.58000183105469,31565000,PLTR,0.009130951073325067,34.08999988010952,2021,2
2021-02-05,34.04999923706055,35.20000076293945,31.75,32.61000061035156,62375300,PLTR,0.062402497585314354,33.38285691397531,2021,2
2021-02-08,36.04999923706055,39.220001220703125,35.88999938964844,37.220001220703125,72376000,PLTR,0.05873715256425527,33.43857111249651,2021,2
2021-02-09,38.16999816894531,38.255001068115234,36.130001068115234,36.900001525878906,44243200,PLTR,0.05880718382111194,33.86571366446359,2021,2
2021-02-10,35.70000076293945,38.2400016784668,35.0,38.150001525878906,45177200,PLTR,-0.06471044077794641,34.11428533281599,2021,2
2021-02-11,33.11000061035156,35.97999954223633,32.61000061035156,35.790000915527344,52094900,PLTR,-0.07254902233157923,34.41285678318569,2021,2
2021-02-12,31.90999984741211,33.650001525878906,31.34000015258789,33.36000061035156,60925600,PLTR,-0.03624284931496746,34.43428530011858,2021,2
2021-02-16,27.84000015258789,30.440000534057617,27.299999237060547,30.020000457763672,180294300,PLTR,-0.12754621480057116,33.832856859479634,2021,2
2021-02-17,27.079999923706055,29.729999542236328,27.0,27.989999771118164,151007000,PLTR,-0.02729885864642101,32.83714267185756,2021,2
2021-02-18,25.170000076293945,26.309999465942383,24.5,24.989999771118164,313175100,PLTR,-0.0705317523188056,31.28285707746233,2021,2
2021-02-19,29.0,29.959999084472656,26.899999618530273,27.020000457763672,320063700,PLTR,0.1521652726299867,29.972857339041575,2021,2
2021-02-22,28.0,30.190000534057617,27.535999298095703,29.959999084472656,183049500,PLTR,-0.03448275862068961,28.872857230050222,2021,2
2021-02-23,26.75,27.459999084472656,23.899999618530273,25.959999084472656,145289400,PLTR,-0.044642857142857095,27.964285714285715,2021,2
2021-02-24,26.389999389648438,27.229999542236328,25.75,26.709999084472656,90095700,PLTR,-0.013457966742114524,27.175714220319474,2021,2
2021-02-25,23.959999084472656,26.440000534057617,23.149999618530273,25.81999969482422,161776400,PLTR,-0.09208034715335978,26.62142835344587,2021,2
2021-02-26,23.899999618530273,24.5,22.700000762939453,24.200000762939453,119588600,PLTR,-0.0025041514288398625,26.167142595563615,2021,2
2021-03-01,24.809999465942383,25.899999618530273,24.6200008392334,25.190000534057617,85059900,PLTR,0.03807530803082382,26.115713936941965,2021,3
2021-03-02,24.479999542236328,25.59000015258789,24.260000228881836,25.0,73997000,PLTR,-0.013301085482047559,25.46999958583287,2021,3
2021-03-03,23.59000015258789,25.167999267578125,23.43000030517578,24.989999771118164,79046200,PLTR,-0.03635618489750725,24.83999960763114,2021,3
2021-03-04,24.729999542236328,25.559999465942383,23.049999237060547,24.850000381469727,161611200,PLTR,0.048325535492774296,24.5514281136649,2021,3
2021-03-05,23.950000762939453,24.68000030517578,20.18000030517578,24.360000610351562,173468600,PLTR,-0.03154059012272592,24.202856881277903,2021,3
2021-03-08,22.520000457763672,24.579999923706055,22.399999618530273,23.770000457763672,94432800,PLTR,-0.05970773526607076,23.997142791748047,2021,3
2021-03-09,24.260000228881836,24.739999771118164,23.100000381469727,23.3799991607666,99586500,PLTR,0.07726464190715898,24.0485714503697,2021,3
2021-03-10,24.75,26.239999771118164,24.270000457763672,25.030000686645508,103212800,PLTR,0.02019784692890525,24.040000098092214,2021,3
2021-03-11,26.729999542236328,26.84000015258789,25.579999923706055,25.950000762939453,84788700,PLTR,0.07999998150449805,24.361428669520787,2021,3
2021-03-12,26.920000076293945,26.920000076293945,25.18000030517578,25.739999771118164,58721900,PLTR,0.007108138320668367,24.837142944335938,2021,3
2021-03-15,26.790000915527344,27.469999313354492,26.309999465942383,27.350000381469727,56101500,PLTR,-0.00482909213960514,25.13142885480608,2021,3
2021-03-16,25.610000610351562,27.100000381469727,25.229999542236328,26.75,73615100,PLTR,-0.04404629581374364,25.36857169015067,2021,3
2021-03-17,25.209999084472656,25.729999542236328,24.299999237060547,24.520000457763672,77081700,PLTR,-0.015618958076761058,25.752857208251953,2021,3
2021-03-18,23.979999542236328,25.18000030517578,23.780000686645508,24.729999542236328,57141400,PLTR,-0.04879014624772082,25.71285711015974,2021,3
2021-03-19,24.31999969482422,24.56999969482422,23.389999389648438,24.010000228881836,57915900,PLTR,0.014178488702180525,25.651428495134628,2021,3
2021-03-22,24.219999313354492,24.920000076293945,23.860000610351562,24.889999389648438,46208100,PLTR,-0.004111857842292954,25.292857033865793,2021,3
2021-03-23,23.260000228881836,24.104999542236328,23.100000381469727,24.0,50169700,PLTR,-0.0396366272373645,24.76999991280692,2021,3
2021-03-24,21.8799991607666,23.485000610351562,21.75,23.299999237060547,69271900,PLTR,-0.059329366059149624,24.068571090698242,2021,3
2021-03-25,22.579999923706055,22.799999237060547,21.049999237060547,21.200000762939453,74592600,PLTR,0.031992723482121344,23.635713849748885,2021,3
2021-03-26,22.579999923706055,23.049999237060547,21.760000228881836,22.6299991607666,57916400,PLTR,0.0,23.259999683925084,2021,3
2021-03-29,21.729999542236328,22.5,21.389999389648438,22.479999542236328,57647400,PLTR,-0.03764394970512541,22.93857111249651,2021,3
2021-03-30,22.040000915527344,22.09000015258789,20.860000610351562,21.360000610351562,52039700,PLTR,0.014266055214979145,22.612857001168386,2021,3
2021-03-31,23.290000915527344,23.850000381469727,22.3799991607666,22.5,61458500,PLTR,0.056715061164964276,22.48000008719308,2021,3
2021-04-01,23.06999969482422,23.950000762939453,22.729999542236328,23.950000762939453,51788800,PLTR,-0.009446166253967436,22.452857153756277,2021,4
2021-04-05,23.440000534057617,24.450000762939453,23.34000015258789,23.780000686645508,65374300,PLTR,0.016038181366617277,22.67571449279785,2021,4
2021-04-06,23.270000457763672,23.610000610351562,22.829999923706055,23.549999237060547,41933500,PLTR,-0.007252562816581043,22.774285997663224,2021,4
2021-04-07,22.899999618530273,23.549999237060547,22.809999465942383,23.0,32766200,PLTR,-0.015900336568749562,22.82000023978097,2021,4
2021-04-08,23.40999984741211,23.600000381469727,22.739999771118164,23.200000762939453,35905500,PLTR,0.02227075272390633,23.060000283377512,2021,4
2021-04-09,24.040000915527344,24.350000381469727,23.3700008392334,23.459999084472656,54082700,PLTR,0.026911622051329465,23.345714569091797,2021,4
2021-04-12,23.34000015258789,24.549999237060547,22.729999542236328,24.520000457763672,68620800,PLTR,-0.029118167066596312,23.352857317243302,2021,4
2021-04-13,25.420000076293945,25.659000396728516,23.1200008392334,23.190000534057617,83913500,PLTR,0.08911739117856987,23.688571657453263,2021,4
2021-04-14,23.700000762939453,26.200000762939453,23.649999618530273,25.350000381469727,108793800,PLTR,-0.06766323006263564,23.725714547293528,2021,4
2021-04-15,23.149999618530273,24.059999465942383,22.690000534057617,24.010000228881836,58849300,PLTR,-0.02320679859509689,23.708571570260183,2021,4
2021-04-16,22.469999313354492,23.260000228881836,22.299999237060547,22.860000610351562,46627700,PLTR,-0.02937366377455486,23.647142955235072,2021,4
2021-04-19,21.940000534057617,22.329999923706055,21.530000686645508,22.149999618530273,45753900,PLTR,-0.023586951290286984,23.437143053327286,2021,4
2021-04-20,21.780000686645508,22.549999237060547,21.239999771118164,21.959999084472656,47123100,PLTR,-0.007292609093775604,23.11428587777274,2021,4
2021-04-21,22.6299991607666,22.639999389648438,21.43000030517578,21.649999618530273,42641400,PLTR,0.039026558646633625,23.01285716465541,2021,4
2021-04-22,22.860000610351562,23.510000228881836,22.510000228881836,22.940000534057617,51346400,PLTR,0.010163564211867593,22.647142955235072,2021,4
2021-04-23,23.40999984741211,23.549999237060547,22.739999771118164,22.889999389648438,32052800,PLTR,0.024059458546623835,22.60571425301688,2021,4
2021-04-26,24.110000610351562,24.260000228881836,23.459999084472656,23.690000534057617,33667600,PLTR,0.029901784173520074,22.742857251848495,2021,4
2021-04-27,23.8799991607666,24.260000228881836,23.56999969482422,24.170000076293945,27678300,PLTR,-0.009539670002588485,22.944285801478795,2021,4
2021-04-28,23.850000381469727,24.170000076293945,23.420000076293945,23.670000076293945,22068100,PLTR,-0.0012562303329625157,23.21714292253767,2021,4
2021-04-29,23.3700008392334,24.139999389648438,22.809999465942383,23.8700008392334,36770100,PLTR,-0.020125766648174337,23.444285801478795,2021,4
2021-04-30,23.040000915527344,23.549999237060547,22.84000015258789,23.18000030517578,24717300,PLTR,-0.014120663750771145,23.50285748073033,2021,4
2021-05-03,22.299999237060547,23.079999923706055,22.209999084472656,23.010000228881836,33934400,PLTR,-0.032118127129417195,23.4228572845459,2021,5
2021-05-04,21.639999389648438,22.200000762939453,20.8700008392334,21.940000534057617,63429600,PLTR,-0.02959640672611552,23.170000076293945,2021,5
2021-05-05,21.149999618530273,21.940000534057617,20.969999313354492,21.809999465942383,39134700,PLTR,-0.02264324329660361,22.747142791748047,2021,5
2021-05-06,20.09000015258789,21.020000457763672,19.40999984741211,21.020000457763672,92201100,PLTR,-0.05011817896269266,22.20571436200823,2021,5
2021-05-07,19.75,20.75,19.579999923706055,20.299999237060547,63725500,PLTR,-0.016923850174490607,21.62000002179827,2021,5
2021-05-10,18.469999313354492,19.299999237060547,18.18000030517578,19.280000686645508,104670500,PLTR,-0.06481016134913964,20.919999803815568,2021,5
2021-05-11,20.209999084472656,20.299999237060547,17.05500030517578,17.200000762939453,203230500,PLTR,0.09420681298347855,20.515713827950613,2021,5
2021-05-12,18.889999389648438,20.0,18.510000228881836,20.0,128281500,PLTR,-0.0653141887491907,20.028570992606028,2021,5
2021-05-13,18.3700008392334,19.469999313354492,17.81999969482422,19.139999389648438,87811600,PLTR,-0.027527716634019317,19.561428342546737,2021,5
2021-05-14,20.079999923706055,20.200000762939453,18.530000686645508,18.81999969482422,79409500,PLTR,0.09308650007356323,19.408571243286133,2021,5
2021-05-17,20.459999084472656,20.489999771118164,19.6299991607666,19.729999542236328,50039600,PLTR,0.018924261066255443,19.461428233555385,2021,5
2021-05-18,21.239999771118164,21.6200008392334,20.260000228881836,20.520000457763672,59672400,PLTR,0.03812320242171752,19.674285343715123,2021,5
2021-05-19,20.670000076293945,21.03499984741211,19.940000534057617,20.100000381469727,45314000,PLTR,-0.026836144113301486,19.988571166992188,2021,5
2021-05-20,20.610000610351562,20.809999465942383,20.280000686645508,20.75,46302400,PLTR,-0.0029027317716943113,20.045714242117747,2021,5
2021-05-21,20.75,21.15999984741211,20.469999313354492,20.84000015258789,35372900,PLTR,0.006792789204388638,20.31142861502511,2021,5
2021-05-24,21.219999313354492,21.520000457763672,20.674999237060547,21.059999465942383,46596800,PLTR,0.022650569318288793,20.718571254185267,2021,5
2021-05-25,21.479999542236328,22.110000610351562,21.280000686645508,21.420000076293945,49890800,PLTR,0.012252603077051338,20.91857119968959,2021,5
2021-05-26,22.1200008392334,22.239999771118164,21.489999771118164,21.579999923706055,42958300,PLTR,0.02979521930336304,21.155714307512557,2021,5
2021-05-27,22.700000762939453,22.700000762939453,21.649999618530273,22.010000228881836,76230500,PLTR,0.026220610384305676,21.36428587777274,2021,5
2021-05-28,22.950000762939453,24.75,22.760000228881836,23.0,111846000,PLTR,0.011013215488880235,21.69000026157924,2021,5
2021-06-01,23.059999465942383,23.350000381469727,22.360000610351562,23.190000534057617,52695500,PLTR,0.004792971649071109,22.040000098092214,2021,6
2021-06-02,24.450000762939453,24.84000015258789,22.81999969482422,23.020000457763672,86473200,PLTR,0.06027759450081427,22.568571635654994,2021,6
2021-06-03,23.6299991607666,24.260000228881836,23.34000015258789,24.139999389648438,48164200,PLTR,-0.03353789679286168,22.91285732814244,2021,6
2021-06-04,24.030000686645508,24.489999771118164,23.5,23.709999084472656,42537600,PLTR,0.016927699538095586,23.277143205915177,2021,6
2021-06-07,24.459999084472656,24.760000228881836,23.790000915527344,24.0,49641000,PLTR,0.017894231607996414,23.611428669520787,2021,6
2021-06-08,24.3799991607666,25.229999542236328,23.93000030517578,24.850000381469727,53488600,PLTR,-0.003270642955863323,23.85142844063895,2021,6
2021-06-09,24.170000076293945,24.739999771118164,24.170000076293945,24.450000762939453,36006200,PLTR,-0.008613580463554538,24.02571405683245,2021,6
2021-06-10,24.139999389648438,24.389999389648438,23.440000534057617,24.0,35482900,PLTR,-0.0012412365143074089,24.17999976021903,2021,6
2021-06-11,24.670000076293945,24.709999084472656,24.030000686645508,24.1200008392334,33113100,PLTR,0.021955289977048542,24.211428233555385,2021,6
2021-06-14,25.0,25.149999618530273,24.469999313354492,24.729999542236328,51801500,PLTR,0.0133765675997366,24.407142639160156,2021,6
2021-06-15,24.40999984741211,25.549999237060547,24.389999389648438,25.030000686645508,46693200,PLTR,-0.023600006103515647,24.461428233555385,2021,6
2021-06-16,24.799999237060547,24.940000534057617,23.860000610351562,24.09000015258789,58452600,PLTR,0.015977033678260533,24.509999683925084,2021,6
2021-06-17,25.450000762939453,25.459999084472656,24.549999237060547,24.68000030517578,64408400,PLTR,0.026209739753038308,24.662857055664062,2021,6
2021-06-18,25.3700008392334,25.940000534057617,25.020000457763672,25.59000015258789,65852600,PLTR,-0.0031434153755528493,24.834285736083984,2021,6
2021-06-21,25.420000076293945,25.549999237060547,24.510000228881836,25.100000381469727,54805000,PLTR,0.0019708015532748924,25.01714297703334,2021,6
2021-06-22,25.399999618530273,25.520000457763672,24.959999084472656,25.389999389648438,46171100,PLTR,-0.0007868000670198105,25.121428625924246,2021,6
2021-06-23,26.270000457763672,26.350000381469727,25.34000015258789,25.459999084472656,53362200,PLTR,0.034252002059035336,25.30285726274763,2021,6
2021-06-24,26.530000686645508,26.709999084472656,26.170000076293945,26.489999771118164,48419400,PLTR,0.009897229705033928,25.605714525495255,2021,6
2021-06-25,26.780000686645508,27.010000228881836,26.2450008392334,26.579999923706055,140832700,PLTR,0.009423294139824234,25.888571875435964,2021,6
2021-06-28,27.3799991607666,27.5,26.860000610351562,26.979999542236328,42184600,PLTR,0.022404722133569477,26.164285932268417,2021,6
2021-06-29,26.6299991607666,27.440000534057617,26.440000534057617,27.3799991607666,38478900,PLTR,-0.027392257961595945,26.344285692487443,2021,6
2021-06-30,26.360000610351562,26.920000076293945,26.209999084472656,26.479999542236328,28957100,PLTR,-0.010138886929175084,26.478571483067103,2021,6
2021-07-01,24.719999313354492,26.1299991607666,24.59000015258789,26.100000381469727,55429800,PLTR,-0.06221552575962541,26.381428582327707,2021,7
2021-07-02,24.440000534057617,25.34000015258789,24.329999923706055,25.0,29389500,PLTR,-0.011326811774853507,26.12000002179827,2021,7
2021-07-06,24.68000030517578,25.200000762939453,24.469999313354492,24.600000381469727,28764500,PLTR,0.009819957687141612,25.85571425301688,2021,7
2021-07-07,22.889999389648438,24.260000228881836,22.719999313354492,24.229999542236328,66937300,PLTR,-0.07252839924608723,25.2999997820173,2021,7
2021-07-08,23.079999923706055,23.209999084472656,22.25,22.43000030517578,34612600,PLTR,0.008300591486408715,24.685714176722936,2021,7
2021-07-09,23.290000915527344,23.389999389648438,22.760000228881836,22.959999084472656,22492400,PLTR,0.009098829831692967,24.208571570260183,2021,7
2021-07-12,22.950000762939453,23.4950008392334,22.8799991607666,23.260000228881836,23457200,PLTR,-0.014598546123766543,23.721428734915598,2021,7
2021-07-13,22.450000762939453,22.989999771118164,22.420000076293945,22.979999542236328,24748800,PLTR,-0.02178649165046731,23.39714322771345,2021,7
2021-07-14,21.559999465942383,22.6200008392334,21.510000228881836,22.489999771118164,33796200,PLTR,-0.03964370898669578,22.985714503696986,2021,7
2021-07-15,21.469999313354492,22.05500030517578,21.010000228881836,21.719999313354492,31871000,PLTR,-0.0041744042123035285,22.527142933436803,2021,7
2021-07-16,21.3700008392334,21.709999084472656,21.239999771118164,21.600000381469727,19503100,PLTR,-0.004657590932427014,22.310000283377512,2021,7
2021-07-19,21.540000915527344,21.690000534057617,20.549999237060547,20.969999313354492,30314400,PLTR,0.007955080468777576,22.09000042506627,2021,7
2021-07-20,22.18000030517578,22.350000381469727,21.219999313354492,21.6299991607666,22954000,PLTR,0.02971213381829929,21.931428909301758,2021,7
2021-07-21,22.520000457763672,22.68000030517578,22.1200008392334,22.270000457763672,20437300,PLTR,0.015329132006754342,21.870000294276647,2021,7
2021-07-22,22.06999969482422,22.670000076293945,21.8799991607666,22.549999237060547,17468900,PLTR,-0.019982271482783975,21.81571442740304,2021,7
2021-07-23,21.809999465942383,22.079999923706055,21.510000228881836,22.010000228881836,17653300,PLTR,-0.011780708313412935,21.851428713117325,2021,7
2021-07-26,22.1299991607666,22.299999237060547,21.479999542236328,21.799999237060547,16267900,PLTR,0.014672155096744355,21.94571440560477,2021,7
2021-07-27,21.68000030517578,22.110000610351562,21.09000015258789,21.959999084472656,23078700,PLTR,-0.02033433676710683,21.99000004359654,2021,7
2021-07-28,22.559999465942383,22.614999771118164,21.690000534057617,21.75,25073600,PLTR,0.04059036662266635,22.13571412222726,2021,7
2021-07-29,22.18000030517578,22.850000381469727,22.139999389648438,22.780000686645508,19219100,PLTR,-0.01684393482988622,22.13571412222726,2021,7
2021-07-30,21.709999084472656,22.4060001373291,21.709999084472656,21.850000381469727,15889200,PLTR,-0.02119031624149481,22.019999640328543,2021,7
2021-08-02,22.100000381469727,22.3700008392334,21.479999542236328,21.90999984741211,21372900,PLTR,0.017964132355767992,22.024285452706472,2021,8
2021-08-03,22.239999771118164,22.270000457763672,21.709999084472656,22.030000686645508,17040100,PLTR,0.0063348139018957195,22.085714067731583,2021,8
2021-08-04,22.299999237060547,22.540000915527344,22.06999969482422,22.200000762939453,15537400,PLTR,0.002697817741001085,22.109999792916433,2021,8
2021-08-05,22.520000457763672,22.770000457763672,22.020000457763672,22.219999313354492,18575200,PLTR,0.009865525929593,22.229999814714706,2021,8
2021-08-06,21.81999969482422,22.690000534057617,21.790000915527344,22.639999389648438,24200700,PLTR,-0.031083514596383144,22.124285561697825,2021,8
2021-08-09,22.93000030517578,23.280000686645508,21.799999237060547,21.850000381469727,35611100,PLTR,0.05087078945353318,22.231428418840682,2021,8
2021-08-10,22.920000076293945,23.520000457763672,22.780000686645508,23.010000228881836,25947900,PLTR,-0.0004361198756538398,22.40428570338658,2021,8
2021-08-11,22.350000381469727,23.190000534057617,22.09000015258789,23.06999969482422,34679000,PLTR,-0.02486909655003744,22.439999989100865,2021,8
2021-08-12,24.889999389648438,25.760000228881836,23.584999084472656,24.450000762939453,189287200,PLTR,0.11364648612196948,22.81857136317662,2021,8
2021-08-13,24.899999618530273,25.100000381469727,24.309999465942383,25.0,52395100,PLTR,0.000401776983811164,23.189999989100865,2021,8
2021-08-16,24.5,24.899999618530273,23.770000457763672,24.899999618530273,45907300,PLTR,-0.01606424195414846,23.472857066563197,2021,8
2021-08-17,23.969999313354492,24.59000015258789,23.739999771118164,23.899999618530273,35348300,PLTR,-0.02163268108757177,23.77999986921038,2021,8
2021-08-18,25.280000686645508,25.940000534057617,23.68000030517578,24.06999969482422,92065600,PLTR,0.054651706750828755,24.11571420942034,2021,8
2021-08-19,24.15999984741211,25.639999389648438,24.139999389648438,25.010000228881836,67605600,PLTR,-0.044303829462514766,24.292857033865793,2021,8
2021-08-20,24.010000228881836,24.479999542236328,23.65999984741211,24.219999313354492,52062300,PLTR,-0.00620859352142511,24.52999986921038,2021,8
2021-08-23,24.81999969482422,24.93000030517578,23.899999618530273,24.020000457763672,35705300,PLTR,0.033735920792205,24.51999991280692,2021,8
2021-08-24,25.100000381469727,25.350000381469727,24.760000228881836,25.0,37227400,PLTR,0.011281252622412197,24.5485714503697,2021,8
2021-08-25,24.350000381469727,25.190000534057617,24.06999969482422,25.1200008392334,54678500,PLTR,-0.02988047763352597,24.527142933436803,2021,8
2021-08-26,24.8700008392334,25.40999984741211,24.360000610351562,24.399999618530273,46179400,PLTR,0.021355254604406015,24.65571457999093,2021,8
2021-08-27,25.709999084472656,26.09000015258789,24.90999984741211,25.049999237060547,52268500,PLTR,0.033775561596046666,24.71714292253767,2021,8
2021-08-30,25.760000228881836,26.600000381469727,25.6200008392334,25.739999771118164,44139300,PLTR,0.001944813154014291,24.94571440560477,2021,8
2021-08-31,26.34000015258789,26.360000610351562,25.65999984741211,25.790000915527344,93168600,PLTR,0.022515524788534913,25.27857153756278,2021,8
2021-09-01,26.200000762939453,26.510000228881836,26.030000686645508,26.459999084472656,34417200,PLTR,-0.005315086895877785,25.475714547293528,2021,9
2021-09-02,26.510000228881836,26.8700008392334,26.09000015258789,26.209999084472656,38460100,PLTR,0.01183204034027674,25.677143096923828,2021,9
2021-09-03,26.639999389648438,26.75,26.219999313354492,26.489999771118164,26609500,PLTR,0.004903778183485974,26.00428581237793,2021,9
2021-09-07,26.700000762939453,26.8799991607666,26.270000457763672,26.790000915527344,35835100,PLTR,0.0022523038538180273,26.265714372907365,2021,9
2021-09-08,25.579999923706055,26.610000610351562,24.959999084472656,26.600000381469727,54394400,PLTR,-0.041947595776401614,26.247143064226425,2021,9
2021-09-09,26.1299991607666,26.239999771118164,25.290000915527344,25.389999389648438,34190800,PLTR,0.021501143029748038,26.300000054495676,2021,9
2021-09-10,26.280000686645508,26.729999542236328,26.170000076293945,26.18000030517578,37307800,PLTR,0.005740586708633755,26.29142870221819,2021,9
2021-09-13,25.829999923706055,26.23900032043457,25.030000686645508,26.149999618530273,42372300,PLTR,-0.017123316255015397,26.238571439470565,2021,9
2021-09-14,26.260000228881836,26.700000762939453,25.899999618530273,25.969999313354492,34569000,PLTR,0.01664732119418777,26.202857153756277,2021,9
2021-09-15,27.079999923706055,27.149999618530273,26.030000686645508,26.299999237060547,49555500,PLTR,0.03122618764954721,26.265714372907365,2021,9
2021-09-16,28.6299991607666,28.790000915527344,27.020000457763672,27.200000762939453,109992000,PLTR,0.057237785872505276,26.541428429739817,2021,9
2021-09-17,28.709999084472656,29.290000915527344,28.06999969482422,28.65999984741211,182052600,PLTR,0.002794269160010465,26.988571166992188,2021,9
2021-09-20,26.549999237060547,28.100000381469727,26.059999465942383,27.56999969482422,89413500,PLTR,-0.07523510680222589,27.048571177891322,2021,9
2021-09-21,26.6200008392334,27.14900016784668,26.079999923706055,26.889999389648438,50933600,PLTR,0.0026365952611833166,27.09714262826102,2021,9
2021-09-22,27.43000030517578,27.770000457763672,26.582000732421875,26.610000610351562,44308100,PLTR,0.030428228414951075,27.325714111328125,2021,9
2021-09-23,28.770000457763672,29.190000534057617,27.670000076293945,27.709999084472656,60028600,PLTR,0.04885162733064363,27.68428557259696,2021,9
2021-09-24,28.559999465942383,28.760000228881836,27.900999069213867,28.270000457763672,40309700,PLTR,-0.007299304431002129,27.89571407863072,2021,9
2021-09-27,27.469999313354492,28.3799991607666,27.229999542236328,28.229999542236328,44102800,PLTR,-0.03816527216282717,27.729999814714706,2021,9
2021-09-28,25.34000015258789,27.1299991607666,25.209999084472656,27.020000457763672,64206200,PLTR,-0.07753910498756755,27.248571395874023,2021,9
2021-09-29,24.520000457763672,25.700000762939453,24.420000076293945,25.610000610351562,46164500,PLTR,-0.03235989304997988,26.958571570260183,2021,9
2021-09-30,24.040000915527344,25.049999237060547,23.8799991607666,24.690000534057617,59505600,PLTR,-0.019575837409266716,26.59000015258789,2021,9
2021-10-01,24.329999923706055,24.360000610351562,23.719999313354492,24.209999084472656,32778000,PLTR,0.01206318623687741,26.147142955235072,2021,10
2021-10-04,23.170000076293945,24.049999237060547,23.020000457763672,24.010000228881836,46789700,PLTR,-0.04767775795518425,25.347142900739396,2021,10
2021-10-05,23.209999084472656,23.8799991607666,23.06999969482422,23.209999084472656,56574800,PLTR,0.0017263274944756546,24.582857131958008,2021,10
2021-10-06,23.579999923706055,25.010000228881836,23.350000381469727,24.90999984741211,125175700,PLTR,0.015941441354081265,24.027142933436803,2021,10
2021-10-07,23.729999542236328,24.1299991607666,23.540000915527344,23.709999084472656,38873700,PLTR,0.006361306998117211,23.797142846243723,2021,10
2021-10-08,23.5,24.09600067138672,23.110000610351562,23.860000610351562,39713400,PLTR,-0.009692353420696853,23.651428495134628,2021,10
2021-10-11,23.530000686645508,23.979999542236328,23.260000228881836,23.260000228881836,23971700,PLTR,0.0012766249636386728,23.578571319580078,2021,10
2021-10-12,23.690000534057617,23.809999465942383,23.290000915527344,23.549999237060547,26280000,PLTR,0.006799823320996268,23.48714283534459,2021,10
2021-10-13,24.1299991607666,24.309999465942383,23.790000915527344,23.829999923706055,28494000,PLTR,0.01857317926508384,23.624285561697825,2021,10
2021-10-14,24.350000381469727,24.709999084472656,24.204999923706055,24.43000030517578,26106700,PLTR,0.009117332298163916,23.78714288984026,2021,10
2021-10-15,24.0,24.520000457763672,23.829999923706055,24.5,24366100,PLTR,-0.014373732073371004,23.847142900739396,2021,10
2021-10-18,24.260000228881836,24.389999389648438,23.920000076293945,24.0,25609900,PLTR,0.010833342870076423,23.9228572845459,2021,10
2021-10-19,24.690000534057617,25.200000762939453,24.360000610351562,24.5,29393900,PLTR,0.017724662041175954,24.092857360839844,2021,10
2021-10-20,24.219999313354492,24.959999084472656,24.170000076293945,24.790000915527344,24248000,PLTR,-0.019036096012019166,24.191428593226842,2021,10
2021-10-21,24.780000686645508,24.93000030517578,24.079999923706055,24.1299991607666,23976600,PLTR,0.023121444639440547,24.347142900739396,2021,10
2021-10-22,24.43000030517578,24.850000381469727,24.25,24.489999771118164,20166800,PLTR,-0.014124308788189377,24.390000207083567,2021,10
2021-10-25,25.40999984741211,25.540000915527344,24.479999542236328,24.5,33962100,PLTR,0.04011459394164252,24.54142870221819,2021,10
2021-10-26,25.520000457763672,26.75,25.25,25.989999771118164,56767000,PLTR,0.004329028375132715,24.75857162475586,2021,10
2021-10-27,25.059999465942383,25.899999618530273,25.020000457763672,25.639999389648438,24157200,PLTR,-0.01802511691105191,24.872857230050222,2021,10
2021-10-28,25.639999389648438,25.795000076293945,25.1200008392334,25.299999237060547,21203000,PLTR,0.023144450760834934,25.00857135227748,2021,10
2021-10-29,25.8799991607666,26.1200008392334,25.450000762939453,25.5,21910300,PLTR,0.009360365711048368,25.24571418762207,2021,10
2021-11-01,26.559999465942383,26.645000457763672,25.882999420166016,26.110000610351562,26684700,PLTR,0.026275128563630012,25.499999727521622,2021,11
2021-11-02,25.920000076293945,26.719999313354492,25.55500030517578,26.559999465942383,30794600,PLTR,-0.024096363046584468,25.71285683768136,2021,11
2021-11-03,26.1200008392334,26.235000610351562,25.170000076293945,25.889999389648438,25244200,PLTR,0.007716078794396619,25.81428555079869,2021,11
2021-11-04,26.469999313354492,26.56999969482422,25.8700008392334,26.260000228881836,25029700,PLTR,0.013399634872728772,25.94999967302595,2021,11
2021-11-05,26.0,26.6299991607666,25.719999313354492,26.450000762939453,26005000,PLTR,-0.017755924652305133,26.084285463605607,2021,11
2021-11-08,26.75,27.110000610351562,26.1200008392334,26.25,41359600,PLTR,0.028846153846153744,26.242856979370117,2021,11
2021-11-09,24.25,25.979999542236328,23.950000762939453,25.899999618530273,117540200,PLTR,-0.09345794392523366,26.00999995640346,2021,11
2021-11-10,22.520000457763672,23.639999389648438,22.1200008392334,23.600000381469727,94860100,PLTR,-0.07134018730871461,25.432857240949357,2021,11
2021-11-11,22.989999771118164,23.1299991607666,22.665000915527344,23.040000915527344,43381500,PLTR,0.020870306563091745,25.014285768781388,2021,11
2021-11-12,22.829999923706055,23.225000381469727,22.3799991607666,23.020000457763672,53516200,PLTR,-0.006959541061549501,24.54428563799177,2021,11
2021-11-15,23.40999984741211,23.520000457763672,22.950000762939453,23.0,33225700,PLTR,0.025405165380828487,24.107142857142858,2021,11
2021-11-16,23.1299991607666,23.290000915527344,22.610000610351562,23.290000915527344,31574800,PLTR,-0.011960729964569428,23.69714273725237,2021,11
2021-11-17,22.489999771118164,23.2189998626709,22.399999618530273,23.049999237060547,27994100,PLTR,-0.027669667655414898,23.088571275983536,2021,11
2021-11-18,21.5,22.549999237060547,21.341999053955078,22.5,51039900,PLTR,-0.04401955452171813,22.695714133126394,2021,11
2021-11-19,21.40999984741211,21.959999084472656,21.299999237060547,21.600000381469727,30013100,PLTR,-0.0041860536087391376,22.537142617361887,2021,11
2021-11-22,20.649999618530273,21.56999969482422,20.18000030517578,21.530000686645508,59899100,PLTR,-0.03549744205036509,22.202856881277903,2021,11
2021-11-23,20.59000015258789,21.049999237060547,20.049999237060547,20.59000015258789,44588000,PLTR,-0.0029055431985840485,21.882856913975306,2021,11
2021-11-24,21.110000610351562,21.200000762939453,20.059999465942383,20.350000381469727,35233900,PLTR,0.025255000189901233,21.55428559439523,2021,11
2021-11-26,21.030000686645508,21.09000015258789,20.349000930786133,20.40999984741211,20691200,PLTR,-0.003789669417007313,21.25428581237793,2021,11
2021-11-29,21.06999969482422,21.399999618530273,20.559999465942383,21.190000534057617,29114000,PLTR,0.001901997473738204,21.051428658621653,2021,11
2021-11-30,20.649999618530273,21.25,20.110000610351562,20.950000762939453,38196400,PLTR,-0.01993355872696656,20.930000032697404,2021,11
2021-12-01,19.3799991607666,20.889999389648438,19.290000915527344,20.530000686645508,48283700,PLTR,-0.06150123395760443,20.63999993460519,2021,12
2021-12-02,19.690000534057617,19.90999984741211,19.059999465942383,19.299999237060547,45802900,PLTR,0.015995943586963213,20.502857208251953,2021,12
2021-12-03,18.979999542236328,19.530000686645508,18.399999618530273,19.5,56039600,PLTR,-0.036058962547675266,20.272857121058873,2021,12
2021-12-06,18.799999237060547,18.969999313354492,18.075000762939453,18.540000915527344,56459800,PLTR,-0.009483683325451353,19.94285692487444,2021,12
2021-12-07,19.459999084472656,19.854999542236328,19.06999969482422,19.260000228881836,35129000,PLTR,0.03510637628702917,19.718570981706893,2021,12
2021-12-08,19.81999969482422,19.825000762939453,19.030000686645508,19.510000228881836,28425900,PLTR,0.01849951836014263,19.539999553135463,2021,12
2021-12-09,19.209999084472656,20.149999618530273,19.040000915527344,19.950000762939453,30354700,PLTR,-0.03077702420504369,19.334285191127233,2021,12
2021-12-10,18.940000534057617,19.579999923706055,18.700000762939453,19.280000686645508,27594500,PLTR,-0.014055104803897489,19.27142824445452,2021,12
2021-12-13,18.399999618530273,19.075000762939453,18.170000076293945,18.799999237060547,38376000,PLTR,-0.02851113517955406,19.087142399379186,2021,12
2021-12-14,18.639999389648438,18.858999252319336,17.90999984741211,18.0,38864800,PLTR,0.013043466092057088,19.038570949009486,2021,12
2021-12-15,18.860000610351562,18.940000534057617,17.9950008392334,18.3700008392334,39361900,PLTR,0.01180264098212902,19.047142573765345,2021,12
2021-12-16,18.34000015258789,19.1200008392334,18.149999618530273,18.959999084472656,33950000,PLTR,-0.027571603443017012,18.887142726353236,2021,12
2021-12-17,19.059999465942383,19.100000381469727,17.809999465942383,18.030000686645508,44495200,PLTR,0.039258413705786976,18.778571265084402,2021,12
2021-12-20,17.959999084472656,18.670000076293945,17.834999084472656,18.59000015258789,42265900,PLTR,-0.05771250851477083,18.599999836512975,2021,12
2021-12-21,18.899999618530273,18.979999542236328,18.100000381469727,18.15999984741211,33878600,PLTR,0.0523385624707684,18.59428542000907,2021,12
2021-12-22,18.8799991607666,19.450000762939453,18.649999618530273,18.649999618530273,33894200,PLTR,-0.001058225299859883,18.662856783185685,2021,12
2021-12-23,18.93000030517578,19.135000228881836,18.719999313354492,18.850000381469727,24758300,PLTR,0.0026483658173610536,18.70428548540388,2021,12
2021-12-27,18.940000534057617,19.25,18.780000686645508,18.780000686645508,21782000,PLTR,0.0005282741004024594,18.715714045933314,2021,12
2021-12-28,18.56999969482422,19.06999969482422,18.440000534057617,18.889999389648438,20518800,PLTR,-0.019535418627262935,18.748571123395646,2021,12
2021-12-29,18.170000076293945,18.600000381469727,17.90999984741211,18.530000686645508,28217500,PLTR,-0.021540098282379683,18.62142835344587,2021,12
2021-12-30,18.690000534057617,18.9950008392334,18.06999969482422,18.100000381469727,29285200,PLTR,0.02861862716457031,18.72571427481515,2021,12
2021-12-31,18.209999084472656,18.920000076293945,18.209999084472656,18.610000610351562,23556000,PLTR,-0.02568225981108374,18.627142769949778,2021,12
2022-01-03,18.530000686645508,18.569000244140625,17.860000610351562,18.360000610351562,34283600,PLTR,0.017572851085188246,18.57714298793248,2022,1
2022-01-04,18.170000076293945,18.84000015258789,17.790000915527344,18.610000610351562,39643200,PLTR,-0.019427986886747073,18.468571526663645,2022,1
2022-01-05,16.959999084472656,18.56800079345703,16.8700008392334,18.030000686645508,58445900,PLTR,-0.06659333994169625,18.185714176722936,2022,1
2022-01-06,16.739999771118164,17.18000030517578,16.05500030517578,16.8700008392334,49737100,PLTR,-0.012971658327264102,17.924285616193497,2022,1
2022-01-07,16.559999465942383,17.329999923706055,16.475000381469727,16.700000762939453,37989300,PLTR,-0.01075270654939553,17.694285529000418,2022,1
2022-01-10,16.5,16.56999969482422,15.350000381469727,16.190000534057617,77649400,PLTR,-0.003623156272787309,17.38142830984933,2022,1
2022-01-11,16.889999389648438,17.25,16.31999969482422,16.399999618530273,47442600,PLTR,0.023636326645359862,17.19285692487444,2022,1
2022-01-12,16.719999313354492,17.459999084472656,16.399999618530273,17.15999984741211,39784200,PLTR,-0.010065132175086755,16.93428530011858,2022,1
2022-01-13,16.010000228881836,16.81999969482422,15.9399995803833,16.799999237060547,35492200,PLTR,-0.04246406182000084,16.625713893345424,2022,1
2022-01-14,16.010000228881836,16.249000549316406,15.619999885559082,15.9399995803833,35624900,PLTR,0.0,16.489999771118164,2022,1
2022-01-18,14.970000267028809,15.75,14.920000076293945,15.449999809265137,49067700,PLTR,-0.06495939706339793,16.237142699105398,2022,1
2022-01-19,14.5600004196167,15.25,14.539999961853027,14.899999618530273,48049100,PLTR,-0.027388098870988475,15.951428549630302,2022,1
2022-01-20,14.619999885559082,15.550000190734863,14.569999694824219,14.890000343322754,44690400,PLTR,0.004120842322335783,15.68285710471017,2022,1
2022-01-21,13.529999732971191,14.477999687194824,13.5,14.25,73031300,PLTR,-0.07455541457729686,15.202857153756279,2022,1
2022-01-24,13.399999618530273,13.40999984741211,11.75,12.789999961853027,110518900,PLTR,-0.009608286548899336,14.728571483067103,2022,1
2022-01-25,13.0600004196167,13.600000381469727,12.829999923706055,13.119999885559082,47456600,PLTR,-0.02537307526810706,14.30714293888637,2022,1
2022-01-26,12.75,13.819999694824219,12.680000305175781,13.600000381469727,69949700,PLTR,-0.023736631673538455,13.841428620474678,2022,1
2022-01-27,12.279999732971191,13.0600004196167,12.199999809265137,13.010000228881836,52622900,PLTR,-0.0368627660414752,13.45714282989502,2022,1
2022-01-28,12.710000038146973,12.880000114440918,11.890000343322754,12.300000190734863,54887500,PLTR,0.03501631225782953,13.19285706111363,2022,1
2022-01-31,13.710000038146973,13.739999771118164,12.760000228881836,12.770000457763672,51039300,PLTR,0.07867820590076047,13.0628570829119,2022,1
2022-02-01,14.199999809265137,14.369999885559082,13.5600004196167,14.229999542236328,69012900,PLTR,0.0357403187275549,13.158571379525322,2022,2
2022-02-02,13.319999694824219,14.199999809265137,13.1899995803833,14.09000015258789,47204300,PLTR,-0.061971839877542845,13.147142818995885,2022,2
2022-02-03,12.449999809265137,13.319999694824219,12.420000076293945,12.949999809265137,47236900,PLTR,-0.06531530822010001,13.059999874659947,2022,2
2022-02-04,12.9399995803833,13.09000015258789,12.265000343322754,12.470000267028809,38989200,PLTR,0.039357411937750664,13.087142671857562,2022,2
2022-02-07,12.979999542236328,13.600000381469727,12.9399995803833,13.024999618530273,45646100,PLTR,0.003091187260443773,13.187142644609724,2022,2
2022-02-08,13.149999618530273,13.189000129699707,12.619999885559082,12.75,30317100,PLTR,0.013097078758806724,13.249999727521624,2022,2
2022-02-09,13.869999885559082,13.890000343322754,13.260000228881836,13.289999961853027,34451900,PLTR,0.05475287360573167,13.272856848580497,2022,2
2022-02-10,13.5600004196167,14.164999961853027,13.369999885559082,13.5,41998200,PLTR,-0.022350358219190958,13.181428364345006,2022,2
2022-02-11,13.130000114440918,13.920000076293945,12.970000267028809,13.449999809265137,41831600,PLTR,-0.031710935978565113,13.154285567147392,2022,2
2022-02-14,13.260000228881836,13.795000076293945,12.979999542236328,13.100000381469727,40617900,PLTR,0.00990099872870065,13.26999991280692,2022,2
2022-02-15,14.170000076293945,14.1850004196167,13.40999984741211,13.520000457763672,48523700,PLTR,0.06862743828842643,13.445714269365583,2022,2
2022-02-16,13.970000267028809,14.260000228881836,13.65999984741211,13.90999984741211,58624400,PLTR,-0.014114312504467152,13.587142944335938,2022,2
2022-02-17,11.770000457763672,12.699999809265137,11.699999809265137,12.390000343322754,151385400,PLTR,-0.1574802982973057,13.390000207083565,2022,2
2022-02-18,11.020000457763672,12.010000228881836,10.569999694824219,11.920000076293945,137808100,PLTR,-0.06372132292529253,12.982857431684222,2022,2
2022-02-22,10.479999542236328,11.1850004196167,10.300000190734863,10.699999809265137,104501500,PLTR,-0.049001895925231964,12.54285730634417,2022,2
2022-02-23,10.430000305175781,11.260000228881836,10.399999618530273,10.829999923706055,93964500,PLTR,-0.00477091977523858,12.157143047877721,2022,2
2022-02-24,11.829999923706055,11.869999885559082,9.739999771118164,9.75,118793000,PLTR,0.13422814741774625,11.952857289995466,2022,2
2022-02-25,11.470000267028809,11.890000343322754,11.0,11.59000015258789,75433700,PLTR,-0.030431078529074673,11.567143031529017,2022,2
2022-02-28,11.850000381469727,12.180000305175781,11.390000343322754,11.960000038146973,75390500,PLTR,0.03312991330377302,11.264285905020577,2022,2
2022-03-01,12.180000305175781,12.520000457763672,11.710000038146973,11.989999771118164,64867200,PLTR,0.02784809393104215,11.322857311793737,2022,3
2022-03-02,12.0600004196167,12.210000038146973,11.420000076293945,12.210000038146973,56698300,PLTR,-0.009852207106110566,11.471428734915596,2022,3
2022-03-03,11.34000015258789,12.055000305175781,11.234999656677246,12.010000228881836,46172000,PLTR,-0.059701512601746054,11.59428596496582,2022,3
2022-03-04,10.960000038146973,11.770000457763672,10.739999771118164,11.699999809265137,43502200,PLTR,-0.0335097098172612,11.670000212533134,2022,3
2022-03-07,11.109999656677246,11.75,11.100000381469727,11.430000305175781,63070600,PLTR,0.013686096533594094,11.567143031529017,2022,3
2022-03-08,11.039999961853027,11.390000343322754,10.718999862670898,10.930000305175781,49279600,PLTR,-0.006300602789141241,11.505714416503906,2022,3
2022-03-09,11.649999618530273,12.020000457763672,11.270000457763672,11.40999984741211,43591400,PLTR,0.05525359228125026,11.477142878941127,2022,3
2022-03-10,11.869999885559082,11.970000267028809,11.319999694824219,11.380000114440918,52295400,PLTR,0.018884143710947487,11.43285710471017,2022,3
2022-03-11,11.390000343322754,12.005000114440918,11.369999885559082,11.859999656677246,37817400,PLTR,-0.04043804101635173,11.337142808096749,2022,3
2022-03-14,10.5,11.40999984741211,10.40999984741211,11.170000076293945,49762600,PLTR,-0.07813874596101356,11.21714278629848,2022,3
2022-03-15,10.770000457763672,10.850000381469727,10.270000457763672,10.470000267028809,40451200,PLTR,0.025714329310825956,11.189999989100865,2022,3
2022-03-16,11.789999961853027,11.819999694824219,10.9399995803833,10.949999809265137,62746600,PLTR,0.09470747082040076,11.287142889840263,2022,3
2022-03-17,12.319999694824219,12.369999885559082,11.65999984741211,11.720000267028809,43948900,PLTR,0.044953327793555875,11.469999994550433,2022,3
2022-03-18,12.819999694824219,13.020000457763672,12.21500015258789,12.279999732971191,59125500,PLTR,0.04058441658972245,11.637142862592425,2022,3
2022-03-21,12.59000015258789,13.050000190734863,12.420000076293945,12.720000267028809,39410900,PLTR,-0.017940682348782322,11.74000004359654,2022,3
2022-03-22,13.270000457763672,13.479999542236328,12.520000457763672,12.520000457763672,46210700,PLTR,0.0540111435213928,12.00857148851667,2022,3
2022-03-23,13.180000305175781,13.550000190734863,13.020000457763672,13.15999984741211,33699400,PLTR,-0.006782226788487833,12.391428674970355,2022,3
2022-03-24,13.390000343322754,13.420000076293945,12.829999923706055,13.25,29535300,PLTR,0.015933234695336473,12.765714372907366,2022,3
2022-03-25,12.970000267028809,13.395000457763672,12.710000038146973,13.359999656677246,24796900,PLTR,-0.03136669645444701,12.934285845075335,2022,3
2022-03-28,13.420000076293945,13.4399995803833,12.854999542236328,13.010000228881836,27152000,PLTR,0.03469543562069832,13.091428756713867,2022,3
2022-03-29,14.199999809265137,14.279999732971191,13.350000381469727,13.649999618530273,46433700,PLTR,0.058122185434934526,13.288571630205427,2022,3
2022-03-30,13.880000114440918,14.359999656677246,13.739999771118164,14.039999961853027,32164000,PLTR,-0.022535190079046807,13.472857339041573,2022,3
2022-03-31,13.729999542236328,14.0600004196167,13.630000114440918,13.899999618530273,22840000,PLTR,-0.010806957562523922,13.53857149396624,2022,3
2022-04-01,13.829999923706055,14.0649995803833,13.5,13.770000457763672,23831600,PLTR,0.007283349220959856,13.631428582327706,2022,4
2022-04-04,14.630000114440918,14.65999984741211,14.020000457763672,14.029999732971191,40066800,PLTR,0.057845278029508895,13.808571406773158,2022,4
2022-04-05,13.890000343322754,14.859999656677246,13.795000076293945,14.609999656677246,37677300,PLTR,-0.05058098190906557,13.939999989100865,2022,4
2022-04-06,13.0,13.539999961853027,12.850000381469727,13.520000457763672,40647700,PLTR,-0.06407489714358416,13.87999997820173,2022,4
2022-04-07,12.84000015258789,13.34000015258789,12.479999542236328,12.949999809265137,34727400,PLTR,-0.012307680570162294,13.685714312962123,2022,4
2022-04-08,12.699999809265137,13.050000190734863,12.569999694824219,12.699999809265137,24962500,PLTR,-0.01090345340023513,13.517142840794154,2022,4
2022-04-11,12.65999984741211,12.819999694824219,12.130000114440918,12.449999809265137,26095800,PLTR,-0.0031496033428162207,13.364285741533552,2022,4
2022-04-12,12.460000038146973,13.199999809265137,12.425000190734863,12.880000114440918,26226500,PLTR,-0.015797773434098383,13.168571472167969,2022,4
2022-04-13,12.899999618530273,12.9399995803833,12.230999946594238,12.350000381469727,21152900,PLTR,0.035312967819921104,12.921428544180733,2022,4
2022-04-14,12.420000076293945,12.920000076293945,12.40999984741211,12.920000076293945,23284100,PLTR,-0.03720926794035173,12.71142850603376,2022,4
2022-04-18,12.149999618530273,12.414999961853027,11.880000114440918,12.350000381469727,25395600,PLTR,-0.021739167158220996,12.589999880109515,2022,4
2022-04-19,12.90999984741211,13.020000457763672,12.069999694824219,12.079999923706055,31753900,PLTR,0.06255146113113774,12.599999836512975,2022,4
2022-04-20,12.789999961853027,13.170000076293945,12.739999771118164,13.079999923706055,31528600,PLTR,-0.00929511130731242,12.612857001168388,2022,4
2022-04-21,12.329999923706055,13.329999923706055,12.225000381469727,13.020000457763672,32009000,PLTR,-0.035965601213366005,12.565714154924665,2022,4
2022-04-22,11.960000038146973,12.729999542236328,11.859999656677246,12.329999923706055,30386100,PLTR,-0.030008101204259452,12.494285583496094,2022,4
2022-04-25,12.109999656677246,12.15999984741211,11.680000305175781,11.829999923706055,31727600,PLTR,0.01254177408460233,12.381428446088519,2022,4
2022-04-26,11.119999885559082,12.050000190734863,11.100000381469727,11.9399995803833,38666500,PLTR,-0.08175060274029777,12.195714133126396,2022,4
2022-04-27,10.5600004196167,11.194999694824219,10.529999732971191,11.010000228881836,54508500,PLTR,-0.050359664721725594,11.968571390424456,2022,4
2022-04-28,10.949999809265137,11.045000076293945,10.369999885559082,10.6899995803833,40074500,PLTR,0.03693175891583844,11.688571384974889,2022,4
2022-04-29,10.399999618530273,11.229999542236328,10.359999656677246,10.899999618530273,30937500,PLTR,-0.050228328795904775,11.347142764500209,2022,4
2022-05-02,10.739999771118164,10.755000114440918,10.180000305175781,10.380000114440918,41193800,PLTR,0.0326923235633676,11.119999885559082,2022,5
2022-05-03,10.550000190734863,10.979999542236328,10.4399995803833,10.6899995803833,31372700,PLTR,-0.01769083653933068,10.91857133592878,2022,5
2022-05-04,10.979999542236328,11.010000228881836,10.079999923706055,10.529999732971191,43239900,PLTR,0.04075823163293357,10.757142748151507,2022,5
2022-05-05,10.119999885559082,10.800000190734863,9.979999542236328,10.800000190734863,40523600,PLTR,-0.07832419786258815,10.614285605294365,2022,5
2022-05-06,9.479999542236328,10.050000190734863,9.420000076293945,10.0,69691300,PLTR,-0.0632411413596965,10.459999765668597,2022,5
2022-05-09,7.460000038146973,7.849999904632568,7.320000171661377,7.78000020980835,170871700,PLTR,-0.21308012675418742,9.961428369794573,2022,5
2022-05-10,7.289999961853027,7.703000068664551,6.929999828338623,7.559999942779541,86932400,PLTR,-0.022788213863893292,9.517142704554967,2022,5
2022-05-11,6.710000038146973,7.539999961853027,6.659999847412109,7.28000020980835,72894900,PLTR,-0.0795610324747692,8.941428456987653,2022,5
2022-05-12,7.340000152587891,7.380000114440918,6.440000057220459,6.550000190734863,82147300,PLTR,0.09388973336204298,8.482857022966657,2022,5
2022-05-13,8.34000015258789,8.350000381469727,7.519999980926514,7.519999980926514,69242700,PLTR,0.13623977918412256,8.105714253016881,2022,5
2022-05-16,8.039999961853027,8.430000305175781,8.010000228881836,8.170000076293945,46153200,PLTR,-0.03597124523334372,7.808571406773159,2022,5
2022-05-17,8.359999656677246,8.460000038146973,8.010000228881836,8.100000381469727,38620800,PLTR,0.039800957256530545,7.648571423121861,2022,5
2022-05-18,8.010000228881836,8.430000305175781,7.920000076293945,8.210000038146973,29304600,PLTR,-0.04186596198193149,7.727142878941128,2022,5
2022-05-19,8.3100004196167,8.581000328063965,7.945000171661377,7.96999979019165,35780900,PLTR,0.03745320626248505,7.872857230050223,2022,5
2022-05-20,8.079999923706055,8.399999618530273,7.710000038146973,8.260000228881836,40879100,PLTR,-0.027677555270358645,8.068571499415807,2022,5
2022-05-23,8.010000228881836,8.170000076293945,7.800000190734863,8.010000228881836,27755200,PLTR,-0.008663328649155755,8.164285796029228,2022,5
2022-05-24,7.550000190734863,7.989999771118164,7.369999885559082,7.980000019073486,47218700,PLTR,-0.05742821785302077,8.051428658621651,2022,5
2022-05-25,7.960000038146973,8.017999649047852,7.510000228881836,7.519999980926514,35068900,PLTR,0.05430461417938104,8.040000098092216,2022,5
2022-05-26,8.359999656677246,8.399999618530273,7.769999980926514,7.840000152587891,39738900,PLTR,0.05025120811725392,8.040000098092216,2022,5
2022-05-27,8.850000381469727,8.850000381469727,8.434000015258789,8.5,37064000,PLTR,0.05861252929611194,8.160000119890485,2022,5
2022-05-31,8.680000305175781,9.100000381469727,8.5600004196167,8.970000267028809,41672300,PLTR,-0.019209047340822072,8.212857246398926,2022,5
2022-06-01,8.460000038146973,8.979000091552734,8.380000114440918,8.720000267028809,34438100,PLTR,-0.02534565199238814,8.267142977033343,2022,6
2022-06-02,9.300000190734863,9.390000343322754,8.461000442504883,8.539999961853027,41347000,PLTR,0.09929079773052574,8.45142868586949,2022,6
2022-06-03,8.9399995803833,9.25,8.859999656677246,9.039999961853027,36632300,PLTR,-0.03870974225465218,8.650000027247838,2022,6
2022-06-06,8.979999542236328,9.210000038146973,8.779999732971191,9.109999656677246,35101100,PLTR,0.004474268873658316,8.795714242117745,2022,6
2022-06-07,9.130000114440918,9.140000343322754,8.729999542236328,8.890000343322754,28049400,PLTR,0.01670385076291825,8.905714307512556,2022,6
2022-06-08,9.180000305175781,9.420000076293945,9.09000015258789,9.180000305175781,29056300,PLTR,0.005476472081942019,8.952857153756279,2022,6
2022-06-09,8.680000305175781,9.15999984741211,8.670000076293945,9.130000114440918,30527400,PLTR,-0.054466229126168386,8.952857153756279,2022,6
2022-06-10,8.260000228881836,8.579999923706055,8.140000343322754,8.479999542236328,30225800,PLTR,-0.04838710386260059,8.924285752432686,2022,6
2022-06-13,7.639999866485596,8.0,7.5,7.989999771118164,40943000,PLTR,-0.07506057448138481,8.687142848968506,2022,6
2022-06-14,7.820000171661377,7.980000019073486,7.585000038146973,7.735000133514404,30564100,PLTR,0.02356024978028981,8.527142933436803,2022,6
2022-06-15,8.119999885559082,8.300000190734863,7.815000057220459,7.920000076293945,38235300,PLTR,0.03836313392739599,8.404285839625768,2022,6
2022-06-16,7.670000076293945,7.985000133514404,7.579999923706055,7.840000152587891,36793500,PLTR,-0.05541869650336251,8.195714405604772,2022,6
2022-06-17,8.239999771118164,8.329999923706055,7.690000057220459,7.699999809265137,45518000,PLTR,0.07431547446602327,8.061428615025111,2022,6
2022-06-21,8.710000038146973,9.050000190734863,8.5600004196167,8.59000015258789,48887600,PLTR,0.057038868942229426,8.065714291163854,2022,6
2022-06-22,9.010000228881836,9.28499984741211,8.449999809265137,8.520000457763672,43430600,PLTR,0.03444319051905387,8.17285714830671,2022,6
2022-06-23,9.460000038146973,9.5,8.84000015258789,9.020000457763672,44618000,PLTR,0.04994448366634319,8.432857172829765,2022,6
2022-06-24,10.1899995803833,10.199999809265137,9.479999542236328,9.529999732971191,67826000,PLTR,0.07716697032691777,8.771428516932897,2022,6
2022-06-27,9.619999885559082,10.15999984741211,9.510000228881836,10.149999618530273,44768000,PLTR,-0.05593716568168672,8.98571423121861,2022,6
2022-06-28,9.3100004196167,9.880000114440918,9.1899995803833,9.569999694824219,45589000,PLTR,-0.03222447709253451,9.219999994550433,2022,6
2022-06-29,9.229999542236328,9.420000076293945,9.069999694824219,9.350000381469727,40408700,PLTR,-0.008593004701890727,9.361428533281599,2022,6
2022-06-30,9.069999694824219,9.1899995803833,8.720000267028809,9.020000457763672,33636400,PLTR,-0.017334762226146716,9.412857055664062,2022,6
2022-07-01,9.270000457763672,9.430000305175781,9.031000137329102,9.109999656677246,33504400,PLTR,0.022050801507036866,9.449999945504326,2022,7
2022-07-05,10.069999694824219,10.100000381469727,9.0,9.140000343322754,55854800,PLTR,0.0862998055615567,9.537142753601074,2022,7
2022-07-06,9.800000190734863,10.3100004196167,9.739999771118164,10.010000228881836,54604300,PLTR,-0.026812265369593802,9.48142855507987,2022,7
2022-07-07,10.180000305175781,10.279999732971191,9.75,9.760000228881836,35672500,PLTR,0.03877552112704841,9.561428615025111,2022,7
2022-07-08,10.170000076293945,10.380000114440918,9.829999923706055,9.920000076293945,36737100,PLTR,-0.000982340725152242,9.684285708836146,2022,7
2022-07-11,9.5600004196167,9.994000434875488,9.529999732971191,9.979999542236328,34015100,PLTR,-0.0599803001082706,9.731428691319056,2022,7
2022-07-12,9.489999771118164,9.960000038146973,9.270000457763672,9.65999984741211,42765800,PLTR,-0.007322243245397431,9.791428702218193,2022,7
2022-07-13,9.279999732971191,9.550000190734863,9.050000190734863,9.220000267028809,32461300,PLTR,-0.0221285609285351,9.79285717010498,2022,7
2022-07-14,8.899999618530273,9.279999732971191,8.850000381469727,9.229999542236328,26702100,PLTR,-0.04094828937233741,9.625714302062988,2022,7
2022-07-15,9.039999961853027,9.119999885559082,8.649999618530273,9.010000228881836,34918100,PLTR,0.01573037632847374,9.517142840794154,2022,7
2022-07-18,9.029999732971191,9.449999809265137,9.005000114440918,9.25,32428400,PLTR,-0.0011062200137206268,9.352857044764928,2022,7
2022-07-19,9.34000015258789,9.369999885559082,8.890000343322754,9.149999618530273,29033800,PLTR,0.03433005855856197,9.234285627092634,2022,7
2022-07-20,10.109999656677246,10.199999809265137,9.4399995803833,9.4399995803833,40845200,PLTR,0.08244105904816368,9.312856946672712,2022,7
2022-07-21,10.489999771118164,10.760000228881836,10.220000267028809,10.369999885559082,51691200,PLTR,0.03758656056827303,9.455714089529854,2022,7
2022-07-22,9.84000015258789,10.569999694824219,9.729999542236328,10.350000381469727,38915500,PLTR,-0.061963740010738566,9.535714149475098,2022,7
2022-07-25,9.680000305175781,9.850000381469727,9.520000457763672,9.829999923706055,21485000,PLTR,-0.016260146842582146,9.647142818995885,2022,7
2022-07-26,9.399999618530273,9.65999984741211,9.380000114440918,9.65999984741211,21997800,PLTR,-0.028925689857240422,9.698571341378349,2022,7
2022-07-27,10.020000457763672,10.029999732971191,9.5,9.670000076293945,29810900,PLTR,0.0659575387653406,9.840000016348702,2022,7
2022-07-28,10.130000114440918,10.199999809265137,9.739999771118164,10.029999732971191,27172900,PLTR,0.010978009146897394,9.952857153756279,2022,7
2022-07-29,10.350000381469727,10.350000381469727,9.920000076293945,10.010000228881836,31106600,PLTR,0.021717696401126974,9.987142971583776,2022,7
2022-08-01,10.470000267028809,10.699999809265137,10.121999740600586,10.25,31694700,PLTR,0.011594191414130428,9.98428589957101,2022,8
2022-08-02,10.920000076293945,11.229999542236328,10.260000228881836,10.319999694824219,40958800,PLTR,0.04297992337996748,10.138571602957589,2022,8
2022-08-03,11.199999809265137,11.34000015258789,11.039999961853027,11.079999923706055,35796500,PLTR,0.025641001008694042,10.355714389256068,2022,8
2022-08-04,11.319999694824219,11.40999984741211,11.029999732971191,11.1899995803833,32093400,PLTR,0.01071427567880967,10.630000114440918,2022,8
2022-08-05,11.449999809265137,11.619999885559082,10.850000381469727,11.010000228881836,50264800,PLTR,0.011484109359151118,10.834285736083984,2022,8
2022-08-08,9.819999694824219,10.399999618530273,9.710000038146973,9.770000457763672,125272600,PLTR,-0.14235809096887064,10.789999961853027,2022,8
2022-08-09,9.25,9.569999694824219,9.010000228881836,9.539999961853027,58788900,PLTR,-0.05804477724420354,10.632857050214495,2022,8
2022-08-10,9.59000015258789,9.65999984741211,9.319999694824219,9.510000228881836,46054900,PLTR,0.036756773252744956,10.507142748151507,2022,8
2022-08-11,9.420000076293945,10.050000190734863,9.399999618530273,9.760000228881836,44790900,PLTR,-0.0177268064222158,10.292857033865792,2022,8
2022-08-12,9.90999984741211,9.970000267028809,9.420000076293945,9.550000190734863,30638200,PLTR,0.052016960419276614,10.108571325029645,2022,8
2022-08-15,9.90999984741211,10.100000381469727,9.760000228881836,9.819999694824219,33263400,PLTR,0.0,9.907142775399345,2022,8
2022-08-16,9.739999771118164,9.880000114440918,9.359999656677246,9.850000381469727,40603900,PLTR,-0.017154397468365112,9.662857055664062,2022,8
2022-08-17,9.430000305175781,9.619000434875488,9.329999923706055,9.5600004196167,33933600,PLTR,-0.0318274613169518,9.607142857142858,2022,8
2022-08-18,9.149999618530273,9.470000267028809,9.119999885559082,9.420000076293945,26365600,PLTR,-0.029692542691841295,9.592857088361468,2022,8
2022-08-19,8.510000228881836,9.010000228881836,8.479999542236328,9.0,40560200,PLTR,-0.06994529140223482,9.438571384974889,2022,8
2022-08-22,8.069999694824219,8.399999618530273,8.0600004196167,8.319999694824219,37824900,PLTR,-0.05170393915670091,9.24571418762207,2022,8
2022-08-23,8.010000228881836,8.279999732971191,8.0,8.100000381469727,25658500,PLTR,-0.007434878340932816,8.974285670689174,2022,8
2022-08-24,8.100000381469727,8.359999656677246,7.980000019073486,8.039999961853027,26576400,PLTR,0.011235973784791575,8.71571431841169,2022,8
2022-08-25,8.420000076293945,8.430000305175781,8.050000190734863,8.220000267028809,25635600,PLTR,0.03950613330294139,8.527142933436803,2022,8
2022-08-26,7.940000057220459,8.430000305175781,7.929999828338623,8.420000076293945,34150400,PLTR,-0.05700712763945226,8.31428575515747,2022,8
2022-08-29,7.809999942779541,7.998000144958496,7.760000228881836,7.820000171661377,28566200,PLTR,-0.016372810264994708,8.122857230050224,2022,8
2022-08-30,7.789999961853027,7.974999904632568,7.679999828338623,7.929999828338623,27189200,PLTR,-0.0025608170388021767,8.020000049046107,2022,8
2022-08-31,7.71999979019165,8.0,7.699999809265137,7.949999809265137,28691500,PLTR,-0.008985901412601027,7.970000062670026,2022,8
2022-09-01,7.489999771118164,7.619999885559082,7.21999979019165,7.610000133514404,39079700,PLTR,-0.029792749394333407,7.895714282989502,2022,9
2022-09-02,7.400000095367432,7.670000076293945,7.349999904632568,7.670000076293945,25965000,PLTR,-0.012015978438046915,7.795714242117746,2022,9
2022-09-06,7.28000020980835,7.460000038146973,7.170000076293945,7.449999809265137,30429400,PLTR,-0.016216200542241155,7.632857118334089,2022,9
2022-09-07,7.389999866485596,7.429999828338623,7.179999828338623,7.269999980926514,30330000,PLTR,0.015109842514708038,7.554285662514823,2022,9
2022-09-08,7.53000020980835,7.53000020980835,7.269999980926514,7.329999923706055,26303600,PLTR,0.01894456642112674,7.514285700661795,2022,9
2022-09-09,7.789999961853027,7.820000171661377,7.639999866485596,7.679999828338623,27822300,PLTR,0.034528518565777766,7.514285700661795,2022,9
2022-09-12,8.010000228881836,8.029999732971191,7.820000171661377,7.860000133514404,30544800,PLTR,0.028241369461634358,7.555714334760394,2022,9
2022-09-13,7.480000019073486,7.659999847412109,7.449999809265137,7.630000114440918,29770700,PLTR,-0.06616731518899543,7.554285798754011,2022,9
2022-09-14,7.630000114440918,7.630000114440918,7.329999923706055,7.449999809265137,29422500,PLTR,0.020053488634350414,7.5871429443359375,2022,9
2022-09-15,8.010000228881836,8.100000381469727,7.449999809265137,7.46999979019165,51700600,PLTR,0.049803421853390484,7.6914286613464355,2022,9
2022-09-16,7.78000020980835,7.929999828338623,7.639999866485596,7.75,42155500,PLTR,-0.028714108926510384,7.747142996106829,2022,9
2022-09-19,7.860000133514404,7.860000133514404,7.579999923706055,7.639999866485596,29238800,PLTR,0.01028276626589264,7.794285842350551,2022,9
2022-09-20,7.619999885559082,7.914999961853027,7.599999904632568,7.78000020980835,30349600,PLTR,-0.030534382172842545,7.770000117165702,2022,9
2022-09-21,7.690000057220459,8.069999694824219,7.65500020980835,7.71999979019165,36814500,PLTR,0.009186374371741968,7.724285806928362,2022,9
2022-09-22,7.369999885559082,7.739999771118164,7.239999771118164,7.739999771118164,49138300,PLTR,-0.04161250575816522,7.7085715021405905,2022,9
2022-09-23,7.400000095367432,7.420000076293945,7.130000114440918,7.199999809265137,34197300,PLTR,0.004070584840460079,7.675714356558664,2022,9
2022-09-26,7.53000020980835,7.829999923706055,7.349999904632568,7.349999904632568,45429800,PLTR,0.017567582806154336,7.607142925262451,2022,9
2022-09-27,7.630000114440918,7.835000038146973,7.460000038146973,7.690000057220459,31794700,PLTR,0.013280199448375996,7.585714340209961,2022,9
2022-09-28,7.940000057220459,8.0,7.619999885559082,7.630000114440918,31955900,PLTR,0.04062908756617434,7.597142900739398,2022,9
2022-09-29,8.079999923706055,8.329999923706055,7.78000020980835,8.050000190734863,57845800,PLTR,0.017632224871117375,7.66285719190325,2022,9
2022-09-30,8.130000114440918,8.5,7.9710001945495605,8.010000228881836,47454800,PLTR,0.006188142476111436,7.725714342934745,2022,9
2022-10-03,8.239999771118164,8.300000190734863,7.96999979019165,8.145000457763672,35524000,PLTR,0.013530092881777422,7.850000040871756,2022,10
2022-10-04,8.460000038146973,8.609999656677246,8.34000015258789,8.479999542236328,36313300,PLTR,0.026699062274240237,8.001428604125977,2022,10
2022-10-05,8.420000076293945,8.484999656677246,8.074999809265137,8.260000228881836,37790200,PLTR,-0.004728127857288822,8.128571442195348,2022,10
2022-10-06,8.470000267028809,8.600000381469727,8.3149995803833,8.399999618530273,27653400,PLTR,0.005938264879074673,8.248571463993617,2022,10
2022-10-07,8.149999618530273,8.279999732971191,8.109999656677246,8.260000228881836,29550500,PLTR,-0.03778047678985352,8.27857140132359,2022,10
2022-10-10,8.0600004196167,8.180000305175781,7.880000114440918,8.170000076293945,26923300,PLTR,-0.011042847009335666,8.275714329310826,2022,10
2022-10-11,8.039999961853027,8.295000076293945,7.699999809265137,7.989999771118164,40775800,PLTR,-0.0024814462434759044,8.262857164655413,2022,10
2022-10-12,8.069999694824219,8.100000381469727,7.820000171661377,8.0600004196167,30201600,PLTR,0.003731310088747497,8.238571439470563,2022,10
2022-10-13,8.079999923706055,8.199999809265137,7.565000057220459,7.739999771118164,36040900,PLTR,0.001239185781908958,8.184285708836146,2022,10
2022-10-14,7.53000020980835,8.3100004196167,7.53000020980835,8.229999542236328,37430100,PLTR,-0.06806927216472503,8.057142870766777,2022,10
2022-10-17,7.940000057220459,8.0600004196167,7.690000057220459,7.710000038146973,31751700,PLTR,0.05444884940083483,7.9814285550798685,2022,10
2022-10-18,8.15999984741211,8.329999923706055,8.039999961853027,8.149999618530273,37120400,PLTR,0.027707781940327303,7.982857159205845,2022,10
2022-10-19,7.909999847412109,8.125,7.84499979019165,8.0600004196167,26594000,PLTR,-0.03063725547486207,7.961428506033761,2022,10
2022-10-20,8.039999961853027,8.260000228881836,7.730000019073486,7.730000019073486,26689500,PLTR,0.01643490732600328,7.961428506033761,2022,10
2022-10-21,8.289999961853027,8.319999694824219,7.809999942779541,7.929999828338623,30705700,PLTR,0.03109452751071662,7.992857115609305,2022,10
2022-10-24,8.270000457763672,8.300000190734863,8.010000228881836,8.300000190734863,28062200,PLTR,-0.00241248542598127,8.020000049046107,2022,10
2022-10-25,8.65999984741211,8.65999984741211,8.359999656677246,8.359999656677246,31001500,PLTR,0.04715832745599369,8.181428568703788,2022,10
2022-10-26,8.569999694824219,9.050000190734863,8.390000343322754,8.479999542236328,33530900,PLTR,-0.010392627502734397,8.271428516932897,2022,10
2022-10-27,8.600000381469727,8.779999732971191,8.460000038146973,8.680000305175781,28940800,PLTR,0.0035006636772259014,8.334285736083984,2022,10
2022-10-28,8.640000343322754,8.65999984741211,8.364999771118164,8.550000190734863,20697400,PLTR,0.004651158148692103,8.438571521214076,2022,10
2022-10-31,8.789999961853027,8.829999923706055,8.430000305175781,8.59000015258789,31376100,PLTR,0.0173610662696555,8.545714378356934,2022,10
2022-11-01,8.649999618530273,9.0600004196167,8.5600004196167,8.989999771118164,29800000,PLTR,-0.015927229116078467,8.597142900739398,2022,11
2022-11-02,8.220000267028809,8.760000228881836,8.199999809265137,8.699999809265137,36042600,PLTR,-0.04971090988030891,8.590000016348702,2022,11
2022-11-03,8.079999923706055,8.300000190734863,7.869999885559082,8.069999694824219,36419500,PLTR,-0.017031671383796465,8.507142884390694,2022,11
2022-11-04,7.929999828338623,8.199999809265137,7.650000095367432,8.1899995803833,64338900,PLTR,-0.018564368413834242,8.41571433203561,2022,11
2022-11-07,7.019999980926514,7.849999904632568,6.889999866485596,7.78000020980835,99332800,PLTR,-0.11475408160289446,8.189999989100865,2022,11
2022-11-08,7.210000038146973,7.420000076293945,6.909999847412109,7.079999923706055,56353900,PLTR,0.02706553529012723,7.98571423121861,2022,11
2022-11-09,6.980000019073486,7.184999942779541,6.949999809265137,7.119999885559082,42517300,PLTR,-0.031900141172897745,7.727142810821533,2022,11
2022-11-10,7.639999866485596,7.96999979019165,7.429999828338623,7.460000038146973,58579800,PLTR,0.09455585180638959,7.582857131958008,2022,11
2022-11-11,8.40999984741211,8.420000076293945,7.375,7.480000019073486,55324100,PLTR,0.10078533957890157,7.609999929155622,2022,11
2022-11-14,8.100000381469727,8.319999694824219,7.953000068664551,8.180000305175781,37402700,PLTR,-0.03686081707097466,7.612857137407575,2022,11
2022-11-15,8.34000015258789,8.470000267028809,8.154999732971191,8.449999809265137,34454100,PLTR,0.029629599977206045,7.6714286123003275,2022,11
2022-11-16,8.0600004196167,8.239999771118164,8.0,8.180000305175781,28436000,PLTR,-0.033573108854717204,7.8200001035417825,2022,11
2022-11-17,7.619999885559082,7.880000114440918,7.525000095367432,7.829999923706055,33746500,PLTR,-0.054590634137776095,7.878571510314941,2022,11
2022-11-18,7.389999866485596,7.789999961853027,7.309999942779541,7.760000228881836,27245200,PLTR,-0.030183729990517105,7.9371429170881,2022,11
2022-11-21,7.190000057220459,7.320000171661377,7.070000171661377,7.309999942779541,36605600,PLTR,-0.027063574137823232,7.872857230050223,2022,11
2022-11-22,7.21999979019165,7.25,6.980000019073486,7.179999828338623,27327800,PLTR,0.004172424580312084,7.702857221875872,2022,11
2022-11-23,7.369999885559082,7.420000076293945,7.119999885559082,7.25,24182900,PLTR,0.020775637081209553,7.59857143674578,2022,11
2022-11-25,7.28000020980835,7.339000225067139,7.190000057220459,7.320000171661377,10824400,PLTR,-0.012211625121878122,7.4471428734915595,2022,11
2022-11-28,7.159999847412109,7.400000095367432,7.150000095367432,7.230000019073486,19438000,PLTR,-0.016483565788166232,7.318571363176618,2022,11
2022-11-29,7.079999923706055,7.300000190734863,7.050000190734863,7.199999809265137,22150800,PLTR,-0.01117317394007622,7.241428511483329,2022,11
2022-11-30,7.5,7.510000228881836,7.0329999923706055,7.139999866485596,32745700,PLTR,0.05932204531353924,7.2571428162711005,2022,11
2022-12-01,7.860000133514404,7.880000114440918,7.46999979019165,7.510000228881836,34424400,PLTR,0.04800001780192065,7.3528571128845215,2022,12
2022-12-02,7.659999847412109,7.760000228881836,7.5,7.614999771118164,18794000,PLTR,-0.025445328588419525,7.415714263916016,2022,12
2022-12-05,7.190000057220459,7.695000171661377,7.105000019073486,7.619999885559082,32158200,PLTR,-0.061357676181995946,7.390000002724784,2022,12
2022-12-06,6.989999771118164,7.195000171661377,6.880000114440918,7.190000057220459,32868100,PLTR,-0.0278164512532163,7.348571368626186,2022,12
2022-12-07,7.070000171661377,7.349999904632568,7.019999980926514,7.079999923706055,28351600,PLTR,0.011444978993241817,7.3357142720903665,2022,12
2022-12-08,7.119999885559082,7.269999980926514,6.940000057220459,7.099999904632568,23107700,PLTR,0.007072095146209323,7.341428552355085,2022,12
2022-12-09,7.110000133514404,7.190000057220459,7.03000020980835,7.059999942779541,23367300,PLTR,-0.0014044595794108217,7.285714285714286,2022,12
2022-12-12,7.289999961853027,7.309999942779541,7.090000152587891,7.110000133514404,22672400,PLTR,0.025316431077146984,7.204285689762661,2022,12
2022-12-13,7.5,7.96999979019165,7.489999771118164,7.730000019073486,41033800,PLTR,0.028806589745659306,7.1814285687037875,2022,12
2022-12-14,7.349999904632568,7.599999904632568,7.264999866485596,7.5,22653800,PLTR,-0.020000012715657545,7.204285689762661,2022,12
2022-12-15,7.010000228881836,7.297999858856201,7.010000228881836,7.170000076293945,25417100,PLTR,-0.04625845988602484,7.207142898014614,2022,12
2022-12-16,6.900000095367432,7.079999923706055,6.760000228881836,7.019999980926514,32655600,PLTR,-0.0156918872928411,7.182857172829764,2022,12
2022-12-19,6.349999904632568,6.829999923706055,6.320000171661377,6.800000190734863,41511600,PLTR,-0.07971017146856652,7.072857175554548,2022,12
2022-12-20,6.309999942779541,6.539999961853027,6.199999809265137,6.289999961853027,30215600,PLTR,-0.006299206685632552,6.958571434020996,2022,12
2022-12-21,6.5,6.519999980926514,6.039999961853027,6.239999771118164,34408600,PLTR,0.030110944365042913,6.845714296613421,2022,12
2022-12-22,6.320000171661377,6.380000114440918,6.179999828338623,6.369999885559082,28066000,PLTR,-0.02769228128286505,6.677142892565046,2022,12
2022-12-23,6.289999961853027,6.300000190734863,6.070000171661377,6.269999980926514,20419000,PLTR,-0.004746868511629088,6.5257143293108255,2022,12
2022-12-27,6.0,6.21999979019165,5.920000076293945,6.150000095367432,34573300,PLTR,-0.04610492267278066,6.381428582327707,2022,12
2022-12-28,6.070000171661377,6.170000076293945,5.949999809265137,5.980000019073486,30096800,PLTR,0.011666695276896233,6.262857164655413,2022,12
2022-12-29,6.400000095367432,6.525000095367432,6.099999904632568,6.099999904632568,42694200,PLTR,0.05436571900717646,6.270000049046108,2022,12
2022-12-30,6.420000076293945,6.420000076293945,6.190000057220459,6.190000057220459,27830900,PLTR,0.003124996973201677,6.28571435383388,2022,12
2023-01-03,6.389999866485596,6.639999866485596,6.275000095367432,6.579999923706055,29969900,PLTR,-0.004672929821157856,6.270000049046108,2023,1
2023-01-04,6.579999923706055,6.675000190734863,6.369999885559082,6.480000019073486,31660500,PLTR,0.029733968887382112,6.307142870766776,2023,1
2023-01-05,6.320000171661377,6.489999771118164,6.25,6.449999809265137,34186000,PLTR,-0.03951364058652418,6.311428615025112,2023,1
2023-01-06,6.400000095367432,6.449999809265137,6.090000152587891,6.400000095367432,30596400,PLTR,0.012658215432457043,6.368571485791888,2023,1
2023-01-09,6.5,6.670000076293945,6.400000095367432,6.489999771118164,31028900,PLTR,0.015624984866008385,6.430000032697405,2023,1
2023-01-10,6.699999809265137,6.71999979019165,6.489999771118164,6.5,28236600,PLTR,0.030769201425405734,6.4728571346827914,2023,1
2023-01-11,6.980000019073486,6.989999771118164,6.760000228881836,6.840000152587891,25936700,PLTR,0.04179107728050213,6.5528571265084405,2023,1
2023-01-12,7.010000228881836,7.050000190734863,6.78000020980835,7.010000228881836,30152500,PLTR,0.004298024316099047,6.64142860685076,2023,1
2023-01-13,6.960000038146973,7.010000228881836,6.809999942779541,6.840000152587891,20981000,PLTR,-0.007132694593768751,6.695714337485177,2023,1
2023-01-17,7.070000171661377,7.150000095367432,6.730000019073486,6.989999771118164,30910300,PLTR,0.015804616797630233,6.802857194628034,2023,1
2023-01-18,6.900000095367432,7.300000190734863,6.880000114440918,7.15500020980835,32743400,PLTR,-0.02404527187642158,6.874285766056606,2023,1
2023-01-19,6.730000019073486,6.894999980926514,6.670000076293945,6.800000190734863,24841700,PLTR,-0.02463769187598719,6.907142911638532,2023,1
2023-01-20,7.019999980926514,7.059999942779541,6.71999979019165,6.760000228881836,28751700,PLTR,0.043090633139842405,6.952857221875872,2023,1
2023-01-23,7.380000114440918,7.409999847412109,6.991000175476074,7.03000020980835,31633300,PLTR,0.05128207044053168,7.010000092642648,2023,1
2023-01-24,7.019999980926514,7.420000076293945,7.0,7.0,22649500,PLTR,-0.04878050513982635,7.01142862864903,2023,1
2023-01-25,7.21999979019165,7.269999980926514,6.690000057220459,6.920000076293945,37147900,PLTR,0.028490001397228015,7.048571450369699,2023,1
2023-01-26,7.239999771118164,7.449999809265137,7.039999961853027,7.369999885559082,28005600,PLTR,0.0027700805412327334,7.072857107434954,2023,1
2023-01-27,7.550000190734863,7.730000019073486,7.139999866485596,7.190000057220459,37555200,PLTR,0.04281773886973794,7.165714263916016,2023,1
2023-01-30,7.369999885559082,7.610000133514404,7.360000133514404,7.5,28567800,PLTR,-0.02384109942098711,7.2571428162711005,2023,1
2023-01-31,7.78000020980835,7.820000171661377,7.380000114440918,7.409999847412109,40984000,PLTR,0.05563098108761566,7.365714277539935,2023,1
2023-02-01,8.199999809265137,8.220000267028809,7.679999828338623,7.730000019073486,50123700,PLTR,0.05398452289593614,7.4828570910862515,2023,2
2023-02-02,8.989999771118164,9.210000038146973,8.470000267028809,8.510000228881836,71889700,PLTR,0.09634146100350027,7.764285632542202,2023,2
2023-02-03,8.40999984741211,8.899999618530273,8.373000144958496,8.539999961853027,64785500,PLTR,-0.0645161221882784,7.934285640716553,2023,2
2023-02-06,8.3100004196167,8.53499984741211,8.239999771118164,8.3100004196167,38845500,PLTR,-0.011890538598069211,8.087142876216344,2023,2
2023-02-07,8.329999923706055,8.40999984741211,8.0600004196167,8.329999923706055,42201800,PLTR,0.0024066790709353914,8.198571409497942,2023,2
2023-02-08,8.220000267028809,8.569999694824219,8.170000076293945,8.25,35105500,PLTR,-0.013205241018574565,8.320000035422188,2023,2
2023-02-09,7.949999809265137,8.430000305175781,7.940000057220459,8.34000015258789,33366700,PLTR,-0.032846769950442556,8.344285692487444,2023,2
2023-02-10,7.510000228881836,7.860000133514404,7.460000038146973,7.789999961853027,43042400,PLTR,-0.05534586049555801,8.24571432386126,2023,2
2023-02-13,7.610000133514404,7.775000095367432,7.449999809265137,7.579999923706055,87397100,PLTR,0.013315566123152767,8.048571518489293,2023,2
2023-02-14,9.220000267028809,9.295000076293945,8.229999542236328,8.59000015258789,216055200,PLTR,0.21156374576446746,8.164285864148821,2023,2
2023-02-15,10.109999656677246,10.229999542236328,9.109999656677246,9.15999984741211,153210400,PLTR,0.09652921517053747,8.421428612300328,2023,2
2023-02-16,9.710000038146973,10.3100004196167,9.600000381469727,9.649999618530273,88638800,PLTR,-0.03956475095091516,8.618571485791888,2023,2
2023-02-17,9.199999809265137,9.710000038146973,9.085000038146973,9.569999694824219,62137800,PLTR,-0.05252319535306227,8.758571420397077,2023,2
2023-02-21,8.470000267028809,9.100000381469727,8.399999618530273,9.010000228881836,65226600,PLTR,-0.07934777797507775,8.832857200077601,2023,2
2023-02-22,8.359999656677246,8.625,8.15999984741211,8.479999542236328,55346000,PLTR,-0.0129870846379736,8.95428568976266,2023,2
2023-02-23,8.170000076293945,8.479999542236328,7.909999847412109,8.420000076293945,60015500,PLTR,-0.02272722346723366,9.03428568158831,2023,2
2023-02-24,8.09000015258789,8.199999809265137,7.869999885559082,7.940000057220459,41518600,PLTR,-0.009791912234882627,8.872857093811035,2023,2
2023-02-27,8.029999732971191,8.229999542236328,7.960000038146973,8.119999885559082,35270000,PLTR,-0.007416615387517145,8.575714247567314,2023,2
2023-02-28,7.840000152587891,8.097000122070312,7.800000190734863,7.960000038146973,32937000,PLTR,-0.02366121876731353,8.308571406773158,2023,2
2023-03-01,7.690000057220459,7.909999847412109,7.690000057220459,7.829999923706055,27939100,PLTR,-0.01913266485306364,8.092857156481061,2023,3
2023-03-02,7.96999979019165,8.029999732971191,7.559999942779541,7.590000152587891,36538700,PLTR,0.03641088828189121,8.021428516932897,2023,3
2023-03-03,8.329999923706055,8.5,8.0,8.0,43229100,PLTR,0.04516940313567397,8.017142840794154,2023,3
2023-03-06,8.279999732971191,8.449999809265137,8.199999809265137,8.34000015258789,28316200,PLTR,-0.006002423912702559,8.032857077462333,2023,3
2023-03-07,8.279999732971191,8.425000190734863,8.1899995803833,8.274999618530273,26819600,PLTR,0.0,8.059999874659947,2023,3
2023-03-08,8.130000114440918,8.579999923706055,8.0600004196167,8.359999656677246,38723600,PLTR,-0.018115896541997523,8.074285643441337,2023,3
2023-03-09,7.690000057220459,8.260000228881836,7.679999828338623,8.069999694824219,29005900,PLTR,-0.05412054748177786,8.052857058388847,2023,3
2023-03-10,7.349999904632568,7.679999828338623,7.28000020980835,7.590000152587891,41953600,PLTR,-0.04421328349258602,8.004285608019147,2023,3
2023-03-13,7.869999885559082,8.149999618530273,7.190000057220459,7.289999961853027,63183500,PLTR,0.07074829764266632,7.989999907357352,2023,3
2023-03-14,7.889999866485596,8.140000343322754,7.78000020980835,8.050000190734863,33460100,PLTR,0.002541293674376277,7.927142756325858,2023,3
2023-03-15,7.900000095367432,7.989999771118164,7.699999809265137,7.809999942779541,28217400,PLTR,0.0012674561534928852,7.872857093811035,2023,3
2023-03-16,7.980000019073486,8.079999923706055,7.860000133514404,8.010000228881836,20255400,PLTR,0.010126572498773356,7.829999991825649,2023,3
2023-03-17,7.880000114440918,8.029999732971191,7.840000152587891,7.929999828338623,20920800,PLTR,-0.012531316340044119,7.794285706111363,2023,3
2023-03-20,8.079999923706055,8.095000267028809,7.71999979019165,7.764999866485596,25497400,PLTR,0.0253806860863639,7.849999972752163,2023,3
2023-03-21,8.449999809265137,8.510000228881836,8.170000076293945,8.199999809265137,27104500,PLTR,0.04579206547682424,8.0071428162711,2023,3
2023-03-22,8.210000038146973,8.619999885559082,8.199999809265137,8.4399995803833,34151000,PLTR,-0.028402340418400063,8.0557142666408,2023,3
2023-03-23,8.329999923706055,8.5600004196167,8.15999984741211,8.319999694824219,22662200,PLTR,0.014616307551950536,8.118571417672294,2023,3
2023-03-24,8.199999809265137,8.350000381469727,8.0600004196167,8.289999961853027,17901200,PLTR,-0.01560625637834101,8.16142851965768,2023,3
2023-03-27,8.039999961853027,8.319999694824219,7.940000057220459,8.149999618530273,20666800,PLTR,-0.019512176967531936,8.169999940054756,2023,3
2023-03-28,8.0,8.119999885559082,7.96999979019165,8.0600004196167,14860500,PLTR,-0.004975119657066318,8.187142780848912,2023,3
2023-03-29,8.220000267028809,8.25,8.050999641418457,8.09000015258789,15339700,PLTR,0.027500033378601074,8.20714282989502,2023,3
2023-03-30,8.149999618530273,8.380000114440918,8.050000190734863,8.329999923706055,21001600,PLTR,-0.008515893701283028,8.164285659790039,2023,3
2023-03-31,8.449999809265137,8.479999542236328,8.079999923706055,8.149999618530273,26174800,PLTR,0.036809841076896,8.198571341378349,2023,3
2023-04-03,8.380000114440918,8.529999732971191,8.210000038146973,8.369999885559082,22512000,PLTR,-0.008283987740149601,8.205714225769043,2023,4
2023-04-04,8.350000381469727,8.539999961853027,8.229999542236328,8.529999732971191,23961200,PLTR,-0.003579920353401156,8.227142878941127,2023,4
2023-04-05,7.980000019073486,8.649999618530273,7.840000152587891,8.630000114440918,54946900,PLTR,-0.044311418621889254,8.21857145854405,2023,4
2023-04-06,8.09000015258789,8.140000343322754,7.789999961853027,7.880000114440918,23488600,PLTR,0.013784477851063404,8.231428623199463,2023,4
2023-04-10,8.390000343322754,8.4399995803833,7.900000095367432,8.0,29184700,PLTR,0.03708284117138083,8.255714348384313,2023,4
2023-04-11,8.609999656677246,8.789999961853027,8.34000015258789,8.350000381469727,35617900,PLTR,0.02622160957711772,8.321428639548165,2023,4
2023-04-12,8.329999923706055,8.774999618530273,8.300000190734863,8.75,28771300,PLTR,-0.03252029548619617,8.30428579875401,2023,4
2023-04-13,8.579999923706055,8.699999809265137,8.430000305175781,8.5,27983300,PLTR,0.03001200507679891,8.332857200077601,2023,4
2023-04-14,8.8100004196167,8.90999984741211,8.470000267028809,8.529999732971191,42364500,PLTR,0.026806584843336312,8.398571491241455,2023,4
2023-04-17,8.800000190734863,9.039999961853027,8.779999732971191,8.8100004196167,26047500,PLTR,-0.0011350997055084022,8.515714372907366,2023,4
2023-04-18,8.729999542236328,9.020000457763672,8.720000267028809,8.930000305175781,21185300,PLTR,-0.007954618975149041,8.607142857142858,2023,4
2023-04-19,8.489999771118164,8.657999992370605,8.479999542236328,8.579999923706055,18193700,PLTR,-0.027491384158387255,8.621428489685059,2023,4
2023-04-20,8.149999618530273,8.5,8.130000114440918,8.289999961853027,23573000,PLTR,-0.04004713330435239,8.555714198521205,2023,4
2023-04-21,8.180000305175781,8.220000267028809,8.09000015258789,8.140000343322754,14896700,PLTR,0.0036810660183710375,8.53428568158831,2023,4
2023-04-24,8.100000381469727,8.25,7.940000057220459,8.15999984741211,20439300,PLTR,-0.009779941408490589,8.46571431841169,2023,4
2023-04-25,7.739999771118164,8.020000457763672,7.730000019073486,8.0,21849100,PLTR,-0.04444451770337343,8.3128570829119,2023,4
2023-04-26,7.739999771118164,7.909999847412109,7.650000095367432,7.869999885559082,21396700,PLTR,0.0,8.161428451538086,2023,4
2023-04-27,7.820000171661377,7.909999847412109,7.71999979019165,7.829999923706055,21385500,PLTR,0.010335969368078679,8.03142854145595,2023,4
2023-04-28,7.75,8.0,7.619999885559082,7.769999980926514,24924400,PLTR,-0.00895142840470109,7.925714288439069,2023,4
2023-05-01,7.78000020980835,7.820000171661377,7.659999847412109,7.75,19134200,PLTR,0.003870994813980566,7.872857230050223,2023,5
2023-05-02,7.590000152587891,7.909999847412109,7.429999828338623,7.71999979019165,38008000,PLTR,-0.02442160052655573,7.788571493966239,2023,5
2023-05-03,7.559999942779541,7.679999828338623,7.449999809265137,7.619999885559082,24322400,PLTR,-0.0039525967332320056,7.711428574153355,2023,5
2023-05-04,7.380000114440918,7.519999980926514,7.28000020980835,7.46999979019165,29989300,PLTR,-0.023809501283202916,7.660000051770892,2023,5
2023-05-05,7.409999847412109,7.550000190734863,7.320000171661377,7.440000057220459,45848800,PLTR,0.0040650044046055545,7.6128572055271695,2023,5
2023-05-08,7.739999771118164,7.855000019073486,7.590000152587891,7.639999866485596,105304000,PLTR,0.04453440357644611,7.601428576878139,2023,5
2023-05-09,9.550000190734863,9.6899995803833,8.654999732971191,9.220000267028809,223573300,PLTR,0.23385019032826349,7.858571461268833,2023,5
2023-05-10,9.9399995803833,10.300000190734863,9.460000038146973,9.729999542236328,149375000,PLTR,0.04083763160830123,8.167142799922399,2023,5
2023-05-11,9.880000114440918,10.159000396728516,9.710000038146973,10.140000343322754,73754100,PLTR,-0.006036163830508867,8.494285651615687,2023,5
2023-05-12,9.5,10.010000228881836,9.470000267028809,9.859999656677246,62123900,PLTR,-0.038461549599123734,8.771428516932897,2023,5
2023-05-15,9.520000457763672,9.600000381469727,9.020000457763672,9.210000038146973,53555500,PLTR,0.0021053113435443027,9.07714285169329,2023,5
2023-05-16,9.470000267028809,9.630000114440918,9.350000381469727,9.399999618530273,42311900,PLTR,-0.00525212062296565,9.371428625924247,2023,5
2023-05-17,10.25,10.28499984741211,9.460000038146973,9.539999961853027,63834500,PLTR,0.08236533378851885,9.73000008719308,2023,5
2023-05-18,11.739999771118164,11.8100004196167,10.390000343322754,10.460000038146973,171402300,PLTR,0.14536583132860148,10.04285717010498,2023,5
2023-05-19,11.710000038146973,12.40999984741211,11.520000457763672,11.970000267028809,150269300,PLTR,-0.0025553435737702968,10.295714378356934,2023,5
2023-05-22,11.84000015258789,12.104999542236328,11.390000343322754,11.619999885559082,76377100,PLTR,0.011101632281590446,10.5757143838065,2023,5
2023-05-23,12.640000343322754,13.420000076293945,11.869999885559082,11.949999809265137,148701800,PLTR,0.06756758280615438,11.024285861424037,2023,5
2023-05-24,12.229999542236328,12.430000305175781,11.819999694824219,12.050000190734863,90496900,PLTR,-0.03243677135681522,11.411428587777275,2023,5
2023-05-25,12.84000015258789,13.220000267028809,12.34000015258789,13.180000305175781,106557800,PLTR,0.049877402549765026,11.892857142857142,2023,5
2023-05-26,13.649999618530273,14.194999694824219,12.819999694824219,12.84000015258789,127311200,PLTR,0.06308406980658243,12.378571374075753,2023,5
2023-05-30,14.710000038146973,15.005000114440918,14.239999771118164,14.4399995803833,159089300,PLTR,0.07765571056703302,12.80285712650844,2023,5
2023-05-31,14.710000038146973,14.789999961853027,13.819999694824219,14.1899995803833,130392200,PLTR,0.0,13.23142855507987,2023,5
2023-06-01,14.539999961853027,15.220000267028809,14.199999809265137,14.460000038146973,126015100,PLTR,-0.011556769262616506,13.617142813546318,2023,6
2023-06-02,14.520000457763672,15.029999732971191,14.15999984741211,14.649999618530273,79487600,PLTR,-0.0013754817153938115,13.885714258466448,2023,6
2023-06-05,15.239999771118164,15.699999809265137,14.364999771118164,14.364999771118164,109017800,PLTR,0.049586728006576486,14.315714291163854,2023,6
2023-06-06,15.460000038146973,15.579999923706055,14.920000076293945,15.300000190734863,74284300,PLTR,0.014435713276435669,14.689999989100865,2023,6
2023-06-07,14.6899995803833,17.15999984741211,14.520000457763672,16.010000228881836,227244100,PLTR,-0.049805980327537136,14.838571412222725,2023,6
2023-06-08,15.1899995803833,15.59000015258789,14.390000343322754,14.4399995803833,115591600,PLTR,0.034036760672729205,14.907142775399345,2023,6
2023-06-09,15.020000457763672,15.979999542236328,14.819999694824219,15.359999656677246,94126300,PLTR,-0.011191515952322262,14.951428549630302,2023,6
2023-06-12,15.649999618530273,16.030000686645508,15.329999923706055,15.4399995803833,89900400,PLTR,0.04194401741452425,15.109999929155622,2023,6
2023-06-13,16.0,16.270000457763672,15.163000106811523,16.18000030517578,112765900,PLTR,0.022364242172588256,15.321428435189384,2023,6
2023-06-14,15.90999984741211,16.190000534057617,15.4399995803833,15.930000305175781,70871900,PLTR,-0.005625009536743164,15.417142731802803,2023,6
2023-06-15,16.600000381469727,16.790000915527344,15.489999771118164,15.65999984741211,91200900,PLTR,0.043368984329050786,15.579999923706055,2023,6
2023-06-16,16.299999237060547,16.90999984741211,16.010000228881836,16.8700008392334,90696200,PLTR,-0.018072357681633844,15.809999874659947,2023,6
2023-06-20,15.789999961853027,16.889999389648438,15.579999923706055,15.989999771118164,81335000,PLTR,-0.031288300556969184,15.895714214869908,2023,6
2023-06-21,14.640000343322754,15.755000114440918,14.369999885559082,15.65999984741211,97885000,PLTR,-0.0728308816534865,15.841428484235491,2023,6
2023-06-22,14.050000190734863,14.4399995803833,13.859999656677246,14.300000190734863,103461000,PLTR,-0.040300555925668946,15.612857137407575,2023,6
2023-06-23,14.029999732971191,14.140000343322754,13.5600004196167,13.640000343322754,74851000,PLTR,-0.0014235201062033909,15.331428527832031,2023,6
2023-06-26,13.9399995803833,14.420000076293945,13.829999923706055,13.869999885559082,50679900,PLTR,-0.006414836372119481,15.049999918256487,2023,6
2023-06-27,14.609999656677246,14.760000228881836,13.960000038146973,14.220000267028809,55410500,PLTR,0.0480631346099023,14.76571410042899,2023,6
2023-06-28,15.279999732971191,15.430000305175781,14.46500015258789,14.529999732971191,66001000,PLTR,0.04585900698414691,14.619999885559082,2023,6
2023-06-29,15.199999809265137,15.569999694824219,15.0600004196167,15.399999618530273,46300900,PLTR,-0.005235597192677299,14.535714149475098,2023,6
2023-06-30,15.329999923706055,15.800000190734863,15.229999542236328,15.479999542236328,42195300,PLTR,0.008552639215276603,14.634285518101283,2023,6
2023-07-03,15.520000457763672,15.59000015258789,15.1899995803833,15.489999771118164,26037400,PLTR,0.012394033594468779,14.844285556248256,2023,7
2023-07-05,15.699999809265137,15.770000457763672,15.229999542236328,15.425000190734863,39179900,PLTR,0.01159789601754957,15.082856995718819,2023,7
2023-07-06,15.130000114440918,15.383000373840332,14.619999885559082,15.319999694824219,56534000,PLTR,-0.03630571348719647,15.252857072012764,2023,7
2023-07-07,15.34000015258789,15.899999618530273,15.1899995803833,15.229999542236328,48273300,PLTR,0.013879711603342004,15.357142857142858,2023,7
2023-07-10,16.299999237060547,16.329999923706055,14.944999694824219,15.369999885559082,62823600,PLTR,0.06258142600544248,15.502857072012764,2023,7
2023-07-11,16.489999771118164,16.93000030517578,16.149999618530273,16.469999313354492,63236600,PLTR,0.011656475027656654,15.687142780848912,2023,7
2023-07-12,16.59000015258789,16.940000534057617,16.40999984741211,16.780000686645508,50079400,PLTR,0.0060643046002264445,15.867142813546318,2023,7
2023-07-13,16.739999771118164,17.260000228881836,16.631000518798828,16.700000762939453,58397800,PLTR,0.009041568242955877,16.041428429739817,2023,7
2023-07-14,16.399999618530273,17.0,16.270000457763672,16.760000228881836,45115000,PLTR,-0.020310642606728102,16.14142840249198,2023,7
2023-07-17,17.399999618530273,17.59000015258789,16.31999969482422,16.420000076293945,63505000,PLTR,0.060975611174411526,16.465714045933314,2023,7
2023-07-18,18.079999923706055,18.1299991607666,17.190000534057617,17.8799991607666,87117600,PLTR,0.03908047816573568,16.85714258466448,2023,7
2023-07-19,18.049999237060547,18.9950008392334,17.760000228881836,18.020000457763672,89044600,PLTR,-0.0016593300205810513,17.10714258466448,2023,7
2023-07-20,17.1299991607666,18.0,16.979999542236328,17.540000915527344,62711600,PLTR,-0.05096953546707006,17.198571068899973,2023,7
2023-07-21,16.43000030517578,17.489999771118164,16.0,17.469999313354492,63375900,PLTR,-0.040863916514021215,17.1757139478411,2023,7
2023-07-24,16.31999969482422,16.690000534057617,16.1200008392334,16.610000610351562,36133600,PLTR,-0.006695107018160562,17.115713936941965,2023,7
2023-07-25,16.549999237060547,16.860000610351562,16.350000381469727,16.350000381469727,36612900,PLTR,0.0140931094691914,17.137142453874862,2023,7
2023-07-26,16.43000030517578,16.690000534057617,16.1299991607666,16.399999618530273,35804800,PLTR,-0.0072506910825742565,16.998571123395646,2023,7
2023-07-27,16.149999618530273,17.190000534057617,16.0,16.799999237060547,50685200,PLTR,-0.01704203782377911,16.722856794084823,2023,7
2023-07-28,17.809999465942383,17.969999313354492,16.739999771118164,17.209999084472656,106125600,PLTR,0.1027863706886687,16.68857111249651,2023,7
2023-07-31,19.84000015258789,19.9950008392334,18.3799991607666,18.81999969482422,142173800,PLTR,0.1139809515731558,17.075714111328125,2023,7
2023-08-01,19.989999771118164,20.239999771118164,19.229999542236328,19.459999084472656,99336200,PLTR,0.007560464585516069,17.584285463605607,2023,8
2023-08-02,18.969999313354492,19.6200008392334,18.149999618530273,19.260000228881836,98215800,PLTR,-0.05102553624024464,17.96285683768136,2023,8
2023-08-03,18.709999084472656,19.299999237060547,18.610000610351562,18.6299991607666,54345900,PLTR,-0.013705863905793647,18.27142824445452,2023,8
2023-08-04,18.200000762939453,19.079999923706055,18.079999923706055,18.874000549316406,72386000,PLTR,-0.027258062345735135,18.524285452706472,2023,8
2023-08-07,17.989999771118164,18.389999389648438,17.010000228881836,18.25,133808400,PLTR,-0.01153851555044505,18.787142617361887,2023,8
2023-08-08,17.040000915527344,17.489999771118164,16.100000381469727,17.489999771118164,143014200,PLTR,-0.052807052122145426,18.67714282444545,2023,8
2023-08-09,15.25,16.920000076293945,15.100000381469727,16.760000228881836,126230400,PLTR,-0.10504699644095927,18.021428516932897,2023,8
2023-08-10,15.40999984741211,15.869999885559082,15.25,15.4399995803833,73129100,PLTR,0.010491793272925154,17.367142813546316,2023,8
2023-08-11,15.40999984741211,15.579999923706055,14.90999984741211,15.050000190734863,56616800,PLTR,0.0,16.858571461268834,2023,8
2023-08-14,15.720000267028809,15.739999771118164,14.949999809265137,15.199999809265137,47511400,PLTR,0.02011683469735792,16.43142877306257,2023,8
2023-08-15,15.369999885559082,15.869999885559082,15.289999961853027,15.609999656677246,44000400,PLTR,-0.02226465493157903,16.027142933436803,2023,8
2023-08-16,15.449999809265137,15.725000381469727,15.119999885559082,15.210000038146973,40394600,PLTR,0.005204939772395001,15.664285796029228,2023,8
2023-08-17,14.149999618530273,15.437000274658203,14.03499984741211,15.390000343322754,91086700,PLTR,-0.08414240820606822,15.251428467886788,2023,8
2023-08-18,14.399999618530273,14.600000381469727,13.680000305175781,13.880000114440918,70215200,PLTR,0.01766784499927554,15.129999841962542,2023,8
2023-08-21,14.5,14.779999732971191,14.34000015258789,14.420000076293945,43206200,PLTR,0.00694447111936336,14.999999863760811,2023,8
2023-08-22,14.670000076293945,15.130000114440918,14.630000114440918,14.760000228881836,52001800,PLTR,0.011724143192685776,14.894285610743932,2023,8
2023-08-23,15.300000190734863,15.470000267028809,14.420000076293945,14.5,53523300,PLTR,0.042944792853748526,14.834285599844796,2023,8
2023-08-24,14.140000343322754,15.710000038146973,13.875,15.699999809265137,93586200,PLTR,-0.07581698254582792,14.658571379525322,2023,8
2023-08-25,14.529999732971191,14.649999618530273,14.010000228881836,14.140000343322754,55668900,PLTR,0.02758128572695573,14.527142797197614,2023,8
2023-08-28,14.640000343322754,14.880000114440918,14.5,14.6899995803833,35964700,PLTR,0.007570585848116096,14.597142900739398,2023,8
2023-08-29,15.399999618530273,15.630000114440918,14.5,14.600000381469727,47213200,PLTR,0.051912517580926965,14.74000004359654,2023,8
2023-08-30,16.329999923706055,16.350000381469727,15.329999923706055,15.460000038146973,65674100,PLTR,0.06038963170211664,15.001428604125977,2023,8
2023-08-31,14.979999542236328,15.850000381469727,14.649999618530273,15.600000381469727,101517200,PLTR,-0.08266995638560581,15.045714242117745,2023,8
2023-09-01,15.180000305175781,15.364999771118164,14.829999923706055,15.15999984741211,45258900,PLTR,0.013351186184989317,15.02857140132359,2023,9
2023-09-05,15.210000038146973,15.420000076293945,14.899999618530273,15.079999923706055,33818400,PLTR,0.0019762669544192146,15.181428500584193,2023,9
2023-09-06,15.300000190734863,15.619999885559082,15.079999923706055,15.170000076293945,38738100,PLTR,0.0059171697805502355,15.291428565979004,2023,9
2023-09-07,15.210000038146973,15.239999771118164,14.289999961853027,14.880000114440918,51798800,PLTR,-0.005882362840909705,15.372857093811035,2023,9
2023-09-08,15.130000114440918,15.609999656677246,15.085000038146973,15.119999885559082,33862000,PLTR,-0.0052596925381599435,15.334285736083984,2023,9
2023-09-11,15.789999961853027,16.100000381469727,15.359999656677246,15.40999984741211,55294700,PLTR,0.04362193274421511,15.257142884390694,2023,9
2023-09-12,15.59000015258789,16.149999618530273,15.430000305175781,15.460000038146973,39497900,PLTR,-0.01266623240964626,15.344285828726631,2023,9
2023-09-13,15.600000381469727,15.850000381469727,15.420000076293945,15.630000114440918,34354400,PLTR,0.0006414514935189075,15.404285839625768,2023,9
2023-09-14,15.829999923706055,16.040000915527344,15.470000267028809,15.6899995803833,38572500,PLTR,0.014743560039237602,15.492857251848493,2023,9
2023-09-15,15.329999923706055,15.899999618530273,15.170000076293945,15.770000457763672,56271200,PLTR,-0.031585597120011966,15.497142927987236,2023,9
2023-09-18,15.460000038146973,15.630000114440918,15.069999694824219,15.180000305175781,37404100,PLTR,0.008480111877879892,15.53285721370152,2023,9
2023-09-19,15.149999618530273,15.519000053405762,14.949999809265137,15.34000015258789,37804800,PLTR,-0.02005177353504428,15.535714285714286,2023,9
2023-09-20,14.739999771118164,15.425000190734863,14.732999801635742,15.25,37640500,PLTR,-0.027062696880244763,15.385714258466448,2023,9
2023-09-21,14.0,14.598999977111816,13.680000305175781,14.34000015258789,73071800,PLTR,-0.05020351306708526,15.158571379525322,2023,9
2023-09-22,14.130000114440918,14.414999961853027,14.029999732971191,14.229999542236328,47714500,PLTR,0.009285722460065537,14.948571341378349,2023,9
2023-09-25,14.220000267028809,14.239999771118164,13.819999694824219,14.0,39693900,PLTR,0.006369437498865205,14.718571390424456,2023,9
2023-09-26,13.960000038146973,14.170000076293945,13.880000114440918,13.949999809265137,37276200,PLTR,-0.01828412264412438,14.522857121058873,2023,9
2023-09-27,14.850000381469727,14.960000038146973,14.15999984741211,14.199999809265137,62780600,PLTR,0.06375360608099911,14.435714312962123,2023,9
2023-09-28,15.770000457763672,15.960000038146973,14.824999809265137,15.140000343322754,66590800,PLTR,0.061952865499043996,14.524285861424037,2023,9
2023-09-29,16.0,16.809999465942383,15.960000038146973,16.110000610351562,78055100,PLTR,0.014584624956247128,14.704285894121442,2023,9
2023-10-02,15.880000114440918,16.440000534057617,15.770000457763672,16.030000686645508,41043900,PLTR,-0.007499992847442627,14.972857339041573,2023,10
2023-10-03,14.899999618530273,15.770000457763672,14.819999694824219,15.609999656677246,51578100,PLTR,-0.061712877131496646,15.082857268197197,2023,10
2023-10-04,15.729999542236328,15.850000381469727,15.15999984741211,15.460000038146973,52786200,PLTR,0.05570469429232938,15.298571450369698,2023,10
2023-10-05,15.8100004196167,15.899999618530273,15.40999984741211,15.5600004196167,49648100,PLTR,0.005085879193166054,15.562857219151088,2023,10
2023-10-06,16.610000610351562,16.69499969482422,15.510000228881836,15.5600004196167,65946300,PLTR,0.05060089623667818,15.814285823277064,2023,10
2023-10-09,17.610000610351562,17.829999923706055,16.219999313354492,16.25,106161200,PLTR,0.06020469375400195,16.07714298793248,2023,10
2023-10-10,17.799999237060547,18.399999618530273,17.6200008392334,18.059999465942383,99971500,PLTR,0.01078924589004826,16.334285736083984,2023,10
2023-10-11,17.920000076293945,18.440000534057617,17.729999542236328,17.8700008392334,55745600,PLTR,0.006741620470609444,16.62571430206299,2023,10
2023-10-12,17.940000534057617,18.239999771118164,17.551000595092773,17.920000076293945,57940900,PLTR,0.001116096968667435,17.06000014713832,2023,10
2023-10-13,17.360000610351562,18.15999984741211,17.270000457763672,18.059999465942383,54541600,PLTR,-0.03232998363656525,17.292857442583358,2023,10
2023-10-16,17.360000610351562,17.459999084472656,16.670000076293945,17.209999084472656,44987300,PLTR,0.0,17.514286041259766,2023,10
2023-10-17,17.84000015258789,18.030000686645508,16.90999984741211,17.0,54401300,PLTR,0.027649742244254982,17.69000026157924,2023,10
2023-10-18,17.200000762939453,18.219999313354492,17.190000534057617,17.809999465942383,44208300,PLTR,-0.03587440494251337,17.63142885480608,2023,10
2023-10-19,17.059999465942383,17.579999923706055,16.969999313354492,17.440000534057617,46303200,PLTR,-0.008139609929479152,17.5257146017892,2023,10
2023-10-20,16.110000610351562,16.940000534057617,15.8100004196167,16.850000381469727,63875500,PLTR,-0.055685749433189824,17.26714324951172,2023,10
2023-10-23,16.200000762939453,16.34000015258789,15.210000038146973,15.899999618530273,55967200,PLTR,0.005586601438739791,17.018571853637695,2023,10
2023-10-24,16.639999389648438,16.93000030517578,16.299999237060547,16.3799991607666,39833800,PLTR,0.027160407776990025,16.915714536394393,2023,10
2023-10-25,15.59000015258789,16.6299991607666,15.579999923706055,16.56999969482422,46706500,PLTR,-0.06310091800326267,16.66285732814244,2023,10
2023-10-26,15.289999961853027,15.90999984741211,15.050000190734863,15.600000381469727,49351800,PLTR,-0.019243116600294874,16.298571586608887,2023,10
2023-10-27,15.069999694824219,15.600000381469727,14.960000038146973,15.479999542236328,39913600,PLTR,-0.014388506708808757,15.994285719735283,2023,10
2023-10-30,14.6899995803833,15.289999961853027,14.5600004196167,15.270000457763672,46886400,PLTR,-0.025215668356743826,15.655714307512556,2023,10
2023-10-31,14.800000190734863,15.010000228881836,14.550000190734863,14.579999923706055,40195400,PLTR,0.0074881288967805215,15.468571390424456,2023,10
2023-11-01,14.920000076293945,14.960000038146973,14.479999542236328,14.800000190734863,54419100,PLTR,0.008108100271120522,15.285714149475098,2023,11
2023-11-02,17.969999313354492,18.299999237060547,17.209999084472656,17.479999542236328,170406800,PLTR,0.20442354031261845,15.475714138575963,2023,11
2023-11-03,18.889999389648438,19.07900047302246,17.760000228881836,18.020000457763672,109302000,PLTR,0.051196444710503775,15.947142601013184,2023,11
2023-11-06,18.540000915527344,19.079999923706055,17.93000030517578,18.989999771118164,79952600,PLTR,-0.018528241685009772,16.411428451538086,2023,11
2023-11-07,18.799999237060547,19.170000076293945,18.530000686645508,18.860000610351562,56289100,PLTR,0.014023641245640484,16.944285529000418,2023,11
2023-11-08,18.489999771118164,18.93000030517578,18.149999618530273,18.850000381469727,46063100,PLTR,-0.016489333963975894,17.487142699105398,2023,11
2023-11-09,18.270000457763672,18.8700008392334,18.15999984741211,18.65999984741211,48454200,PLTR,-0.011898286429302019,17.98285702296666,2023,11
2023-11-10,19.670000076293945,19.719999313354492,18.059999465942383,18.155000686645508,92748000,PLTR,0.0766283296908925,18.661428451538086,2023,11
2023-11-13,19.709999084472656,19.8799991607666,19.299999237060547,19.59000015258789,74877500,PLTR,0.0020335032040450507,18.90999984741211,2023,11
2023-11-14,19.940000534057617,20.100000381469727,19.5,20.0,83230500,PLTR,0.011669277537722067,19.060000010899135,2023,11
2023-11-15,19.950000762939453,20.3700008392334,19.611000061035156,19.899999618530273,75533500,PLTR,0.0005015159786356804,19.261428560529435,2023,11
2023-11-16,19.770000457763672,19.875,19.290000915527344,19.799999237060547,49942800,PLTR,-0.009022571342962693,19.400000163487025,2023,11
2023-11-17,20.489999771118164,20.579999923706055,19.659000396728516,19.68000030517578,69497400,PLTR,0.036418780813520346,19.68571444920131,2023,11
2023-11-20,21.34000015258789,21.600000381469727,20.559999465942383,20.649999618530273,90270000,PLTR,0.04148366964200023,20.1242858341762,2023,11
2023-11-21,19.799999237060547,21.850000381469727,19.719999313354492,21.110000610351562,106643300,PLTR,-0.07216499083954264,20.142857142857142,2023,11
2023-11-22,19.690000534057617,20.440000534057617,19.329999923706055,20.260000228881836,68326000,PLTR,-0.005555490264718799,20.140000207083567,2023,11
2023-11-24,19.200000762939453,19.600000381469727,18.93000030517578,19.3799991607666,39800400,PLTR,-0.024885716497092814,20.034285954066686,2023,11
2023-11-27,19.079999923706055,19.5,18.6200008392334,19.1299991607666,58808200,PLTR,-0.006250043461718424,19.910000119890487,2023,11
2023-11-28,19.709999084472656,19.799999237060547,19.030000686645508,19.110000610351562,54170700,PLTR,0.03301882407157963,19.901428495134628,2023,11
2023-11-29,19.84000015258789,20.309999465942383,19.780000686645508,19.94499969482422,62782100,PLTR,0.006595691230531164,19.808571406773158,2023,11
2023-11-30,20.049999237060547,20.229999542236328,19.68000030517578,19.940000534057617,55501000,PLTR,0.010584631192417815,19.624285561697825,2023,11
2023-12-01,20.270000457763672,20.290000915527344,19.549999237060547,19.93000030517578,61493700,PLTR,0.01097262987903136,19.691428593226842,2023,12
2023-12-04,18.399999618530273,19.899999618530273,18.270000457763672,19.75,104948500,PLTR,-0.09225460271349739,19.507142748151505,2023,12
2023-12-05,18.299999237060547,18.549999237060547,17.959999084472656,18.25,54460800,PLTR,-0.005434803453420622,19.378571101597377,2023,12
2023-12-06,17.1299991607666,17.829999923706055,17.049999237060547,17.690000534057617,96111000,PLTR,-0.06393443306404623,19.099999564034597,2023,12
2023-12-07,17.219999313354492,17.479999542236328,17.079999923706055,17.219999313354492,56455000,PLTR,0.0052539496203840574,18.744285311017716,2023,12
2023-12-08,17.770000457763672,17.920000076293945,17.09000015258789,17.18000030517578,57542100,PLTR,0.031939672842068,18.448571068899973,2023,12
2023-12-11,17.770000457763672,18.280000686645508,17.700000762939453,17.969999313354492,50929600,PLTR,0.0,18.122856957571848,2023,12
2023-12-12,17.5,17.8799991607666,17.229999542236328,17.690000534057617,46231900,PLTR,-0.015194172808572382,17.727142606462753,2023,12
2023-12-13,17.8700008392334,17.899999618530273,17.219999313354492,17.649999618530273,52682600,PLTR,0.021142905099051257,17.651428495134628,2023,12
2023-12-14,18.209999084472656,18.579999923706055,17.719999313354492,18.170000076293945,67462800,PLTR,0.01902620197380145,17.638571330479213,2023,12
2023-12-15,18.200000762939453,19.149999618530273,18.040000915527344,18.670000076293945,93307100,PLTR,-0.000549056674128523,17.79142870221819,2023,12
2023-12-18,17.84000015258789,18.575000762939453,17.770000457763672,18.209999084472656,60188100,PLTR,-0.01978025248683668,17.880000250680105,2023,12
2023-12-19,17.950000762939453,18.190000534057617,17.84000015258789,17.979999542236328,43530300,PLTR,0.006165953442304417,17.90571457999093,2023,12
2023-12-20,17.25,17.920000076293945,17.190000534057617,17.8700008392334,58666900,PLTR,-0.03899725533074694,17.83142880031041,2023,12
2023-12-21,17.59000015258789,17.739999771118164,17.420000076293945,17.530000686645508,30493600,PLTR,0.019710153773210948,17.84428596496582,2023,12
2023-12-22,17.40999984741211,17.700000762939453,17.325000762939453,17.700000762939453,33693800,PLTR,-0.010233104241860858,17.77857153756278,2023,12
2023-12-26,17.68000030517578,17.7450008392334,17.329999923706055,17.440000534057617,31750700,PLTR,0.015508354975879435,17.702857426234655,2023,12
2023-12-27,17.469999313354492,17.90999984741211,17.450000762939453,17.780000686645508,32918400,PLTR,-0.01187788394776279,17.598571504865372,2023,12
2023-12-28,17.559999465942383,17.84000015258789,17.420000076293945,17.459999084472656,38990000,PLTR,0.005151697545808798,17.558571406773158,2023,12
2023-12-29,17.170000076293945,17.639999389648438,17.100000381469727,17.520000457763672,38943500,PLTR,-0.02220953311558127,17.44714273725237,2023,12
2024-01-02,16.579999923706055,16.950000762939453,16.5,16.950000762939453,41626700,PLTR,-0.0343622684895899,17.35142844063895,2024,1
2024-01-03,16.09000015258789,16.3799991607666,16.010000228881836,16.1200008392334,46865200,PLTR,-0.029553665462782264,17.137142726353236,2024,1
2024-01-04,16.25,16.579999923706055,15.949999809265137,16.049999237060547,39937700,PLTR,0.00994405505871776,16.97142846243722,2024,1
2024-01-05,15.979999542236328,16.128000259399414,15.663999557495117,15.699999809265137,57700000,PLTR,-0.01661541278545675,16.72857121058873,2024,1
2024-01-08,16.670000076293945,16.889999389648438,16.139999389648438,16.219999313354492,49090000,PLTR,0.04317900837443056,16.614285605294363,2024,1
2024-01-09,16.389999389648438,16.6299991607666,16.280000686645508,16.510000228881836,35794500,PLTR,-0.016796681785484213,16.44714273725237,2024,1
2024-01-10,16.790000915527344,17.030000686645508,16.399999618530273,16.5,41254400,PLTR,0.02440521908326243,16.392857142857142,2024,1
2024-01-11,16.68000030517578,16.93000030517578,16.170000076293945,16.809999465942383,39552400,PLTR,-0.006551554756011657,16.407142911638534,2024,1
2024-01-12,16.760000228881836,17.059999465942383,16.6200008392334,16.68000030517578,33952600,PLTR,0.004796158407816664,16.502857208251953,2024,1
2024-01-16,16.530000686645508,16.739999771118164,16.290000915527344,16.59000015258789,32659300,PLTR,-0.01372312285771804,16.542857306344168,2024,1
2024-01-17,16.389999389648438,16.40999984741211,16.049999237060547,16.260000228881836,30832800,PLTR,-0.008469527597187332,16.601428713117325,2024,1
2024-01-18,16.399999618530273,16.809999465942383,16.100000381469727,16.75,35239700,PLTR,0.0006101421143525076,16.562857219151088,2024,1
2024-01-19,16.780000686645508,16.780000686645508,16.149999618530273,16.56999969482422,40690600,PLTR,0.023170797375255514,16.61857169015067,2024,1
2024-01-22,17.600000381469727,18.350000381469727,17.43000030517578,17.459999084472656,85573900,PLTR,0.0488676794558669,16.73428589957101,2024,1
2024-01-23,17.329999923706055,17.729999542236328,17.200000762939453,17.639999389648438,37794300,PLTR,-0.015340934767702818,16.82714298793248,2024,1
2024-01-24,16.75,17.649999618530273,16.735000610351562,17.510000228881836,42710700,PLTR,-0.033467970355421706,16.825714383806503,2024,1
2024-01-25,16.459999084472656,17.0,16.309999465942383,16.920000076293945,44589000,PLTR,-0.01731348749416972,16.815714154924667,2024,1
2024-01-26,16.350000381469727,16.75,16.34000015258789,16.399999618530273,28612200,PLTR,-0.006682789132515521,16.810000010899135,2024,1
2024-01-29,17.09000015258789,17.110000610351562,16.43000030517578,16.450000762939453,35987800,PLTR,0.04525992378305044,16.90857151576451,2024,1
2024-01-30,16.739999771118164,17.239999771118164,16.65999984741211,17.040000915527344,36388200,PLTR,-0.02047983489436811,16.902857099260604,2024,1
2024-01-31,16.09000015258789,16.760000228881836,16.06999969482422,16.40999984741211,43582500,PLTR,-0.03882912947536177,16.687142780848912,2024,1
2024-02-01,16.329999923706055,16.48699951171875,16.030000686645508,16.209999084472656,40454400,PLTR,0.014916082588076529,16.54428563799177,2024,2
2024-02-02,17.020000457763672,17.020000457763672,16.145000457763672,16.34000015258789,57672700,PLTR,0.04225355402824915,16.582857131958008,2024,2
2024-02-05,16.719999313354492,17.8700008392334,16.479999542236328,17.559999465942383,167698300,PLTR,-0.01762638873915745,16.62000002179827,2024,2
2024-02-06,21.8700008392334,22.18000030517578,19.760000228881836,20.299999237060547,420501900,PLTR,0.30801445797701255,17.40857151576451,2024,2
2024-02-07,23.600000381469727,23.8700008392334,21.3799991607666,21.600000381469727,254911100,PLTR,0.07910377118654788,18.338571548461914,2024,2
2024-02-08,24.510000228881836,25.059999465942383,23.31999969482422,23.959999084472656,212671100,PLTR,0.03855931494503806,19.448571613856725,2024,2
2024-02-09,24.3799991607666,25.110000610351562,23.56999969482422,25.040000915527344,149062000,PLTR,-0.005304001097562017,20.632857186453684,2024,2
2024-02-12,25.049999237060547,25.524999618530273,23.81999969482422,23.90999984741211,108173000,PLTR,0.027481546323108175,21.878571374075754,2024,2
2024-02-13,24.010000228881836,24.65999984741211,23.309999465942383,23.530000686645508,102293300,PLTR,-0.04151692773866722,22.877142769949778,2024,2
2024-02-14,25.190000534057617,25.5,23.7549991607666,24.149999618530273,97227900,PLTR,0.04914620132974212,24.087142944335938,2024,2
2024-02-15,25.40999984741211,25.459999084472656,24.709999084472656,25.040000915527344,70544300,PLTR,0.008733597010331495,24.592857088361466,2024,2
2024-02-16,24.440000534057617,25.4950008392334,24.389999389648438,24.959999084472656,65498200,PLTR,-0.03817392047144319,24.71285711015974,2024,2
2024-02-20,23.399999618530273,24.0,22.71500015258789,23.84000015258789,93374300,PLTR,-0.04255322801969996,24.55428559439523,2024,2
2024-02-21,22.739999771118164,22.93000030517578,22.290000915527344,22.299999237060547,59628300,PLTR,-0.028205122144081662,24.319999967302596,2024,2
2024-02-22,23.59000015258789,23.950000762939453,23.049999237060547,23.770000457763672,64458200,PLTR,0.037379084873575996,24.111428669520787,2024,2
2024-02-23,22.969999313354492,24.06999969482422,22.81999969482422,23.530000686645508,48840800,PLTR,-0.02628235842403681,23.96285711015974,2024,2
2024-02-26,23.559999465942383,23.8799991607666,22.940000534057617,23.030000686645508,46499500,PLTR,0.025685684380707396,23.729999814714706,2024,2
2024-02-27,24.530000686645508,24.6200008392334,23.719999313354492,23.760000228881836,64967400,PLTR,0.04117152982559813,23.604285648890905,2024,2
2024-02-28,24.420000076293945,24.84000015258789,24.2450008392334,24.520000457763672,47314000,PLTR,-0.004484329689050881,23.60142844063895,2024,2
2024-02-29,25.079999923706055,25.292999267578125,24.360000610351562,24.809999465942383,62753300,PLTR,0.027027020694107673,23.84142848423549,2024,2
2024-03-01,24.93000030517578,25.690000534057617,24.53499984741211,25.299999237060547,64794400,PLTR,-0.005980846052096367,24.15428570338658,2024,3
2024-03-04,24.040000915527344,24.579999923706055,23.530000686645508,24.399999618530273,64320000,PLTR,-0.03569993496805779,24.218571526663645,2024,3
2024-03-05,23.809999465942383,24.409000396728516,23.43000030517578,23.959999084472656,49542300,PLTR,-0.009567447621701364,24.338571548461914,2024,3
2024-03-06,26.15999984741211,26.75,24.530000686645508,25.75,207386900,PLTR,0.09869804427468165,24.71000017438616,2024,3
2024-03-07,26.459999084472656,27.5,26.3799991607666,27.010000228881836,117519300,PLTR,0.011467860810795205,24.985714231218612,2024,3
2024-03-08,26.040000915527344,27.280000686645508,25.809999465942383,27.190000534057617,84256100,PLTR,-0.015872947221369227,25.21714292253767,2024,3
2024-03-11,25.350000381469727,26.829999923706055,25.290000915527344,25.889999389648438,60829300,PLTR,-0.02649771543003976,25.255714416503906,2024,3
2024-03-12,24.700000762939453,25.639999389648438,24.350000381469727,25.56999969482422,75202600,PLTR,-0.025641010207061332,25.222857339041575,2024,3
2024-03-13,25.0,25.440000534057617,24.600000381469727,24.700000762939453,59713000,PLTR,0.012145717724457494,25.36000006539481,2024,3
2024-03-14,24.43000030517578,24.969999313354492,24.139999389648438,24.829999923706055,49214800,PLTR,-0.022799987792968768,25.448571613856725,2024,3
2024-03-15,23.489999771118164,24.100000381469727,23.420000076293945,23.850000381469727,61421000,PLTR,-0.03847730341036737,25.067143031529017,2024,3
2024-03-18,24.0,24.18000030517578,23.31999969482422,23.770000457763672,44083000,PLTR,0.02171137649430288,24.715714590890066,2024,3
2024-03-19,23.799999237060547,23.829999923706055,22.920000076293945,23.5,43247200,PLTR,-0.008333365122477177,24.395714351109095,2024,3
2024-03-20,24.56999969482422,24.649999618530273,23.670000076293945,23.770000457763672,40273800,PLTR,0.03235296144735389,24.284285681588308,2024,3
2024-03-21,24.489999771118164,25.329999923706055,24.440000534057617,25.299999237060547,37099600,PLTR,-0.003256000191278252,24.254285539899552,2024,3
2024-03-22,24.18000030517578,24.475000381469727,24.020000457763672,24.200000762939453,25453000,PLTR,-0.012658206159232965,24.137142726353236,2024,3
2024-03-25,24.510000228881836,24.6200008392334,24.049999237060547,24.1200008392334,29255900,PLTR,0.013647639352403873,24.148571286882675,2024,3
2024-03-26,24.889999389648438,25.469999313354492,24.469999313354492,24.760000228881836,43610500,PLTR,0.015503841583763833,24.348571232387,2024,3
2024-03-27,24.510000228881836,25.479999542236328,24.260000228881836,25.0,38600100,PLTR,-0.015267142229205555,24.421428407941544,2024,3
2024-03-28,23.010000228881836,24.280000686645508,22.940000534057617,24.170000076293945,70008200,PLTR,-0.061199509832417176,24.308571406773158,2024,3
2024-04-01,22.860000610351562,23.209999084472656,22.399999618530273,22.979999542236328,41000000,PLTR,-0.006518888180713556,24.064285823277064,2024,4
2024-04-02,22.719999313354492,22.790000915527344,21.719999313354492,22.0,39770600,PLTR,-0.0061242910437051545,23.81142861502511,2024,4
2024-04-03,22.700000762939453,23.010000228881836,22.3799991607666,22.440000534057617,30357400,PLTR,-0.0008802179145879219,23.60000010899135,2024,4
2024-04-04,22.479999542236328,24.100000381469727,22.399999618530273,23.81999969482422,64995300,PLTR,-0.00969168340568094,23.310000010899135,2024,4
2024-04-05,22.959999084472656,23.31999969482422,22.30699920654297,22.420000076293945,38716800,PLTR,0.021352293238907194,23.034285681588308,2024,4
2024-04-08,23.0,23.200000762939453,22.670000076293945,23.079999923706055,25022700,PLTR,0.00174220022310001,22.81857136317662,2024,4
2024-04-09,22.809999465942383,23.086999893188477,22.459999084472656,23.010000228881836,27643300,PLTR,-0.008260892785113771,22.78999982561384,2024,4
2024-04-10,22.420000076293945,22.709999084472656,22.010000228881836,22.219999313354492,28642900,PLTR,-0.017097737780781053,22.727142606462753,2024,4
2024-04-11,22.84000015258789,22.90999984741211,22.25,22.649999618530273,26399400,PLTR,0.018733277201815834,22.744285583496094,2024,4
2024-04-12,22.670000076293945,23.200000762939453,22.40999984741211,22.700000762939453,36764500,PLTR,-0.0074430856023739445,22.739999771118164,2024,4
2024-04-15,21.899999618530273,23.1299991607666,21.829999923706055,22.790000915527344,38182100,PLTR,-0.033965613373281967,22.657142639160156,2024,4
2024-04-16,21.8799991607666,21.989999771118164,21.270000457763672,21.59000015258789,33869200,PLTR,-0.0009132629274910542,22.502856935773575,2024,4
2024-04-17,21.309999465942383,22.110000610351562,21.219999313354492,22.010000228881836,30139800,PLTR,-0.026051175351336164,22.26142828805106,2024,4
2024-04-18,21.1299991607666,21.43000030517578,20.700000762939453,21.25,34550500,PLTR,-0.008446753152831277,22.02142824445452,2024,4
2024-04-19,20.469999313354492,21.43000030517578,20.329999923706055,20.979999542236328,39632600,PLTR,-0.031235204620243096,21.74285670689174,2024,4
2024-04-22,20.969999313354492,21.079999923706055,20.360000610351562,20.719999313354492,31894500,PLTR,0.02442599007190993,21.4757137298584,2024,4
2024-04-23,21.639999389648438,22.059999465942383,21.229999542236328,21.25,36304600,PLTR,0.03195041002539578,21.328570774623326,2024,4
2024-04-24,21.59000015258789,22.25,21.299999237060547,22.049999237060547,34426500,PLTR,-0.002310500853547337,21.284285136631556,2024,4
2024-04-25,21.709999084472656,21.739999771118164,20.65999984741211,20.81999969482422,26226700,PLTR,0.005558079251350989,21.259999411446707,2024,4
2024-04-26,22.520000457763672,22.670000076293945,21.90999984741211,22.049999237060547,33119800,PLTR,0.03731006022337158,21.432856695992605,2024,4
2024-04-29,22.829999923706055,23.09000015258789,22.545000076293945,22.75,30104900,PLTR,0.013765517746049172,21.6757139478411,2024,4
2024-04-30,21.969999313354492,22.8700008392334,21.950000762939453,22.770000457763672,30511900,PLTR,-0.03766975966822328,21.889999662126815,2024,4
2024-05-01,22.1200008392334,22.829999923706055,21.6299991607666,21.93000030517578,34665900,PLTR,0.006827561700820217,22.05428559439523,2024,5
2024-05-02,22.549999237060547,22.71500015258789,22.100000381469727,22.600000381469727,30396100,PLTR,0.019439348169665305,22.18428557259696,2024,5
2024-05-03,23.329999923706055,23.639999389648438,22.90999984741211,23.479999542236328,55976400,PLTR,0.03458983206365662,22.432856968470983,2024,5
2024-05-06,25.209999084472656,25.354999542236328,24.030000686645508,24.3700008392334,175936600,PLTR,0.08058290471129825,22.932856968470983,2024,5
2024-05-07,21.399999618530273,22.700000762939453,21.350000381469727,21.989999771118164,161061600,PLTR,-0.15113048807245055,22.772856848580496,2024,5
2024-05-08,21.559999465942383,21.729999542236328,21.059999465942383,21.579999923706055,67582900,PLTR,0.007476628517019579,22.591428211757115,2024,5
2024-05-09,21.139999389648438,21.579999923706055,20.940000534057617,21.489999771118164,54101900,PLTR,-0.019480523501747116,22.472856794084823,2024,5
2024-05-10,20.600000381469727,21.3700008392334,20.5,21.270000457763672,59845400,PLTR,-0.025543946252104988,22.255713871547155,2024,5
2024-05-13,20.940000534057617,21.190000534057617,20.600000381469727,20.600000381469727,37524800,PLTR,0.01650486147047503,22.02571405683245,2024,5
2024-05-14,21.440000534057617,22.06999969482422,20.93000030517578,20.950000762939453,57894400,PLTR,0.02387774533180087,21.75571414402553,2024,5
2024-05-15,21.670000076293945,21.809999465942383,21.184999465942383,21.729999542236328,39424000,PLTR,0.010727590322163083,21.25,2024,5
2024-05-16,21.649999618530273,21.8700008392334,21.53499984741211,21.739999771118164,27416700,PLTR,-0.0009229560541419435,21.285714285714285,2024,5
2024-05-17,21.760000228881836,22.16900062561035,21.559999465942383,21.780000686645508,30032300,PLTR,0.005080859690058004,21.314285823277064,2024,5
2024-05-20,21.6200008392334,21.770000457763672,21.219999313354492,21.770000457763672,35255300,PLTR,-0.006433795412493448,21.382857458932058,2024,5
2024-05-21,21.239999771118164,21.450000762939453,21.1200008392334,21.34000015258789,27954000,PLTR,-0.017576366945631805,21.47428594316755,2024,5
2024-05-22,21.170000076293945,21.420000076293945,21.079999923706055,21.229999542236328,25212500,PLTR,-0.003295654217445154,21.507143020629883,2024,5
2024-05-23,20.719999313354492,21.520000457763672,20.6299991607666,21.389999389648438,36887600,PLTR,-0.021256531002253554,21.40428570338658,2024,5
2024-05-24,21.010000228881836,21.149999618530273,20.649999618530273,20.719999313354492,22158700,PLTR,0.01399618364564481,21.310000010899135,2024,5
2024-05-28,21.049999237060547,21.219999313354492,20.729999542236328,21.059999465942383,26274200,PLTR,0.001903808079151137,21.224285670689174,2024,5
2024-05-29,20.940000534057617,20.989999771118164,20.639999389648438,20.770000457763672,24834200,PLTR,-0.00522559178098525,21.107142857142858,2024,5
2024-05-30,21.729999542236328,21.959999084472656,21.020000457763672,21.280000686645508,47210300,PLTR,0.03772679025933301,21.122856957571848,2024,5
2024-05-31,21.68000030517578,22.200000762939453,21.309999465942383,21.790000915527344,44416100,PLTR,-0.0023009313444007917,21.185714176722936,2024,5
2024-06-03,21.31999969482422,21.790000915527344,21.0049991607666,21.700000762939453,33876100,PLTR,-0.016605193970666954,21.207142693655832,2024,6
2024-06-04,22.100000381469727,22.260000228881836,21.040000915527344,21.049999237060547,41974000,PLTR,0.036585398583981465,21.40428570338658,2024,6
2024-06-05,22.959999084472656,22.979999542236328,22.219999313354492,22.479999542236328,39825400,PLTR,0.038913967789974135,21.682856968470983,2024,6
2024-06-06,23.790000915527344,23.950000762939453,22.979999542236328,22.979999542236328,60400400,PLTR,0.03614990697521403,22.074285779680526,2024,6
2024-06-07,23.309999465942383,23.56999969482422,23.059999465942383,23.239999771118164,37149900,PLTR,-0.02017660492277118,22.412857055664062,2024,6
2024-06-10,23.1299991607666,23.15999984741211,22.65999984741211,22.75,31429200,PLTR,-0.007722020990981737,22.612857001168386,2024,6
2024-06-11,23.850000381469727,23.950000762939453,22.889999389648438,23.059999465942383,30601900,PLTR,0.03112845857445601,22.92285701206752,2024,6
2024-06-12,23.770000457763672,24.329999923706055,23.56999969482422,24.200000762939453,38542700,PLTR,-0.003354294441362371,23.272857121058873,2024,6
2024-06-13,23.270000457763672,24.139999389648438,23.149999618530273,23.850000381469727,26035100,PLTR,-0.02103491755872855,23.439999989100865,2024,6
2024-06-14,23.56999969482422,23.719999313354492,22.84000015258789,23.149999618530273,26618300,PLTR,0.012892102757155577,23.527142933436803,2024,6
2024-06-17,25.020000457763672,25.059999465942383,23.450000762939453,23.469999313354492,54101500,PLTR,0.06151891309773161,23.702857153756277,2024,6
2024-06-18,25.81999969482422,26.024999618530273,24.829999923706055,25.149999618530273,54458600,PLTR,0.031974389385444946,24.06142861502511,2024,6
2024-06-20,25.559999465942383,26.56999969482422,25.155000686645508,26.440000534057617,66735000,PLTR,-0.010069722383999613,24.40857151576451,2024,6
2024-06-21,23.84000015258789,26.09000015258789,23.530000686645508,24.709999084472656,68605900,PLTR,-0.06729261929939856,24.407142911638534,2024,6
2024-06-24,24.15999984741211,24.386999130249023,23.299999237060547,23.440000534057617,36477400,PLTR,0.013422805905036084,24.46285711015974,2024,6
2024-06-25,24.559999465942383,24.6299991607666,23.920000076293945,24.15999984741211,29389400,PLTR,0.016556275705983392,24.647142682756698,2024,6
2024-06-26,24.100000381469727,24.65999984741211,24.024999618530273,24.469999313354492,24331400,PLTR,-0.018729604823914725,24.722857066563197,2024,6
2024-06-27,25.219999313354492,25.399999618530273,24.049999237060547,24.100000381469727,37882900,PLTR,0.04647298398990585,24.7514283316476,2024,6
2024-06-28,25.329999923706055,25.56999969482422,25.030000686645508,25.280000686645508,38886400,PLTR,0.00436164208352352,24.681428364345006,2024,6
2024-07-01,25.8799991607666,26.020000457763672,25.142000198364258,25.479999542236328,33167900,PLTR,0.021713353285319537,24.727142606462753,2024,7
2024-07-02,25.829999923706055,26.43000030517578,25.75,25.84000015258789,32148200,PLTR,-0.0019319644003831238,25.01142828805106,2024,7
2024-07-03,25.850000381469727,26.270000457763672,25.760000228881836,25.959999084472656,18433800,PLTR,0.0007743111816782555,25.252856935773575,2024,7
2024-07-05,27.229999542236328,27.25,25.975000381469727,26.0,46703700,PLTR,0.0533848797060692,25.634285518101283,2024,7
2024-07-08,27.700000762939453,27.986000061035156,26.84000015258789,27.93000030517578,59611200,PLTR,0.01726041970636505,26.148571286882675,2024,7
2024-07-09,27.389999389648438,28.3799991607666,27.229999542236328,27.93000030517578,53067100,PLTR,-0.011191385009121535,26.45857129778181,2024,7
2024-07-10,28.420000076293945,28.469999313354492,27.3700008392334,27.5,43231000,PLTR,0.03760499122299277,26.89999989100865,2024,7
2024-07-11,27.639999389648438,28.59000015258789,26.899999618530273,28.489999771118164,61546100,PLTR,-0.027445485029964245,27.151428495134628,2024,7
2024-07-12,28.06999969482422,28.1299991607666,27.280000686645508,27.31999969482422,30760300,PLTR,0.0155571749157426,27.47142846243722,2024,7
2024-07-15,28.670000076293945,29.299999237060547,27.899999618530273,28.420000076293945,49186300,PLTR,0.021375147416918594,27.874285561697825,2024,7
2024-07-16,28.670000076293945,28.84000015258789,27.469999313354492,28.18000030517578,59330700,PLTR,0.0,28.079999923706055,2024,7
2024-07-17,28.219999313354492,28.8700008392334,27.600000381469727,28.0,45203500,PLTR,-0.01569587588915078,28.154285430908203,2024,7
2024-07-18,28.639999389648438,29.829999923706055,28.149999618530273,28.420000076293945,76485600,PLTR,0.014883064724072748,28.33285685947963,2024,7
2024-07-19,28.579999923706055,29.600000381469727,28.270000457763672,28.309999465942383,49581600,PLTR,-0.0020949534644217893,28.355713980538503,2024,7
2024-07-22,28.459999084472656,28.969999313354492,27.690000534057617,28.93000030517578,38037800,PLTR,-0.00419876975345479,28.472856794084823,2024,7
2024-07-23,28.809999465942383,29.190000534057617,28.309999465942383,28.34000015258789,31134300,PLTR,0.01229797585133019,28.5785710471017,2024,7
2024-07-24,26.600000381469727,28.684999465942383,26.579999923706055,28.440000534057617,49004100,PLTR,-0.07670944552030268,28.282856804983957,2024,7
2024-07-25,26.6299991607666,27.288000106811523,25.420000076293945,26.040000915527344,45474600,PLTR,0.0011277736416039907,27.991428102765763,2024,7
2024-07-26,27.18000030517578,27.34000015258789,26.770000457763672,27.0,27432200,PLTR,0.020653442048150117,27.842856815883092,2024,7
2024-07-29,27.079999923706055,27.799999237060547,26.729999542236328,27.559999465942383,26038800,PLTR,-0.003679189858238674,27.619999749319895,2024,7
2024-07-30,26.3700008392334,27.440000534057617,25.889999389648438,27.25,31819900,PLTR,-0.02621857778703751,27.30428559439523,2024,7
2024-07-31,26.889999389648438,27.389999389648438,26.8799991607666,27.020000457763672,29111600,PLTR,0.019719322482591117,27.079999923706055,2024,7
2024-08-01,26.079999923706055,27.53499984741211,25.829999923706055,27.020000457763672,31189600,PLTR,-0.030122703024463404,26.689999989100865,2024,8
2024-08-02,24.739999771118164,24.8700008392334,23.75,24.75,56092600,PLTR,-0.05138037409922935,26.424285616193497,2024,8
2024-08-05,24.09000015258789,24.420000076293945,21.229999542236328,21.739999771118164,88023500,PLTR,-0.026273226537742,26.06142861502511,2024,8
2024-08-06,26.59000015258789,27.420000076293945,25.56999969482422,27.049999237060547,99622700,PLTR,0.10377750038044042,25.977142878941127,2024,8
2024-08-07,26.31999969482422,28.360000610351562,26.239999771118164,27.06999969482422,75975400,PLTR,-0.010154210463116264,25.868571417672293,2024,8
2024-08-08,29.280000686645508,29.375,26.690000534057617,27.040000915527344,96892900,PLTR,0.11246204506618462,26.284285681588308,2024,8
2024-08-09,30.010000228881836,30.360000610351562,29.100000381469727,29.280000686645508,88131100,PLTR,0.024931677770392957,26.73000008719308,2024,8
2024-08-12,29.3799991607666,31.200000762939453,29.270000457763672,30.219999313354492,67890300,PLTR,-0.020993037764422184,27.2014285496303,2024,8
2024-08-13,30.389999389648438,30.850000381469727,29.559999465942383,29.788999557495117,57294200,PLTR,0.03437713606985282,28.00857135227748,2024,8
2024-08-14,31.0,31.3700008392334,30.329999923706055,30.6200008392334,49885600,PLTR,0.020072412721381827,28.99571418762207,2024,8
2024-08-15,31.219999313354492,31.4950008392334,30.829999923706055,31.309999465942383,43407600,PLTR,0.007096752043693311,29.657142639160156,2024,8
2024-08-16,32.08000183105469,32.75,30.979999542236328,31.040000915527344,64870600,PLTR,0.02754652583647954,30.48000008719308,2024,8
2024-08-19,32.5,32.59000015258789,31.81399917602539,32.41999816894531,52353600,PLTR,0.013092211501644524,30.939999989100865,2024,8
2024-08-20,32.31999969482422,32.720001220703125,31.6299991607666,32.5,40783000,PLTR,-0.005538470928485584,31.26999991280692,2024,8
2024-08-21,32.540000915527344,32.66999816894531,31.969999313354492,32.31999969482422,38147600,PLTR,0.00680696852662277,31.721428734915598,2024,8
2024-08-22,31.920000076293945,33.125,31.850000381469727,32.54999923706055,43522200,PLTR,-0.019053497903792294,31.94000026157924,2024,8
2024-08-23,31.780000686645508,32.54999923706055,31.621999740600586,31.989999771118164,34121200,PLTR,-0.004385945780507994,32.05142893110003,2024,8
2024-08-26,30.850000381469727,31.739999771118164,30.790000915527344,31.43000030517578,35283600,PLTR,-0.02926369682448071,31.998571940830775,2024,8
2024-08-27,30.84000015258789,31.1200008392334,30.3799991607666,30.549999237060547,23541300,PLTR,-0.0003241565237659394,31.821428843906947,2024,8
2024-08-28,30.360000610351562,30.799999237060547,29.75,30.6200008392334,33961400,PLTR,-0.015564187414442987,31.515714645385742,2024,8
2024-08-29,31.0,31.81999969482422,30.483999252319336,30.649999618530273,39733000,PLTR,0.021080348378854197,31.327143260410853,2024,8
2024-08-30,31.479999542236328,31.5,30.700000762939453,31.049999237060547,42388000,PLTR,0.015483856201171875,31.17571449279785,2024,8
2024-09-03,30.510000228881836,31.589000701904297,30.165000915527344,31.350000381469727,34531600,PLTR,-0.03081319337546551,30.97428594316755,2024,9
2024-09-04,30.59000015258789,30.850000381469727,29.309999465942383,30.0,33419500,PLTR,0.002622088597374894,30.804285866873606,2024,9
2024-09-05,30.15999984741211,30.739999771118164,30.010000228881836,30.239999771118164,24012300,PLTR,-0.01405689123997611,30.70571436200823,2024,9
2024-09-06,30.329999923706055,31.040000915527344,29.5,30.600000381469727,50946800,PLTR,0.005636607332693,30.632857186453684,2024,9
2024-09-09,34.599998474121094,34.70000076293945,32.470001220703125,32.70000076293945,140582500,PLTR,0.14078465417593322,31.238571166992188,2024,9
2024-09-10,34.7599983215332,35.20000076293945,33.709999084472656,34.810001373291016,91721000,PLTR,0.004624273250525723,31.775713784354075,2024,9
2024-09-11,34.849998474121094,34.869998931884766,33.619998931884766,34.0099983215332,68302300,PLTR,0.0025891874837098428,32.25714220319475,2024,9
2024-09-12,34.90999984741211,35.400001525878906,34.53099822998047,34.86000061035156,54291900,PLTR,0.0017217037566177318,32.88571357727051,2024,9
2024-09-13,35.59000015258789,36.0099983215332,34.88999938964844,34.970001220703125,49727200,PLTR,0.019478668236837304,33.59999929155622,2024,9
2024-09-16,36.310001373291016,36.91999816894531,35.560001373291016,35.779998779296875,74767300,PLTR,0.020230436010570507,34.47857093811035,2024,9
2024-09-17,36.45000076293945,37.04999923706055,35.869998931884766,37.0,64461800,PLTR,0.0038556701832410667,35.35285677228655,2024,9
2024-09-18,36.380001068115234,37.11000061035156,35.87099838256836,35.900001525878906,66279800,PLTR,-0.001920430544829821,35.607142857142854,2024,9
2024-09-19,36.83000183105469,37.349998474121094,36.20000076293945,37.0,59882000,PLTR,0.012369454363041488,35.902857644217356,2024,9
2024-09-20,37.20000076293945,37.290000915527344,35.709999084472656,36.0099983215332,450290500,PLTR,0.010046128522665176,36.23857225690569,2024,9
2024-09-23,37.95000076293945,38.189998626708984,36.56999969482422,36.86000061035156,79460700,PLTR,0.020161289909090163,36.67285810198103,2024,9
2024-09-24,36.900001525878906,37.97999954223633,36.43000030517578,37.970001220703125,79519200,PLTR,-0.02766796352968548,36.86000115530832,2024,9
2024-09-25,37.119998931884766,37.18000030517578,36.382999420166016,36.88999938964844,46511700,PLTR,0.005961989076113339,36.975715092250276,2024,9
2024-09-26,37.099998474121094,37.439998626708984,36.599998474121094,37.2599983215332,48602000,PLTR,-0.0005388054509476436,37.06857190813337,2024,9
2024-09-27,36.84000015258789,37.470001220703125,36.59000015258789,36.90999984741211,43219100,PLTR,-0.0070080412999090624,37.134286063058035,2024,9
2024-09-30,37.20000076293945,37.31999969482422,36.150001525878906,36.58000183105469,42110200,PLTR,0.009772003497841242,37.18714305332729,2024,9
2024-10-01,36.459999084472656,37.560001373291016,36.04999923706055,37.209999084472656,52858000,PLTR,-0.0198925178303766,37.08142852783203,2024,10
2024-10-02,37.4900016784668,37.68000030517578,36.14500045776367,36.29999923706055,34988900,PLTR,0.028250208992264936,37.01571437290737,2024,10
2024-10-03,39.2400016784668,39.290000915527344,37.369998931884766,37.45000076293945,57196400,PLTR,0.046679112340641815,37.35000010899135,2024,10
2024-10-04,40.0099983215332,40.290000915527344,39.400001525878906,39.650001525878906,62532500,PLTR,0.019622747454900002,37.762857164655415,2024,10
2024-10-07,38.88999938964844,40.150001525878906,38.775001525878906,39.900001525878906,44124800,PLTR,-0.027992976227694255,38.01857158115932,2024,10
2024-10-08,41.45000076293945,41.4900016784668,39.01499938964844,39.290000915527344,62542900,PLTR,0.06582672701127446,38.67714309692383,2024,10
2024-10-09,43.130001068115234,43.34000015258789,41.209999084472656,41.54999923706055,86404700,PLTR,0.04053076656823307,39.52428599766323,2024,10
2024-10-10,43.52000045776367,43.87799835205078,42.40999984741211,42.91999816894531,62516300,PLTR,0.009042415487829691,40.53285762241909,2024,10
2024-10-11,43.5099983215332,44.380001068115234,42.619998931884766,43.400001525878906,66206900,PLTR,-0.00022982849552533047,41.392857142857146,2024,10
2024-10-14,43.400001525878906,44.38999938964844,43.279998779296875,43.720001220703125,41010900,PLTR,-0.0025280808985888026,41.987142835344585,2024,10
2024-10-15,42.43000030517578,43.68000030517578,41.51499938964844,43.474998474121094,48297000,PLTR,-0.022350257755745173,42.33285740443638,2024,10
2024-10-16,41.93000030517578,42.4900016784668,40.36000061035156,42.400001525878906,59157900,PLTR,-0.011784114928205858,42.76714324951172,2024,10
2024-10-17,42.0,42.70000076293945,41.61000061035156,42.150001525878906,34028400,PLTR,0.0016694417914320248,42.8457145690918,2024,10
2024-10-18,42.970001220703125,42.9900016784668,41.650001525878906,42.01499938964844,33969000,PLTR,0.02309526715959831,42.82285744803293,2024,10
2024-10-21,42.70000076293945,43.400001525878906,42.40999984741211,42.86000061035156,30719800,PLTR,-0.006283464046856535,42.705714634486604,2024,10
2024-10-22,42.939998626708984,43.4900016784668,42.29999923706055,42.689998626708984,27830700,PLTR,0.005620558770055961,42.62428610665457,2024,10
2024-10-23,42.59000015258789,43.68000030517578,42.05500030517578,42.849998474121094,35647000,PLTR,-0.00815087296959982,42.50857162475586,2024,10
2024-10-24,43.560001373291016,43.72999954223633,42.65999984741211,42.88999938964844,34079600,PLTR,0.022775327946181978,42.67000034877232,2024,10
2024-10-25,44.86000061035156,45.06999969482422,43.64500045776367,43.849998474121094,50416500,PLTR,0.029843875024706534,43.08857182094029,2024,10
2024-10-28,44.970001220703125,45.13999938964844,44.68000030517578,45.04999923706055,36729700,PLTR,0.002452086688696564,43.51285770961216,2024,10
2024-10-29,44.93000030517578,45.06999969482422,44.040000915527344,44.900001525878906,26154700,PLTR,-0.0008895022112859197,43.79285757882254,2024,10
2024-10-30,43.689998626708984,44.79999923706055,43.61000061035156,44.58000183105469,31309200,PLTR,-0.027598523704526978,43.93428584507534,2024,10
2024-10-31,41.560001373291016,43.31999969482422,40.900001525878906,42.790000915527344,50973400,PLTR,-0.04875251362713107,43.73714338030134,2024,10
2024-11-01,41.91999816894531,42.56999969482422,41.59000015258789,41.93000030517578,33722500,PLTR,0.0086620977805274,43.64142881120954,2024,11
2024-11-04,41.40999984741211,42.040000915527344,41.03200149536133,41.08000183105469,75413300,PLTR,-0.012165991025997136,43.334285736083984,2024,11
2024-11-05,51.130001068115234,51.57500076293945,46.86000061035156,47.86000061035156,208868200,PLTR,0.23472594195893404,44.23000008719308,2024,11
2024-11-06,55.529998779296875,55.689998626708984,51.61000061035156,53.439998626708984,114255900,PLTR,0.08605510696782459,45.73857116699219,2024,11
2024-11-07,55.880001068115234,56.470001220703125,53.54999923706055,55.81999969482422,121591200,PLTR,0.006302940689940195,47.302856990269255,2024,11
2024-11-08,58.38999938964844,58.47999954223633,55.29999923706055,55.56999969482422,84124000,PLTR,0.04491764984889013,49.4028570992606,2024,11
2024-11-11,60.2400016784668,62.08000183105469,58.689998626708984,60.132999420166016,108357800,PLTR,0.03168354697990172,52.07142857142857,2024,11
2024-11-12,59.849998474121094,60.09000015258789,58.56999969482422,59.0099983215332,59061300,PLTR,-0.006474156598257785,54.632857186453684,2024,11
2024-11-13,60.70000076293945,63.38999938964844,59.849998474121094,61.52000045776367,85937400,PLTR,0.014202210701574236,57.38857160295759,2024,11
2024-11-14,59.18000030517578,61.16999816894531,58.529998779296875,61.04999923706055,59968200,PLTR,-0.025041193388117944,58.53857149396624,2024,11
2024-11-15,65.7699966430664,66.0,60.90999984741211,61.0099983215332,155280400,PLTR,0.11135512510827539,60.0014283316476,2024,11
2024-11-18,61.2599983215332,64.91999816894531,58.849998474121094,64.91999816894531,136663100,PLTR,-0.0685722753797442,60.76999936785017,2024,11
2024-11-19,62.97999954223633,63.0099983215332,59.26499938964844,59.5099983215332,75557800,PLTR,0.028077069340998184,61.42571367536272,2024,11
2024-11-20,62.119998931884766,63.08000183105469,59.959999084472656,62.59000015258789,59182200,PLTR,-0.013655138402705491,61.69428471156529,2024,11
2024-11-21,61.36000061035156,63.400001525878906,60.89500045776367,62.040000915527344,56336700,PLTR,-0.012234358251785427,61.909999302455354,2024,11
2024-11-22,64.3499984741211,64.44000244140625,61.369998931884766,61.599998474121094,61381700,PLTR,0.04872877825990618,62.43142754690988,2024,11
2024-11-25,64.6500015258789,67.87999725341797,64.08000183105469,66.9000015258789,80640500,PLTR,0.004662052196915845,63.21285629272461,2024,11
2024-11-26,65.73999786376953,65.8499984741211,63.88999938964844,64.56999969482422,46923600,PLTR,0.016859958424816135,63.208570752825054,2024,11
2024-11-27,66.05000305175781,67.55999755859375,64.23999786376953,66.23999786376953,53839900,PLTR,0.004715625160662373,63.892857142857146,2024,11
2024-11-29,67.08000183105469,67.16000366210938,65.47000122070312,65.88999938964844,30104000,PLTR,0.015594227580727704,64.47857175554547,2024,11
2024-12-02,66.38999938964844,67.87999725341797,65.95999908447266,67.44000244140625,46405000,PLTR,-0.010286261517166717,65.08857182094029,2024,12
2024-12-03,70.95999908447266,71.37000274658203,66.1500015258789,66.41000366210938,100751400,PLTR,0.06883566405841512,66.46000017438617,2024,12
2024-12-04,69.8499984741211,71.18000030517578,67.27999877929688,71.12999725341797,86284800,PLTR,-0.015642624361229096,67.24571446010044,2024,12
2024-12-05,71.87000274658203,72.9800033569336,69.88999938964844,70.11000061035156,66585800,PLTR,0.02891917418164769,68.27714320591518,2024,12
2024-12-06,76.33999633789062,76.81999969482422,72.27999877929688,72.94999694824219,93640900,PLTR,0.06219553945294898,69.7914287022182,2024,12
2024-12-09,72.45999908447266,80.91000366210938,71.05000305175781,80.58000183105469,168134800,PLTR,-0.05082522189606353,70.70714242117745,2024,12
2024-12-10,70.88999938964844,75.55999755859375,70.7300033569336,71.98999786376953,89672500,PLTR,-0.02166712275270577,71.25142778669085,2024,12
2024-12-11,72.51000213623047,73.0,68.06999969482422,72.9800033569336,89477700,PLTR,0.022852345331217272,72.12571389334542,2024,12
2024-12-12,73.19999694824219,75.37999725341797,71.9000015258789,72.30000305175781,73859700,PLTR,0.009515857008463025,72.44571358816964,2024,12
2024-12-13,76.06999969482422,76.0999984741211,72.44999694824219,73.48999786376953,76172800,PLTR,0.03920768942943176,73.33428519112724,2024,12
2024-12-16,75.75,77.81999969482422,71.16000366210938,75.05999755859375,126099600,PLTR,-0.0042066477732086716,73.88857051304409,2024,12
2024-12-17,74.38999938964844,75.31999969482422,71.69999694824219,73.27999877929688,75469400,PLTR,-0.017953803436984273,73.60999952043805,2024,12
2024-12-18,71.51000213623047,77.5999984741211,70.2699966430664,74.30000305175781,109643400,PLTR,-0.038714844428654804,73.47428567068917,2024,12
2024-12-19,74.20999908447266,76.58999633789062,73.37000274658203,73.98999786376953,99524300,PLTR,0.03775691326506392,73.94857134137835,2024,12
2024-12-20,80.55000305175781,80.66000366210938,71.5,72.63999938964844,281230800,PLTR,0.08543328453714683,75.0971429007394,2024,12
2024-12-23,80.69000244140625,82.0199966430664,77.41000366210938,80.6500015258789,93819500,PLTR,0.0017380432569131798,76.16714368547711,2024,12
2024-12-24,82.37999725341797,84.7969970703125,81.0,81.08999633789062,64983300,PLTR,0.020944290009644373,77.06857190813336,2024,12
2024-12-26,82.13999938964844,83.48999786376953,81.30000305175781,83.16000366210938,60377100,PLTR,-0.00291330264349543,77.98142896379743,2024,12
2024-12-27,79.08000183105469,82.0,77.93000030517578,81.41999816894531,66975900,PLTR,-0.03725344024021726,78.65142931256976,2024,12
2024-12-30,77.18000030517578,79.23999786376953,76.11000061035156,77.04000091552734,60850900,PLTR,-0.024026321217569535,79.46142905099052,2024,12
2024-12-31,75.62999725341797,77.9800033569336,73.6500015258789,77.58000183105469,56267900,PLTR,-0.020082962498432,79.66428593226841,2024,12
