Date,Close,High,Low,Open,Volume,ticker,daily_return,moving_avg_7d,year,month
,TSLA,TSLA,TSLA,TSLA,TSLA,,,,,
2021-01-04,243.2566680908203,248.163330078125,239.06333923339844,239.82000732421875,145914600,TSLA,,,2021,1
2021-01-05,245.0366668701172,246.94667053222656,239.73333740234375,241.22000122070312,96735600,TSLA,0.007317368906131216,,2021,1
2021-01-06,251.9933319091797,258.0,249.6999969482422,252.8300018310547,134100000,TSLA,0.028390302267496503,,2021,1
2021-01-07,272.0133361816406,272.3299865722656,258.3999938964844,259.2099914550781,154496700,TSLA,0.07944656360858104,,2021,1
2021-01-08,293.3399963378906,294.8299865722656,279.46331787109375,285.3333435058594,225166500,TSLA,0.07840299470467449,,2021,1
2021-01-11,270.39666748046875,284.80999755859375,267.8733215332031,283.1333312988281,177904800,TSLA,-0.07821411721500826,,2021,1
2021-01-12,283.14666748046875,289.3333435058594,275.7799987792969,277.0,138812100,TSLA,0.047152947996006445,265.59761919294084,2021,1
2021-01-13,284.8033447265625,286.8233337402344,277.3333435058594,284.2533264160156,99937500,TSLA,0.005850950889994211,271.5328587123326,2021,1
2021-01-14,281.6666564941406,287.6666564941406,279.5833435058594,281.1300048828125,93798900,TSLA,-0.011013523157297866,276.7657143729074,2021,1
2021-01-15,275.38665771484375,286.6333312988281,273.0333251953125,284.0,116332800,TSLA,-0.02229585445953386,280.1076180594308,2021,1
2021-01-19,281.51666259765625,283.3333435058594,277.6666564941406,279.26666259765625,76101000,TSLA,0.022259629183487784,281.4652361188616,2021,1
2021-01-20,283.48333740234375,286.5,279.09332275390625,286.2466735839844,76997700,TSLA,0.00698599786790699,280.05714198521207,2021,1
2021-01-21,281.663330078125,285.239990234375,280.47332763671875,285.0,61563300,TSLA,-0.006420156263490129,281.66666521344865,2021,1
2021-01-22,282.21331787109375,282.6666564941406,276.2066650390625,278.10333251953125,60199500,TSLA,0.0019526425140830028,281.53332955496654,2021,1
2021-01-25,293.6000061035156,300.1333312988281,279.6066589355469,285.0,123520200,TSLA,0.040347806114603646,282.7899954659598,2021,1
2021-01-26,294.36334228515625,298.6333312988281,290.5333251953125,297.1266784667969,69394800,TSLA,0.0025999188207492807,284.6038077218192,2021,1
2021-01-27,288.0533447265625,297.1666564941406,286.2200012207031,290.1166687011719,82002000,TSLA,-0.02143608477064074,286.41333443777904,2021,1
2021-01-28,278.4766540527344,282.6666564941406,267.0,273.3333435058594,79134000,TSLA,-0.033246240146660666,285.9790475027902,2021,1
2021-01-29,264.510009765625,280.8033447265625,260.0333251953125,276.6666564941406,104972400,TSLA,-0.05015373491403896,283.26857212611606,2021,1
2021-02-01,279.9366760253906,280.6666564941406,265.1866760253906,271.42999267578125,76174200,TSLA,0.058321672867634566,283.0219072614397,2021,2
2021-02-02,290.92999267578125,293.5,280.73333740234375,281.55999755859375,73038600,TSLA,0.039270726531715816,284.2671465192522,2021,2
2021-02-03,284.89666748046875,292.6933288574219,284.35333251953125,292.3399963378906,55030500,TSLA,-0.020738065332563282,283.0238124302455,2021,2
2021-02-04,283.3299865722656,285.5,277.8066711425781,285.0,47438100,TSLA,-0.005499119810906672,281.44761875697543,2021,2
2021-02-05,284.07666015625,288.25665283203125,279.65667724609375,281.6666564941406,55699800,TSLA,0.0026353496607176563,280.87952096121654,2021,2
2021-02-08,287.8066711425781,292.5899963378906,284.9166564941406,289.8900146484375,60485100,TSLA,0.0131302972383458,282.2123805454799,2021,2
2021-02-09,283.1533203125,286.6000061035156,280.5833435058594,285.0400085449219,45473100,TSLA,-0.016168321643152184,284.8757106236049,2021,2
2021-02-10,268.2733459472656,281.6066589355469,266.67333984375,281.21331787109375,108648300,TSLA,-0.052550944303998315,283.2095206124442,2021,2
2021-02-11,270.5533447265625,276.6266784667969,267.24334716796875,270.8133239746094,64868400,TSLA,0.008498789811735685,280.29857090541293,2021,2
2021-02-12,272.0400085449219,272.4433288574219,261.77667236328125,267.086669921875,71304900,TSLA,0.005494900903412869,278.461905343192,2021,2
2021-02-16,265.40667724609375,273.6666564941406,264.14666748046875,272.6666564941406,59406900,TSLA,-0.024383660823671716,275.9014325823103,2021,2
2021-02-17,266.04998779296875,266.61334228515625,254.00332641601562,259.6966552734375,77989500,TSLA,0.0024238672272682837,273.3261936732701,2021,2
2021-02-18,262.4599914550781,264.89666748046875,258.75665283203125,260.29998779296875,53871300,TSLA,-0.013493691045324274,269.70523943219865,2021,2
2021-02-19,260.4333190917969,265.5966796875,259.1233215332031,265.0,56874900,TSLA,-0.007721833533733569,266.4595249720982,2021,2
2021-02-22,238.1666717529297,256.1666564941406,236.73333740234375,254.2133331298828,111809100,TSLA,-0.08549845855559934,262.1585715157645,2021,2
2021-02-23,232.94667053222656,237.8699951171875,206.3333282470703,220.7100067138672,199820700,TSLA,-0.021917429429917368,256.7861894880022,2021,2
2021-02-24,247.33999633789062,248.3333282470703,231.38999938964844,237.28334045410156,110301000,TSLA,0.06178807266392261,253.2576163155692,2021,2
2021-02-25,227.4066619873047,245.73666381835938,223.52667236328125,242.0500030517578,117071700,TSLA,-0.08059082496045267,247.82904270717077,2021,2
2021-02-26,225.1666717529297,235.56666564941406,219.836669921875,233.3333282470703,123267600,TSLA,-0.009850152211020369,241.98856898716517,2021,2
2021-03-01,239.47666931152344,239.6666717529297,228.35000610351562,230.0366668701172,81408600,TSLA,0.06355291148192554,238.70523725237166,2021,3
2021-03-02,228.81333923339844,240.3699951171875,228.3333282470703,239.42666625976562,71196600,TSLA,-0.044527636486599076,234.18809727260046,2021,3
2021-03-03,217.73333740234375,233.56666564941406,217.23666381835938,229.3300018310547,90624000,TSLA,-0.048423758283395624,231.26904950823103,2021,3
2021-03-04,207.14666748046875,222.81666564941406,200.0,218.60000610351562,197758500,TSLA,-0.04862218183112754,227.58333478655135,2021,3
2021-03-05,199.31666564941406,209.27999877929688,179.8300018310547,208.68666076660156,268189500,TSLA,-0.037799313531283074,220.72285897391183,2021,3
2021-03-08,187.6666717529297,206.7100067138672,186.26333618164062,200.18333435058594,155361000,TSLA,-0.05844967282854319,215.04571751185827,2021,3
2021-03-09,224.52667236328125,226.02999877929688,198.40333557128906,202.72666931152344,202569900,TSLA,0.1964120760817838,214.95428902762276,2021,3
2021-03-10,222.68666076660156,239.28334045410156,218.35333251953125,233.43333435058594,181817100,TSLA,-0.00819506910832657,212.55571637834822,2021,3
2021-03-11,233.1999969482422,234.1666717529297,225.72666931152344,233.13333129882812,108761700,TSLA,0.04721134236531421,213.18238176618303,2021,3
2021-03-12,231.2433319091797,231.6266632080078,222.04666137695312,223.3333282470703,100751400,TSLA,-0.008390501992574073,215.1123809814453,2021,3
2021-03-15,235.97999572753906,237.72666931152344,228.01333618164062,231.3633270263672,88006800,TSLA,0.020483461206222797,219.23142787388392,2021,3
2021-03-16,225.6266632080078,235.97332763671875,223.6666717529297,234.4499969482422,96587100,TSLA,-0.04387377195940434,222.98999895368303,2021,3
2021-03-17,233.93666076660156,234.57666015625,217.00332641601562,218.9566650390625,121117500,TSLA,0.03683074261011732,229.5999973842076,2021,3
2021-03-18,217.72000122070312,229.7433319091797,217.3333282470703,228.09666442871094,99674400,TSLA,-0.06932072763951169,228.62761579241072,2021,3
2021-03-19,218.2899932861328,219.07666015625,208.2066650390625,215.53334045410156,128682000,TSLA,0.0026180050626212203,227.99952043805803,2021,3
2021-03-22,223.3333282470703,233.2066650390625,222.9166717529297,228.19667053222656,118536600,TSLA,0.023103830299388672,226.58999633789062,2021,3
2021-03-23,220.72000122070312,225.93333435058594,219.1699981689453,225.2566680908203,91475700,TSLA,-0.01170146456365928,225.08666338239397,2021,3
2021-03-24,210.08999633789062,222.67333984375,210.0366668701172,222.6366729736328,101385600,TSLA,-0.04816058727810224,221.38809204101562,2021,3
2021-03-25,213.4633331298828,215.1666717529297,203.1666717529297,204.3333282470703,117674700,TSLA,0.016056627401557888,219.65047345842635,2021,3
2021-03-26,206.23666381835938,214.60667419433594,199.9633331298828,213.9566650390625,101558400,TSLA,-0.03385438241576755,215.6933310372489,2021,3
2021-03-29,203.76333618164062,205.4933319091797,198.67333984375,205.2133331298828,85911000,TSLA,-0.01199266702111268,213.69952174595423,2021,3
2021-03-30,211.8733367919922,212.55332946777344,197.00332641601562,200.5833282470703,118297200,TSLA,0.039801078851212424,212.78285653250558,2021,3
2021-03-31,222.64332580566406,224.0,213.70333862304688,215.5399932861328,100011900,TSLA,0.05083220558444013,212.68428475516183,2021,3
2021-04-01,220.5833282470703,230.80667114257812,219.80667114257812,229.4566650390625,105895200,TSLA,-0.009252455923119962,212.66476004464286,2021,4
2021-04-05,230.35000610351562,236.05332946777344,228.23333740234375,235.90333557128906,125528400,TSLA,0.04427659122771899,215.55904715401786,2021,4
2021-04-06,230.5399932861328,232.18333435058594,227.1233367919922,230.10000610351562,84815400,TSLA,0.0008247761127986308,217.99857003348214,2021,4
2021-04-07,223.6566619873047,230.4600067138672,222.6133270263672,229.0,78928200,TSLA,-0.029857428208930892,220.48714120047433,2021,4
2021-04-08,227.93333435058594,229.85000610351562,223.88333129882812,225.7933349609375,71772900,TSLA,0.01912159613436426,223.93999808175224,2021,4
2021-04-09,225.67333984375,226.99000549316406,223.14332580566406,225.92333984375,64311300,TSLA,-0.009915155733034697,225.9114270891462,2021,4
2021-04-12,233.9933319091797,234.93333435058594,227.3633270263672,228.56666564941406,87407100,TSLA,0.03686741230129442,227.53285653250558,2021,4
2021-04-13,254.10667419433594,254.3333282470703,236.8866729736328,237.56666564941406,133958400,TSLA,0.0859569036478478,232.32190595354353,2021,4
2021-04-14,244.07666015625,260.2633361816406,242.67666625976562,256.8999938964844,147052200,TSLA,-0.03947166704647498,234.28285653250558,2021,4
2021-04-15,246.28334045410156,247.89666748046875,240.43666076660156,247.6999969482422,83546700,TSLA,0.009040931223980753,236.5319061279297,2021,4
2021-04-16,246.5933380126953,249.80332946777344,241.53334045410156,242.88333129882812,83938500,TSLA,0.0012587029151958085,239.80857413155692,2021,4
2021-04-19,238.2100067138672,241.8000030517578,230.60000610351562,239.86666870117188,119058600,TSLA,-0.03399658468630862,241.27667018345423,2021,4
2021-04-20,239.663330078125,245.75,236.89666748046875,239.13999938964844,106827000,TSLA,0.006101017267521991,243.2752402169364,2021,4
2021-04-21,248.0399932861328,248.27999877929688,232.6666717529297,234.92333984375,93646500,TSLA,0.034951793439894185,245.2819061279297,2021,4
2021-04-22,239.89666748046875,251.2566680908203,239.34666442871094,247.1666717529297,106770900,TSLA,-0.03283069676699324,243.2519051688058,2021,4
2021-04-23,243.13333129882812,245.7866668701172,238.48666381835938,239.93333435058594,85110000,TSLA,0.013491908213451476,243.11714390345983,2021,4
2021-04-26,246.06666564941406,249.76666259765625,244.20333862304688,247.0,93115500,TSLA,0.012064715006025573,243.08619035993303,2021,4
2021-04-27,234.913330078125,241.3333282470703,234.4499969482422,239.32000732421875,88311000,TSLA,-0.04532647907368281,241.41761779785156,2021,4
2021-04-28,231.46665954589844,236.1666717529297,231.1999969482422,232.1366729736328,66813000,TSLA,-0.014672094304228334,240.45428248814173,2021,4
2021-04-29,225.6666717529297,234.0833282470703,222.8333282470703,233.1699981689453,86536200,TSLA,-0.02505755171974844,238.4547598702567,2021,4
2021-04-30,236.47999572753906,238.49000549316406,222.04666137695312,222.52999877929688,122276100,TSLA,0.04791723957558203,236.80333164760046,2021,4
2021-05-03,228.3000030517578,235.3333282470703,226.8333282470703,234.60000610351562,81129300,TSLA,-0.034590632711300695,235.14666530064173,2021,5
2021-05-04,224.53334045410156,227.81666564941406,219.23333740234375,226.31333923339844,89217900,TSLA,-0.01649874089928205,232.4895237513951,2021,5
2021-05-05,223.64666748046875,228.43333435058594,222.44667053222656,227.02000427246094,65705700,TSLA,-0.003948959080373515,229.2866668701172,2021,5
2021-05-06,221.17999267578125,227.0066680908203,216.6666717529297,226.9199981689453,83353800,TSLA,-0.011029338520784915,227.32476152692522,2021,5
2021-05-07,224.1233367919922,230.0,220.07333374023438,221.93333435058594,70407600,TSLA,0.013307460953421169,226.27571541922433,2021,5
2021-05-10,209.67999267578125,221.68333435058594,209.20333862304688,221.63333129882812,94177200,TSLA,-0.06444373139784076,223.99190412248885,2021,5
2021-05-11,205.73333740234375,209.03334045410156,198.53334045410156,199.74667358398438,139511700,TSLA,-0.018822278764288325,219.59952436174666,2021,5
2021-05-12,196.6300048828125,206.80332946777344,195.58999633789062,200.8300018310547,101470800,TSLA,-0.044248212926854213,215.07523890904017,2021,5
2021-05-13,190.56333923339844,202.15333557128906,186.5500030517578,200.51333618164062,132554700,TSLA,-0.030853203980896415,210.22238159179688,2021,5
2021-05-14,196.5800018310547,197.6233367919922,190.15333557128906,194.47000122070312,100112700,TSLA,0.03157303299711356,206.35571507045202,2021,5
2021-05-17,192.27667236328125,196.57666015625,187.06666564941406,191.85000610351562,97171200,TSLA,-0.02189098294684022,202.22666931152344,2021,5
2021-05-18,192.6233367919922,198.75,187.7933349609375,189.3333282470703,110491800,TSLA,0.0018029458511532592,197.72666931152344,2021,5
2021-05-19,187.82000732421875,188.73666381835938,182.32666015625,184.18333435058594,118735200,TSLA,-0.02493638386588848,194.60381426130022,2021,5
2021-05-20,195.5933380126953,196.28334045410156,190.35667419433594,191.6666717529297,92463300,TSLA,0.04138712802336375,193.15524291992188,2021,5
2021-05-21,193.6266632080078,198.89332580566406,193.3333282470703,198.70333862304688,78091800,TSLA,-0.010054917128925145,192.72619410923548,2021,5
2021-05-24,202.14666748046875,204.82666015625,191.21665954589844,193.86666870117188,103674300,TSLA,0.0440022264046771,194.3809552873884,2021,5
2021-05-25,201.56333923339844,204.663330078125,198.57000732421875,202.43666076660156,84017700,TSLA,-0.002885668382965889,195.09286063058036,2021,5
2021-05-26,206.3766632080078,208.72332763671875,200.5,202.52000427246094,85917900,TSLA,0.023879957500782645,197.10714503696985,2021,5
2021-05-27,210.28334045410156,210.3766632080078,205.40333557128906,206.74667358398438,79111800,TSLA,0.018929840154243482,199.63000270298548,2021,5
2021-05-28,208.4066619873047,211.8633270263672,207.4600067138672,209.5,68211000,TSLA,-0.008924522802159385,202.57095336914062,2021,5
2021-06-01,207.96665954589844,211.26666259765625,206.85000610351562,209.26666259765625,54254700,TSLA,-0.002111268599623961,204.33857073102678,2021,6
2021-06-02,201.7066650390625,207.7866668701172,199.7133331298828,206.7100067138672,69908400,TSLA,-0.030100952337768105,205.49285670689173,2021,6
2021-06-03,190.94667053222656,201.51666259765625,190.4066619873047,200.60000610351562,90335700,TSLA,-0.05334476431283097,203.89285714285714,2021,6
2021-06-04,199.68333435058594,200.20333862304688,192.39999389648438,193.23666381835938,72110700,TSLA,0.045754470575515294,203.62428501674108,2021,6
2021-06-07,201.7100067138672,203.3333282470703,194.2933349609375,197.27667236328125,67631100,TSLA,0.010149431698305955,202.9576198032924,2021,6
2021-06-08,201.19667053222656,207.69667053222656,198.5,207.6699981689453,78160200,TSLA,-0.002544921741878703,201.6595241001674,2021,6
2021-06-09,199.5933380126953,203.92999267578125,199.2100067138672,200.72332763671875,49753800,TSLA,-0.007968981371759054,200.40047781808036,2021,6
2021-06-10,203.3733367919922,205.52999877929688,200.1666717529297,201.2933349609375,71758800,TSLA,0.018938501740255687,199.7442888532366,2021,6
2021-06-11,203.29666137695312,204.18666076660156,200.5066680908203,203.41000366210938,48615900,TSLA,-0.0003770180312155924,199.971431187221,2021,6
2021-06-14,205.89666748046875,208.49667358398438,203.05999755859375,204.07666015625,61272000,TSLA,0.012789221849023313,202.10714503696985,2021,6
2021-06-15,199.7866668701172,205.59666442871094,199.41000366210938,205.56333923339844,53292300,TSLA,-0.029675082579620482,202.12190682547433,2021,6
2021-06-16,201.6233367919922,202.8333282470703,197.8333282470703,199.17999267578125,66432300,TSLA,0.009193155632698069,202.1095254080636,2021,6
2021-06-17,205.53334045410156,207.1566619873047,200.44667053222656,200.6300048828125,68104200,TSLA,0.019392614586788648,202.7290496826172,2021,6
2021-06-18,207.77000427246094,209.4499969482422,203.93333435058594,204.4566650390625,73682700,TSLA,0.010882243306208794,203.8971448625837,2021,6
2021-06-21,206.94332885742188,210.4633331298828,202.9600067138672,208.16000366210938,74438100,TSLA,-0.003978800587379316,204.40714372907365,2021,6
2021-06-22,207.90333557128906,209.52333068847656,205.1666717529297,206.0833282470703,57476700,TSLA,0.004638983624974058,205.06524004255022,2021,6
2021-06-23,218.85667419433594,219.06666564941406,210.01333618164062,210.6666717529297,93297600,TSLA,0.05268476618207507,206.91666957310267,2021,6
2021-06-24,226.60667419433594,232.5399932861328,222.5366668701172,224.99667358398438,137947200,TSLA,0.035411302984154513,210.74809919084822,2021,6
2021-06-25,223.9566650390625,231.27000427246094,222.89999389648438,229.86000061035156,97490100,TSLA,-0.011694312026312215,213.9385746547154,2021,6
2021-06-28,229.57333374023438,231.56666564941406,223.44000244140625,223.8800048828125,64884600,TSLA,0.025079265670401973,217.37285940987724,2021,6
2021-06-29,226.9199981689453,229.1699981689453,225.29666137695312,228.21665954589844,52143900,TSLA,-0.011557681931348984,220.10857282366072,2021,6
2021-06-30,226.56666564941406,230.93666076660156,226.04666137695312,226.58999633789062,56774700,TSLA,-0.0015570796861552605,222.91190665108817,2021,6
2021-07-01,225.97332763671875,229.3300018310547,224.26666259765625,227.97332763671875,55903500,TSLA,-0.0026188230779431443,225.4933340890067,2021,7
2021-07-02,226.3000030517578,233.3333282470703,224.4199981689453,226.32666015625,81163500,TSLA,0.0014456370513082906,226.5566667829241,2021,7
2021-07-06,219.86000061035156,228.0,217.13333129882812,227.23666381835938,69853500,TSLA,-0.028457809785947474,225.59285627092635,2021,7
2021-07-07,214.88333129882812,221.89999389648438,212.77333068847656,221.42333984375,56376000,TSLA,-0.02263562857139878,224.29666573660714,2021,7
2021-07-08,217.60333251953125,218.14332580566406,206.82000732421875,209.4566650390625,68319900,TSLA,0.012658037290573132,222.586665562221,2021,7
2021-07-09,218.98333740234375,219.6366729736328,214.89666748046875,217.72666931152344,54421500,TSLA,0.006341837079579804,221.4528568812779,2021,7
2021-07-12,228.56666564941406,229.0800018310547,220.72000122070312,220.73333740234375,77781000,TSLA,0.0437628194032984,221.7385711669922,2021,7
2021-07-13,222.84666442871094,231.0933380126953,222.10000610351562,228.77333068847656,62898300,TSLA,-0.0250255268170938,221.29190499441964,2021,7
2021-07-14,217.7933349609375,226.20333862304688,217.6133270263672,223.5833282470703,64923600,TSLA,-0.022676262535623493,220.07666669573103,2021,7
2021-07-15,216.86666870117188,222.04666137695312,212.6266632080078,219.4633331298828,60628800,TSLA,-0.004254796226577984,219.6490478515625,2021,7
2021-07-16,214.74000549316406,218.89999389648438,214.06666564941406,218.22666931152344,49113000,TSLA,-0.009806316575730722,219.62857273646765,2021,7
2021-07-19,215.4066619873047,215.73333740234375,207.09666442871094,209.9633331298828,63891300,TSLA,0.003104482057777691,219.31476266043526,2021,7
2021-07-20,220.1666717529297,220.79666137695312,213.5,217.3300018310547,46461300,TSLA,0.02209778342837665,219.4838104248047,2021,7
2021-07-21,218.42999267578125,221.6199951171875,216.76333618164062,219.8699951171875,41859900,TSLA,-0.007888019850240235,218.03571428571428,2021,7
2021-07-22,216.4199981689453,220.72332763671875,214.86666870117188,218.81333923339844,45317100,TSLA,-0.009202007847976312,217.11761910574776,2021,7
2021-07-23,214.4600067138672,216.26666259765625,212.43333435058594,215.45333862304688,43814700,TSLA,-0.009056424875986235,216.6414293561663,2021,7
2021-07-26,219.2066650390625,222.73333740234375,215.70333862304688,216.99000549316406,76009800,TSLA,0.022133069927244398,216.97571454729353,2021,7
2021-07-27,214.92666625976562,222.1666717529297,209.0800018310547,221.13333129882812,98439900,TSLA,-0.01952494819687245,217.00238037109375,2021,7
2021-07-28,215.66000366210938,218.32333374023438,213.13333129882812,215.6666717529297,48019800,TSLA,0.0034120354402995545,217.03857203892298,2021,7
2021-07-29,225.78334045410156,227.89666748046875,216.26666259765625,216.59666442871094,91183800,TSLA,0.04694118807422987,217.84095328194755,2021,7
2021-07-30,229.06666564941406,232.50999450683594,223.0,223.9199981689453,88969200,TSLA,0.014541928508582602,219.3604779924665,2021,7
2021-08-02,236.55667114257812,242.31333923339844,232.8000030517578,233.3333282470703,100847400,TSLA,0.032697928666004517,222.23714556012834,2021,8
2021-08-03,236.5800018310547,240.88333129882812,233.6699981689453,239.6666717529297,64860900,TSLA,9.862621233169833e-05,225.3971448625837,2021,8
2021-08-04,236.97332763671875,241.63333129882812,236.30999755859375,237.0,51007800,TSLA,0.001662548831768751,227.93523951939173,2021,8
2021-08-05,238.2100067138672,240.31666564941406,237.1366729736328,238.6666717529297,38758800,TSLA,0.005218642492307302,231.26143101283483,2021,8
2021-08-06,233.03334045410156,238.77667236328125,232.5433349609375,237.3000030517578,46869000,TSLA,-0.021731523084098314,233.7433362688337,2021,8
2021-08-09,237.9199981689453,239.67666625976562,235.0433349609375,236.72332763671875,44145900,TSLA,0.020969779282747014,235.4771445138114,2021,8
2021-08-10,236.663330078125,238.8633270263672,233.9600067138672,237.99667358398438,40296900,TSLA,-0.005281893495678203,236.5623822893415,2021,8
2021-08-11,235.94000244140625,238.39332580566406,234.73666381835938,237.57000732421875,29401800,TSLA,-0.0030563570472872392,236.47428676060267,2021,8
2021-08-12,240.75,240.93333435058594,233.13333129882812,235.44667053222656,52377300,TSLA,0.020386528392057013,237.07000078473772,2021,8
2021-08-13,239.05667114257812,243.3000030517578,238.1133270263672,241.23666381835938,50194500,TSLA,-0.007033557040173943,237.36762128557478,2021,8
2021-08-16,228.72332763671875,236.5,225.46665954589844,235.02333068847656,68032200,TSLA,-0.0432254973537064,236.01238141741072,2021,8
2021-08-17,221.90333557128906,224.86000061035156,216.27999877929688,224.22000122070312,71163900,TSLA,-0.02981764971635026,234.42238071986608,2021,8
2021-08-18,229.663330078125,231.92333984375,223.11666870117188,223.25,61048200,TSLA,0.03497015710402862,233.24285670689173,2021,8
2021-08-19,224.49000549316406,228.85000610351562,222.52999877929688,226.07000732421875,42940500,TSLA,-0.02252568828990298,231.5038103376116,2021,8
2021-08-20,226.75332641601562,230.7100067138672,224.56666564941406,227.61666870117188,44525700,TSLA,0.010082056516856674,230.1914280482701,2021,8
2021-08-23,235.43333435058594,237.3766632080078,226.9166717529297,228.47999572753906,60794700,TSLA,0.03827951753459802,229.43190438406808,2021,8
2021-08-24,236.163330078125,238.4066619873047,234.2133331298828,236.89332580566406,39249300,TSLA,0.0031006472789958384,229.01856994628906,2021,8
2021-08-25,237.06666564941406,238.99000549316406,234.6666717529297,235.67666625976562,37936800,TSLA,0.0038250458739306215,230.2104753766741,2021,8
2021-08-26,233.72000122070312,238.46665954589844,232.5399932861328,236.10333251953125,39642900,TSLA,-0.01411697599720807,231.89857046944755,2021,8
2021-08-27,237.30667114257812,238.3333282470703,234.03334045410156,235.0,41501400,TSLA,0.015346011908018431,232.99047633579798,2021,8
2021-08-30,243.6366729736328,243.6666717529297,237.57666015625,238.24000549316406,55812600,TSLA,0.02667435264494311,235.72571454729353,2021,8
2021-08-31,245.24000549316406,246.79666137695312,242.14666748046875,244.3333282470703,62566200,TSLA,0.00658083407543808,238.36666870117188,2021,8
2021-09-01,244.69667053222656,247.3300018310547,243.7566680908203,244.69332885742188,39612900,TSLA,-0.0022155233598404322,239.69000244140625,2021,9
2021-09-02,244.1300048828125,246.99000549316406,243.51333618164062,244.8333282470703,38331900,TSLA,-0.002315788147756681,240.8280988420759,2021,9
2021-09-03,244.52333068847656,244.6666717529297,241.39999389648438,244.0833282470703,45738300,TSLA,0.0016111325842673718,241.8933367047991,2021,9
2021-09-07,250.97332763671875,253.39999389648438,246.4199981689453,246.6666717529297,60119400,TSLA,0.02637783858939624,244.35809762137276,2021,9
2021-09-08,251.2899932861328,254.81666564941406,246.92333984375,253.86000061035156,56379000,TSLA,0.0012617502122473923,246.35571507045202,2021,9
2021-09-09,251.6199951171875,254.03334045410156,250.5433349609375,251.1366729736328,42233100,TSLA,0.001313231087076927,247.4961896623884,2021,9
2021-09-10,245.42333984375,254.20333862304688,244.83999633789062,253.1999969482422,45552600,TSLA,-0.024627038366134335,247.52238028390067,2021,9
2021-09-13,247.6666717529297,248.25999450683594,236.28334045410156,246.73666381835938,68857500,TSLA,0.00914066245943812,247.94666617257255,2021,9
2021-09-14,248.163330078125,251.49000549316406,245.46665954589844,247.52333068847656,55574700,TSLA,0.0020053498586631857,248.5228554861886,2021,9
2021-09-15,251.94332885742188,252.2866668701172,246.1199951171875,248.3333282470703,46073100,TSLA,0.015231899000174076,249.58285522460938,2021,9
2021-09-16,252.3300018310547,252.97000122070312,249.20333862304688,250.94332885742188,41770200,TSLA,0.0015347617076681974,249.77666582380022,2021,9
2021-09-17,253.163330078125,253.67999267578125,250.0,252.38333129882812,84612600,TSLA,0.0033025333532406,250.0442853655134,2021,9
2021-09-20,243.38999938964844,247.3333282470703,239.5399932861328,244.85333251953125,74273100,TSLA,-0.03860484330594227,248.86857169015067,2021,9
2021-09-21,246.4600067138672,248.24667358398438,243.47999572753906,244.92999267578125,48992100,TSLA,0.012613531089680885,249.01666695731026,2021,9
2021-09-22,250.64666748046875,251.22332763671875,246.3733367919922,247.8433380126953,45378900,TSLA,0.0169871810945057,249.44238063267298,2021,9
2021-09-23,251.2133331298828,252.73333740234375,249.30667114257812,251.6666717529297,35842500,TSLA,0.00226081461648886,249.87809535435267,2021,9
2021-09-24,258.1300048828125,258.26666259765625,248.18666076660156,248.6300048828125,64119000,TSLA,0.027533059916662994,250.76190621512276,2021,9
2021-09-27,263.78668212890625,266.3333435058594,256.4366760253906,257.7066650390625,84212100,TSLA,0.02191406322043732,252.39857482910156,2021,9
2021-09-28,259.1866760253906,265.21331787109375,255.39332580566406,262.3999938964844,76144200,TSLA,-0.01743835612317879,253.25905282156808,2021,9
2021-09-29,260.4366760253906,264.5,256.8933410644531,259.9333190917969,62828700,TSLA,0.004822778775393388,255.69429234095983,2021,9
2021-09-30,258.49334716796875,263.0433349609375,258.3333435058594,260.3333435058594,53868000,TSLA,-0.0074618094773734045,257.41334097726,2021,9
2021-10-01,258.40667724609375,260.260009765625,254.52999877929688,259.4666748046875,51094200,TSLA,-0.0003352887910832436,258.52191380092074,2021,10
2021-10-04,260.510009765625,268.989990234375,258.7066650390625,265.5,91449900,TSLA,0.008139621398127295,259.85001046316967,2021,10
2021-10-05,260.1966552734375,265.7699890136719,258.0666809082031,261.6000061035156,55297800,TSLA,-0.001202850103416031,260.14524623325894,2021,10
2021-10-06,260.9166564941406,262.2200012207031,257.739990234375,258.73333740234375,43898400,TSLA,0.0027671424905384434,259.73524257114957,2021,10
2021-10-07,264.53668212890625,268.3333435058594,261.1266784667969,261.82000732421875,57587400,TSLA,0.013874260399496352,260.49952915736606,2021,10
2021-10-08,261.8299865722656,265.4599914550781,260.3033447265625,265.4033203125,50215800,TSLA,-0.010231834522373306,260.69857352120533,2021,10
2021-10-11,263.9800109863281,267.0799865722656,261.8333435058594,262.54998779296875,42600900,TSLA,0.008211528565575943,261.48238263811385,2021,10
2021-10-12,268.5733337402344,270.7733459472656,265.5233459472656,266.9766540527344,66060000,TSLA,0.01740026730336086,262.9347621372768,2021,10
2021-10-13,270.3599853515625,271.8033447265625,268.59332275390625,270.15667724609375,42360300,TSLA,0.006652379022320076,264.34190150669644,2021,10
2021-10-14,272.7733459472656,273.4166564941406,271.1166687011719,271.8299865722656,36741600,TSLA,0.008926471099504285,266.1385716029576,2021,10
2021-10-15,281.010009765625,281.07000732421875,274.1166687011719,274.5799865722656,56773800,TSLA,0.030195999501915205,269.00905064174106,2021,10
2021-10-18,290.03668212890625,291.7533264160156,283.8233337402344,283.92999267578125,72621600,TSLA,0.03212224493643445,272.6519077845982,2021,10
2021-10-19,288.0899963378906,292.6499938964844,287.5033264160156,292.510009765625,52143300,TSLA,-0.006711860640270406,276.40333775111606,2021,10
2021-10-20,288.6000061035156,289.8299865722656,285.7933349609375,288.45001220703125,42096300,TSLA,0.0017703140411262641,279.9204799107143,2021,10
2021-10-21,298.0,300.0,285.1666564941406,285.3333435058594,94444500,TSLA,0.03257101073349511,284.1242893763951,2021,10
2021-10-22,303.2266540527344,303.3333435058594,296.9866638183594,298.5,68642400,TSLA,0.01753910755951127,288.8195277622768,2021,10
2021-10-25,341.6199951171875,348.3399963378906,314.73333740234375,316.84332275390625,188556300,TSLA,0.12661598362581983,298.6547633579799,2021,10
2021-10-26,339.4766540527344,364.9800109863281,333.8133239746094,341.5633239746094,187245000,TSLA,-0.006274050392506725,307.00714111328125,2021,10
2021-10-27,345.9533386230469,356.9599914550781,343.59332275390625,346.5533447265625,115579500,TSLA,0.019078438805710585,314.99523489815846,2021,10
2021-10-28,359.0133361816406,360.3333435058594,351.3999938964844,356.10333251953125,81639600,TSLA,0.03775074872979922,325.1271405901228,2021,10
2021-10-29,371.3333435058594,371.7366638183594,357.7366638183594,360.6199951171875,89755200,TSLA,0.03431629436179362,336.9461887904576,2021,10
2021-11-01,402.86334228515625,403.25,372.88665771484375,381.6666564941406,168146100,TSLA,0.0849102277797451,351.9266662597656,2021,11
2021-11-02,390.6666564941406,402.86334228515625,382.0,386.4533386230469,128213400,TSLA,-0.03027499529203259,364.41809517996654,2021,11
2021-11-03,404.6199951171875,405.1300048828125,384.2066650390625,392.4433288574219,103885500,TSLA,0.03571673801973452,373.41809517996654,2021,11
2021-11-04,409.9700012207031,414.4966735839844,405.6666564941406,411.4700012207031,76192200,TSLA,0.013222297879683653,383.4885733468192,2021,11
2021-11-05,407.36334228515625,413.2900085449219,402.6666564941406,409.3333435058594,64886400,TSLA,-0.006358169933862068,392.2614310128348,2021,11
2021-11-08,387.64666748046875,399.0,377.6666564941406,383.2633361816406,100337100,TSLA,-0.04840070953386311,396.3519069126674,2021,11
2021-11-09,341.1666564941406,391.5,337.17333984375,391.20001220703125,177317400,TSLA,-0.11990303254359846,392.0423801967076,2021,11
2021-11-10,355.98333740234375,359.3666687011719,329.10333251953125,336.8033447265625,128408100,TSLA,0.043429451929624774,385.3452366420201,2021,11
2021-11-11,354.5033264160156,368.3233337402344,351.55999755859375,367.5899963378906,67189800,TSLA,-0.004157528824601631,380.1790466308594,2021,11
2021-11-12,344.47332763671875,351.5,339.73333740234375,349.1666564941406,76719300,TSLA,-0.02829310201599211,371.58666556222096,2021,11
2021-11-15,337.7966613769531,343.99334716796875,326.20001220703125,339.2099914550781,104326800,TSLA,-0.01938224449936754,361.2761884416853,2021,11
2021-11-16,351.57666015625,352.3999938964844,334.05999755859375,334.4366760253906,79627200,TSLA,0.04079376842602822,353.3066624232701,2021,11
2021-11-17,363.0033264160156,373.21331787109375,351.8333435058594,354.5033264160156,94336200,TSLA,0.032501208284666294,349.7861851283482,2021,11
2021-11-18,365.4599914550781,370.6666564941406,358.3399963378906,368.8500061035156,62696700,TSLA,0.006767610267700563,353.2566615513393,2021,11
2021-11-19,379.0199890136719,379.5733337402344,364.23333740234375,366.2900085449219,64926900,TSLA,0.03710391800920432,356.54761178152904,2021,11
2021-11-22,385.6233215332031,400.6499938964844,377.4766540527344,387.4433288574219,99217500,TSLA,0.017422122080461122,360.99332536969865,2021,11
2021-11-23,369.6766662597656,393.5,354.23333740234375,389.1700134277344,108515100,TSLA,-0.041352932727292124,364.5938023158482,2021,11
2021-11-24,372.0,377.5899963378906,354.0,360.1300048828125,67680600,TSLA,0.006284772484400847,369.47999354771207,2021,11
2021-11-26,360.6400146484375,369.59332275390625,360.3333435058594,366.489990234375,35042700,TSLA,-0.030537595031082,370.7747584751674,2021,11
2021-11-29,378.9966735839844,380.8900146484375,366.7300109863281,366.9966735839844,58393500,TSLA,0.050900227900227524,373.0595223563058,2021,11
2021-11-30,381.586669921875,389.3333435058594,372.6666564941406,381.4566650390625,81276000,TSLA,0.006833823403773698,375.3633335658482,2021,11
2021-12-01,365.0,390.9466552734375,363.586669921875,386.8999938964844,68450400,TSLA,-0.04346763456194869,373.36047799246654,2021,12
2021-12-02,361.5333251953125,371.0,352.2166748046875,366.35333251953125,73114800,TSLA,-0.00949773919092467,369.91904994419644,2021,12
2021-12-03,338.3233337402344,363.52667236328125,333.4033203125,361.5966796875,92322000,TSLA,-0.06419876077133224,365.44000244140625,2021,12
2021-12-06,336.336669921875,340.5466613769531,316.8333435058594,333.836669921875,81663000,TSLA,-0.005872086315763081,360.3452410016741,2021,12
2021-12-07,350.5833435058594,352.5566711425781,342.2699890136719,348.0666809082031,56084700,TSLA,0.04235837141187604,358.90857369559154,2021,12
2021-12-08,356.32000732421875,357.4599914550781,344.3333435058594,350.9033203125,41906400,TSLA,0.016363195584229162,355.66904994419644,2021,12
2021-12-09,334.6000061035156,354.163330078125,334.1199951171875,353.5466613769531,59438400,TSLA,-0.06095644581905246,348.95666939871654,2021,12
2021-12-10,339.010009765625,340.32666015625,327.510009765625,336.25,59664300,TSLA,0.013179927022311633,345.24381365094865,2021,12
2021-12-13,322.13665771484375,335.0,317.1400146484375,333.6966552734375,78595500,TSLA,-0.04977243020772948,339.61571829659596,2021,12
2021-12-14,319.5033264160156,322.13665771484375,310.0,315.0,70806300,TSLA,-0.008174578197676419,336.9271458217076,2021,12
2021-12-15,325.3299865722656,326.25,309.4166564941406,317.7366638183594,75169200,TSLA,0.018236618133556703,335.3547624860491,2021,12
2021-12-16,308.97332763671875,331.6600036621094,307.2833251953125,331.5,82771500,TSLA,-0.050277132790258694,329.4104745047433,2021,12
2021-12-17,310.8566589355469,320.2200012207031,303.0133361816406,304.92333984375,100437300,TSLA,0.006095449446181567,322.91571044921875,2021,12
2021-12-20,299.9800109863281,307.2300109863281,297.7966613769531,303.5666809082031,56480100,TSLA,-0.03498927121736173,317.9699968610491,2021,12
2021-12-21,312.84332275390625,313.1666564941406,295.3733215332031,305.6233215332031,71517900,TSLA,0.04288056302579579,314.23189871651783,2021,12
2021-12-22,336.2900085449219,338.5533447265625,319.01666259765625,321.88665771484375,93634200,TSLA,0.07494705523716627,316.2538059779576,2021,12
2021-12-23,355.6666564941406,357.6600036621094,332.5199890136719,335.6000061035156,92713200,TSLA,0.05761886305530961,321.4199959891183,2021,12
2021-12-27,364.64666748046875,372.3333435058594,356.90667724609375,357.8900146484375,71145900,TSLA,0.025248391499066658,327.0366646902902,2021,12
2021-12-28,362.8233337402344,373.0,359.47332763671875,369.8299865722656,60324000,TSLA,-0.005000275342793459,334.7295227050781,2021,12
2021-12-29,362.0633239746094,368.0,354.71331787109375,366.21331787109375,56154000,TSLA,-0.0020947102761840197,342.04476056780135,2021,12
2021-12-30,356.7799987792969,365.1833190917969,351.04998779296875,353.77667236328125,47040900,TSLA,-0.014592268383646134,350.15904453822543,2021,12
2021-12-31,352.260009765625,360.6666564941406,351.5299987792969,357.8133239746094,40733700,TSLA,-0.012668840823859995,355.78999982561385,2021,12
2022-01-03,399.9266662597656,400.3566589355469,378.67999267578125,382.5833435058594,103931400,TSLA,0.1353166841897706,364.8809509277344,2022,1
2022-01-04,383.1966552734375,402.6666564941406,374.3500061035156,396.51666259765625,100248300,TSLA,-0.041832696836128,368.81380789620533,2022,1
2022-01-05,362.7066650390625,390.11334228515625,360.336669921875,382.2166748046875,80119800,TSLA,-0.05347121367683638,368.5366646902902,2022,1
2022-01-06,354.8999938964844,362.6666564941406,340.1666564941406,359.0,90336600,TSLA,-0.02152337383085412,367.4047589983259,2022,1
2022-01-07,342.32000732421875,360.30999755859375,336.6666564941406,360.1233215332031,84164700,TSLA,-0.035446567451716815,364.5842851911272,2022,1
2022-01-10,352.7066650390625,353.0333251953125,326.6666564941406,333.3333435058594,91815000,TSLA,0.03034195341380186,364.00238037109375,2022,1
2022-01-11,354.79998779296875,358.6166687011719,346.2733459472656,351.22332763671875,66063300,TSLA,0.005935024657598653,364.365234375,2022,1
2022-01-12,368.739990234375,371.61334228515625,357.5299987792969,359.6166687011719,83739000,TSLA,0.039289748931841784,359.90999494280135,2022,1
2022-01-13,343.85333251953125,371.8666687011719,342.17999267578125,369.69000244140625,97209900,TSLA,-0.06749107331435766,354.2895202636719,2022,1
2022-01-14,349.8699951171875,350.6666564941406,337.7933349609375,339.9599914550781,72924300,TSLA,0.017497758575059086,352.4557102748326,2022,1
2022-01-18,343.5033264160156,356.92999267578125,338.6866760253906,342.2033386230469,66743400,TSLA,-0.01819724123253097,350.8276149204799,2022,1
2022-01-19,331.8833312988281,351.5566711425781,331.6666564941406,347.2366638183594,75442500,TSLA,-0.0338278969185718,349.336661202567,2022,1
2022-01-20,332.0899963378906,347.2200012207031,331.3333435058594,336.57666015625,70488600,TSLA,0.0006227038828787723,346.3914228166853,2022,1
2022-01-21,314.6333312988281,334.8500061035156,313.5,332.11334228515625,103416000,TSLA,-0.05256606712507206,340.653329031808,2022,1
2022-01-24,310.0,311.1700134277344,283.8233337402344,301.586669921875,151565700,TSLA,-0.014726129872195681,332.26190185546875,2022,1
2022-01-25,306.1333312988281,317.086669921875,301.07000732421875,304.73333740234375,86595900,TSLA,-0.012473124842489969,326.87333025251115,2022,1
2022-01-26,312.4700012207031,329.2300109863281,302.0,317.4766540527344,104867400,TSLA,0.02069905258271132,321.5304739815848,2022,1
2022-01-27,276.3666687011719,311.7966613769531,276.3333435058594,311.1199951171875,147109500,TSLA,-0.11554175561970448,311.9395228794643,2022,1
2022-01-28,282.1166687011719,285.8333435058594,264.0033264160156,277.1866760253906,134789100,TSLA,0.020805692766870276,304.8299996512277,2022,1
2022-01-31,312.239990234375,312.663330078125,287.3500061035156,290.9033203125,104436000,TSLA,0.10677611383930952,301.9942844935826,2022,1
2022-02-01,310.4166564941406,314.5666809082031,301.6666564941406,311.7366638183594,73138200,TSLA,-0.0058395266373975074,301.3919023786272,2022,2
2022-02-02,301.88665771484375,310.5,296.4700012207031,309.3933410644531,66792900,TSLA,-0.02747919159891432,300.2328534807478,2022,2
2022-02-03,297.0466613769531,312.3333435058594,293.50665283203125,294.0,78855600,TSLA,-0.016032495024879134,298.9347577776228,2022,2
2022-02-04,307.7733459472656,312.1666564941406,293.72332763671875,299.0733337402344,73625400,TSLA,0.03611110968421327,298.26380702427457,2022,2
2022-02-07,302.4466552734375,315.92333984375,300.9033203125,307.92999267578125,60994500,TSLA,-0.01730718642133755,301.98951939174106,2022,2
2022-02-08,307.3333435058594,308.7633361816406,298.26666259765625,301.84332275390625,50729100,TSLA,0.0161571905234128,305.59190150669644,2022,2
2022-02-09,310.6666564941406,315.42333984375,306.6666564941406,311.6666564941406,52259400,TSLA,0.010845920427172029,305.3671395438058,2022,2
2022-02-10,301.51666259765625,314.60333251953125,298.8999938964844,302.7900085449219,66126900,TSLA,-0.029452771017468238,304.095711844308,2022,2
2022-02-11,286.6666564941406,305.32000732421875,283.5666809082031,303.2099914550781,79645800,TSLA,-0.04925102969626416,301.92142595563615,2022,2
2022-02-14,291.9200134277344,299.6266784667969,284.3833312988281,287.19000244140625,67756500,TSLA,0.01832566437213501,301.18904767717635,2022,2
2022-02-15,307.4766540527344,307.6666564941406,297.7933349609375,300.0,57286200,TSLA,0.053290764282768466,301.1466631208147,2022,2
2022-02-16,307.7966613769531,308.80999755859375,300.4033203125,304.6833190917969,51294300,TSLA,0.0010407532409399955,301.91094970703125,2022,2
2022-02-17,292.1166687011719,306.1666564941406,291.3666687011719,304.4200134277344,55178400,TSLA,-0.05094269900666093,299.7371390206473,2022,2
2022-02-18,285.6600036621094,295.6233215332031,279.2033386230469,295.3333435058594,68501700,TSLA,-0.022103035296720752,296.16476004464283,2022,2
2022-02-22,273.84332275390625,285.57666015625,267.0333251953125,278.0433349609375,83288100,TSLA,-0.04136624223452856,292.21142578125,2022,2
2022-02-23,254.67999267578125,278.4333190917969,253.52000427246094,276.80999755859375,95256900,TSLA,-0.06997917599526948,287.6419023786272,2022,2
2022-02-24,266.92333984375,267.49334716796875,233.3333282470703,233.4633331298828,135322200,TSLA,0.04807345500262783,284.0709490094866,2022,2
2022-02-25,269.9566650390625,273.1666564941406,260.79998779296875,269.74334716796875,76067700,TSLA,0.011364031324829549,278.71095057896207,2022,2
2022-02-28,290.1433410644531,292.28668212890625,271.57000732421875,271.6700134277344,99006900,TSLA,0.07477746853358713,276.18904767717635,2022,2
2022-03-01,288.1233215332031,296.6266784667969,284.59332275390625,289.8933410644531,74766900,TSLA,-0.006962143345558558,275.61856951032365,2022,3
2022-03-02,293.2966613769531,295.49334716796875,281.42333984375,290.7099914550781,74643300,TSLA,0.01795529711451649,276.7095206124442,2022,3
2022-03-03,279.7633361816406,295.4800109863281,277.5333251953125,292.92333984375,61623600,TSLA,-0.04614210448825773,277.55523681640625,2022,3
2022-03-04,279.42999267578125,285.2166748046875,275.0533447265625,283.0333251953125,66999600,TSLA,-0.0011915196265851469,281.0909511021205,2022,3
2022-03-07,268.1933288574219,288.71331787109375,268.19000244140625,285.4333190917969,72494100,TSLA,-0.04021280504200253,281.27237810407365,2022,3
2022-03-08,274.79998779296875,283.3299865722656,260.72332763671875,265.1766662597656,80399100,TSLA,0.02463394210323222,281.9642813546317,2022,3
2022-03-09,286.3233337402344,286.85333251953125,277.336669921875,279.82666015625,59184000,TSLA,0.04193357517885765,281.41856602260043,2022,3
2022-03-10,279.4333190917969,284.8166809082031,270.1199951171875,283.8166809082031,58648500,TSLA,-0.024063755330148706,280.17713710239957,2022,3
2022-03-11,265.1166687011719,281.26666259765625,264.5899963378906,280.0666809082031,67037100,TSLA,-0.0512345859010529,276.1514238630022,2022,3
2022-03-14,255.4566650390625,266.8999938964844,252.01333618164062,260.2033386230469,71152200,TSLA,-0.036436802368687404,272.67904227120533,2022,3
2022-03-15,267.2966613769531,268.5233459472656,252.19000244140625,258.42333984375,66841200,TSLA,0.046348355546253384,270.9457092285156,2022,3
2022-03-16,280.07666015625,280.6666564941406,267.4200134277344,269.6666564941406,84028800,TSLA,0.047812040425278646,272.64332798549106,2022,3
2022-03-17,290.5333251953125,291.6666564941406,275.239990234375,276.9966735839844,66582900,TSLA,0.037335010469022656,274.8909476143973,2022,3
2022-03-18,301.7966613769531,302.6166687011719,289.1300048828125,291.4966735839844,100414200,TSLA,0.03876779427650434,277.10142299107144,2022,3
2022-03-21,307.0533447265625,314.2833251953125,302.36334228515625,304.99334716796875,81981600,TSLA,0.017417963888751054,281.0471409388951,2022,3
2022-03-22,331.32666015625,332.6199951171875,307.25,310.0,105868500,TSLA,0.07905243778179138,290.5057111467634,2022,3
2022-03-23,333.03668212890625,346.8999938964844,325.4666748046875,326.64666748046875,120676200,TSLA,0.005161136057840299,301.5885707310268,2022,3
2022-03-24,337.97332763671875,341.4966735839844,329.6000061035156,336.57666015625,68920800,TSLA,0.014823128420135223,311.6852373395647,2022,3
2022-03-25,336.8800048828125,340.6000061035156,332.44000244140625,336.0,62031600,TSLA,-0.003234937980317265,319.8000008719308,2022,3
2022-03-28,363.9466552734375,365.9599914550781,351.20001220703125,355.0333251953125,102506100,TSLA,0.0803450783611821,330.2876194545201,2022,3
2022-03-29,366.5233459472656,371.5899963378906,357.7033386230469,369.3299865722656,73614900,TSLA,0.007079858095940583,339.53428867885043,2022,3
2022-03-30,364.663330078125,371.3166809082031,361.3333435058594,363.72332763671875,59865000,TSLA,-0.00507475414515135,347.76428658621654,2022,3
2022-03-31,359.20001220703125,367.71331787109375,358.8800048828125,364.8566589355469,48992700,TSLA,-0.014981813142339484,351.7461940220424,2022,3
2022-04-01,361.5299987792969,364.9166564941406,355.5466613769531,360.3833312988281,54263100,TSLA,0.006486599368272561,355.81666782924106,2022,4
2022-04-04,381.8166809082031,383.3033447265625,357.510009765625,363.1266784667969,82035900,TSLA,0.05611341298759176,362.0800040108817,2022,4
2022-04-05,363.7533264160156,384.2900085449219,362.4333190917969,378.76666259765625,80075100,TSLA,-0.047308971544201106,365.91904994419644,2022,4
2022-04-06,348.586669921875,359.6666564941406,342.5666809082031,357.8233337402344,89348400,TSLA,-0.041694894294368345,363.72476632254467,2022,4
2022-04-07,352.4200134277344,358.86334228515625,340.5133361816406,350.7966613769531,79447200,TSLA,0.010996816105212748,361.7100045340402,2022,4
2022-04-08,341.8299865722656,349.4800109863281,340.8133239746094,347.7366638183594,55013700,TSLA,-0.03004944796541842,358.4480983189174,2022,4
2022-04-11,325.30999755859375,336.15667724609375,324.8800048828125,326.79998779296875,59357100,TSLA,-0.048328086073804455,353.6066676548549,2022,4
2022-04-12,328.98333740234375,340.39666748046875,325.5333251953125,332.5466613769531,65976000,TSLA,0.011291813566499442,348.9571446010045,2022,4
2022-04-13,340.7900085449219,342.0799865722656,324.3666687011719,327.02667236328125,55121100,TSLA,0.03588835603591267,343.09619140625,2022,4
2022-04-14,328.3333435058594,337.57000732421875,327.39666748046875,333.0966796875,58422300,TSLA,-0.03655231880843268,338.03619384765625,2022,4
2022-04-18,334.7633361816406,338.3066711425781,324.4700012207031,329.6766662597656,51715200,TSLA,0.019583733431163042,336.0614318847656,2022,4
2022-04-19,342.7166748046875,344.9800109863281,331.77667236328125,335.0199890136719,49847700,TSLA,0.023758093445249484,334.6752406529018,2022,4
2022-04-20,325.73333740234375,344.6666564941406,325.0833435058594,343.3333435058594,70711200,TSLA,-0.04955503671370076,332.37571934291293,2022,4
2022-04-21,336.260009765625,364.0733337402344,332.1400146484375,358.24334716796875,105416400,TSLA,0.03231684066245499,333.9400068010603,2022,4
2022-04-22,335.01666259765625,344.95001220703125,331.3333435058594,338.3033447265625,69696600,TSLA,-0.003697576672395231,334.8019104003906,2022,4
2022-04-25,332.67333984375,336.2066650390625,325.1000061035156,326.3233337402344,68341200,TSLA,-0.006994645387893739,333.6423863002232,2022,4
2022-04-26,292.1400146484375,333.3333435058594,291.6666564941406,331.80999755859375,136133700,TSLA,-0.12184121881948873,328.47191074916293,2022,4
2022-04-27,293.836669921875,306.0,292.4533386230469,299.52667236328125,76956300,TSLA,0.005807678470473254,322.625244140625,2022,4
2022-04-28,292.5033264160156,300.0,273.8999938964844,299.99334716796875,124948500,TSLA,-0.004537702888526063,315.45190865652904,2022,4
2022-04-29,290.2533264160156,311.4666748046875,290.0,300.75,88133100,TSLA,-0.007692220213591394,310.38333565848217,2022,4
2022-05-02,300.9800109863281,302.1199951171875,282.6766662597656,286.92333984375,75781500,TSLA,0.03695628471433299,305.3433358328683,2022,5
2022-05-03,303.0833435058594,308.02667236328125,296.1966552734375,301.05999755859375,63709500,TSLA,0.006988279761963367,300.78143310546875,2022,5
2022-05-04,317.5400085449219,318.5,295.09332275390625,301.3133239746094,81643800,TSLA,0.04769864576468552,298.6195286342076,2022,5
2022-05-05,291.09332275390625,315.20001220703125,285.8999938964844,313.00665283203125,92519100,TSLA,-0.08328615317548016,298.4700012207031,2022,5
2022-05-06,288.54998779296875,296.0,281.03668212890625,295.6666564941406,72903000,TSLA,-0.008737180698190294,297.71476091657365,2022,5
2022-05-09,262.3699951171875,281.8766784667969,260.3833312988281,278.8166809082031,90810300,TSLA,-0.09072948807249681,293.40999930245533,2022,5
2022-05-10,266.67999267578125,275.1199951171875,258.0833435058594,273.10333251953125,84401700,TSLA,0.016427173986372612,290.0423801967076,2022,5
2022-05-11,244.6666717529297,269.92333984375,242.39999389648438,265.0,97224600,TSLA,-0.08254582843646041,281.99761744907926,2022,5
2022-05-12,242.6666717529297,253.22000122070312,226.6666717529297,233.6666717529297,140313000,TSLA,-0.008174386751047313,273.36666434151783,2022,5
2022-05-13,256.5299987792969,262.45001220703125,250.52333068847656,257.82666015625,92150700,TSLA,0.05712909369145702,264.6509486607143,2022,5
2022-05-16,241.4566650390625,256.586669921875,239.69667053222656,255.72000122070312,86098500,TSLA,-0.05875856161837267,257.55999755859375,2022,5
2022-05-17,253.8699951171875,254.82666015625,242.9499969482422,249.1199951171875,80236200,TSLA,0.05141017778952928,252.605712890625,2022,5
2022-05-18,236.60333251953125,253.5,233.60333251953125,248.17333984375,87811800,TSLA,-0.06801379812405906,248.92476109095983,2022,5
2022-05-19,236.47332763671875,244.6666717529297,231.3699951171875,235.6666717529297,90296700,TSLA,-0.0005494634476534976,244.6095232282366,2022,5
2022-05-20,221.3000030517578,240.52667236328125,211.0,237.99667358398438,144973200,TSLA,-0.06416505716141863,241.27142769949776,2022,5
2022-05-23,224.96665954589844,226.65333557128906,212.68666076660156,218.33999633789062,88903500,TSLA,0.01656871415985961,238.74285452706474,2022,5
2022-05-24,209.3866729736328,217.97332763671875,206.85667419433594,217.8433380126953,89092500,TSLA,-0.06925464690507588,232.00809369768416,2022,5
2022-05-25,219.60000610351562,223.10667419433594,207.6699981689453,207.9499969482422,92139300,TSLA,0.04877737911795821,228.8857138497489,2022,5
2022-05-26,235.91000366210938,239.55667114257812,217.8866729736328,220.47332763671875,106003200,TSLA,0.07427138936829314,226.32000078473772,2022,5
2022-05-27,253.2100067138672,253.26666259765625,240.17666625976562,241.0833282470703,89295000,TSLA,0.07333306253742577,228.6923828125,2022,5
2022-05-31,252.75332641601562,259.6000061035156,244.7433319091797,257.9466552734375,101914500,TSLA,-0.001803563389055185,231.01809692382812,2022,5
2022-06-01,246.7899932861328,257.32666015625,243.63999938964844,251.72000122070312,77247900,TSLA,-0.02359349020027357,234.6595241001674,2022,6
2022-06-02,258.3333435058594,264.2099914550781,242.06666564941406,244.1566619873047,93473100,TSLA,0.04677398003874078,239.4261932373047,2022,6
2022-06-03,234.51666259765625,247.79666137695312,233.4166717529297,243.22666931152344,112393800,TSLA,-0.09219359988526965,243.01619175502233,2022,6
2022-06-06,238.27999877929688,244.86666870117188,234.35000610351562,244.35333251953125,84204600,TSLA,0.0160472016783606,245.68476213727678,2022,6
2022-06-07,238.8866729736328,239.99667358398438,230.0933380126953,234.0,72808500,TSLA,0.0025460558898939833,246.11000061035156,2022,6
2022-06-08,241.86666870117188,249.9633331298828,239.17666625976562,240.086669921875,76210500,TSLA,0.012474516432601446,244.4895237513951,2022,6
2022-06-09,239.7066650390625,255.54666137695312,239.32666015625,249.33999633789062,96491400,TSLA,-0.008930555308462429,242.62571498325892,2022,6
2022-06-10,232.22999572753906,239.5,227.913330078125,235.1566619873047,97536600,TSLA,-0.031190911234383223,240.54571533203125,2022,6
2022-06-13,215.73666381835938,226.63333129882812,214.68333435058594,223.1666717529297,102767400,TSLA,-0.07102153990705962,234.4604753766741,2022,6
2022-06-14,220.88999938964844,226.3300018310547,211.73666381835938,218.2866668701172,97988700,TSLA,0.023887157055640484,232.51380920410156,2022,6
2022-06-15,233.0,235.663330078125,218.14999389648438,220.9166717529297,119131800,TSLA,0.05482367080362738,231.75952366420202,2022,6
2022-06-16,213.10000610351562,225.1666717529297,208.69332885742188,222.73666381835938,107390700,TSLA,-0.08540769912654234,228.07571411132812,2022,6
2022-06-17,216.75999450683594,220.97000122070312,213.19667053222656,213.43333435058594,92641800,TSLA,0.017174980283869212,224.48904636928015,2022,6
2022-06-21,237.0366668701172,243.57666015625,224.3333282470703,224.60333251953125,122793000,TSLA,0.0935443480214786,224.1076180594308,2022,6
2022-06-22,236.086669921875,246.8333282470703,233.82666015625,234.50332641601562,101107500,TSLA,-0.004007805884153504,224.65857151576452,2022,6
2022-06-23,235.07000732421875,239.31666564941406,228.6366729736328,237.9066619873047,104202600,TSLA,-0.004306310889948484,227.42047773088728,2022,6
2022-06-24,245.7066650390625,246.06666564941406,236.086669921875,237.47000122070312,95770800,TSLA,0.04524889345059324,230.96571568080358,2022,6
2022-06-27,244.9199981689453,252.07000732421875,242.56666564941406,249.36666870117188,89178300,TSLA,-0.0032016505127857586,232.66857256208147,2022,6
2022-06-28,232.663330078125,249.97000122070312,232.3433380126953,244.48333740234375,90391200,TSLA,-0.0500435578248114,235.4633331298828,2022,6
2022-06-29,228.49000549316406,231.17333984375,222.27333068847656,230.5,82897200,TSLA,-0.01793718238090891,237.13904898507255,2022,6
2022-06-30,224.47332763671875,229.4566650390625,218.8633270263672,224.50999450683594,94600500,TSLA,-0.017579227799377373,235.3442862374442,2022,6
2022-07-01,227.26333618164062,230.22999572753906,222.1199951171875,227.0,74460300,TSLA,0.012429131666979787,234.08380998883928,2022,7
2022-07-05,233.06666564941406,233.14666748046875,216.1666717529297,223.0,84581100,TSLA,0.025535704813974602,233.79761832101005,2022,7
2022-07-06,231.73333740234375,234.56333923339844,227.18666076660156,230.77999877929688,71853600,TSLA,-0.005720802000385383,231.80142865862166,2022,7
2022-07-07,244.5433349609375,245.3633270263672,232.2100067138672,233.9199981689453,81930600,TSLA,0.055279044880592876,231.74761962890625,2022,7
2022-07-08,250.76333618164062,254.97999572753906,241.16000366210938,242.3333282470703,101854200,TSLA,0.02543516968760029,234.33333478655135,2022,7
2022-07-11,234.3433380126953,253.06333923339844,233.6266632080078,252.10333251953125,99241200,TSLA,-0.06548005948146851,235.16952514648438,2022,7
2022-07-12,233.07000732421875,239.77333068847656,228.3699951171875,236.84666442871094,87930900,TSLA,-0.005433611636988744,236.39762224469865,2022,7
2022-07-13,237.0399932861328,242.05999755859375,225.03334045410156,225.5,97954500,TSLA,0.017033448479672808,237.7942875453404,2022,7
2022-07-14,238.31333923339844,238.65333557128906,229.3333282470703,234.89666748046875,78557400,TSLA,0.005371861218914864,238.54381234305245,2022,7
2022-07-15,240.06666564941406,243.6233367919922,236.88999938964844,240.0,69683100,TSLA,0.0073572315408600986,239.73428780691964,2022,7
2022-07-18,240.54666137695312,250.51666259765625,239.60333251953125,244.93666076660156,82537500,TSLA,0.001999426810217919,239.163334437779,2022,7
2022-07-19,245.52999877929688,247.13999938964844,236.97666931152344,245.0,80890200,TSLA,0.020716718219316865,238.41571480887276,2022,7
2022-07-20,247.5,250.663330078125,243.48333740234375,246.78334045410156,88864200,TSLA,0.008023464466653252,240.2952379499163,2022,7
2022-07-21,271.7066650390625,273.26666259765625,254.86666870117188,255.10667419433594,142032300,TSLA,0.09780470722853529,245.81476048060827,2022,7
2022-07-22,272.24334716796875,280.78668212890625,270.71331787109375,276.2200012207031,103472700,TSLA,0.0019752262198982073,250.84381103515625,2022,7
2022-07-25,268.4333190917969,274.14666748046875,267.3999938964844,272.2166748046875,64073400,TSLA,-0.013994935471540293,255.14666530064173,2022,7
2022-07-26,258.8599853515625,267.30999755859375,256.2633361816406,266.5133361816406,66820800,TSLA,-0.0356637312112531,257.83142525809154,2022,7
2022-07-27,274.82000732421875,275.9266662597656,261.7900085449219,263.80999755859375,88110000,TSLA,0.061655036992220635,262.7276175362723,2022,7
2022-07-28,280.8999938964844,283.29998779296875,272.79998779296875,280.0666809082031,84723000,TSLA,0.02212352234272652,267.7804739815848,2022,7
2022-07-29,297.1499938964844,298.32000732421875,279.1000061035156,280.70001220703125,95313000,TSLA,0.05784976985791013,274.87333025251115,2022,7
2022-08-01,297.27667236328125,311.8766784667969,295.0,301.27667236328125,117042900,TSLA,0.00042631152414229767,278.5261884416853,2022,8
2022-08-02,300.586669921875,307.8333435058594,292.6666564941406,294.0033264160156,95577600,TSLA,0.011134400598203698,282.57523454938615,2022,8
2022-08-03,307.39666748046875,309.54998779296875,301.1499938964844,305.0,80091000,TSLA,0.02265568716125621,288.1414271763393,2022,8
2022-08-04,308.6333312988281,313.6066589355469,305.0,311.0,72256200,TSLA,0.004023022853486102,295.2519051688058,2022,8
2022-08-05,288.1700134277344,304.6066589355469,285.5433349609375,302.6700134277344,113172900,TSLA,-0.0663030068235908,297.1590488978795,2022,8
2022-08-08,290.42333984375,305.20001220703125,289.086669921875,295.0,98994000,TSLA,0.007819434052879659,298.51952689034596,2022,8
2022-08-09,283.3333435058594,292.39666748046875,279.35333251953125,290.2933349609375,86244600,TSLA,-0.024412625864385085,296.5457196916853,2022,8
2022-08-10,294.3566589355469,297.510009765625,283.3699951171875,297.0666809082031,94918800,TSLA,0.03890581776676605,296.12857491629467,2022,8
2022-08-11,286.6300048828125,298.2366638183594,285.8333435058594,296.5133361816406,70155000,TSLA,-0.026249292544206493,294.134765625,2022,8
2022-08-12,300.0299987792969,300.1600036621094,285.0333251953125,289.4166564941406,79657200,TSLA,0.046750143628413676,293.08238438197543,2022,8
2022-08-15,309.32000732421875,313.1333312988281,301.2300109863281,301.78668212890625,89359200,TSLA,0.03096359891583922,293.18048095703125,2022,8
2022-08-16,306.5633239746094,314.6666564941406,302.8833312988281,311.6666564941406,88136400,TSLA,-0.008912075793144236,295.808096749442,2022,8
2022-08-17,303.9966735839844,309.65667724609375,300.0333251953125,303.39666748046875,68766000,TSLA,-0.008372333511224461,297.7471444266183,2022,8
2022-08-18,302.8699951171875,306.5,301.85333251953125,306.0,47500500,TSLA,-0.0037062197211366055,300.538094656808,2022,8
2022-08-19,296.6666564941406,300.3599853515625,292.5,299.0,61395300,TSLA,-0.020481852686155544,300.8680943080357,2022,8
2022-08-22,289.913330078125,292.3999938964844,286.2966613769531,291.913330078125,55843200,TSLA,-0.022764022407583906,301.33714076450894,2022,8
2022-08-23,296.4533386230469,298.82666015625,287.92333984375,291.4533386230469,63984900,TSLA,0.0225584954757323,300.82618931361606,2022,8
2022-08-24,297.0966796875,303.64666748046875,296.5,297.5633239746094,57259800,TSLA,0.002170125887066332,299.0799996512277,2022,8
2022-08-25,296.07000732421875,302.9599914550781,291.6000061035156,302.3599853515625,53230000,TSLA,-0.003455684406709514,297.5809544154576,2022,8
2022-08-26,288.0899963378906,302.0,287.4700012207031,297.42999267578125,57163900,TSLA,-0.026953121859416895,295.3085719517299,2022,8
2022-08-29,284.82000732421875,287.739990234375,280.70001220703125,282.8299865722656,41864700,TSLA,-0.01135058160727187,292.7300022670201,2022,8
2022-08-30,277.70001220703125,288.4800109863281,272.6499938964844,287.8699951171875,50541800,TSLA,-0.0249982267189629,290.0204816545759,2022,8
2022-08-31,275.6099853515625,281.25,271.80999755859375,280.6199951171875,52107300,TSLA,-0.007526203685978228,287.9771466936384,2022,8
2022-09-01,277.1600036621094,277.5799865722656,266.1499938964844,272.5799865722656,54287000,TSLA,0.005623955563764049,285.220955984933,2022,9
2022-09-02,270.2099914550781,282.3500061035156,269.0799865722656,281.07000732421875,50890100,TSLA,-0.02507581222110289,281.38000052315846,2022,9
2022-09-06,274.4200134277344,275.989990234375,265.739990234375,272.67999267578125,55860000,TSLA,0.015580556255471167,278.28714425223217,2022,9
2022-09-07,283.70001220703125,283.8399963378906,272.2699890136719,273.1000061035156,50028900,TSLA,0.03381677109982606,277.6600036621094,2022,9
2022-09-08,289.260009765625,289.5,279.760009765625,281.29998779296875,53713100,TSLA,0.01959815762903916,278.2942897251674,2022,9
2022-09-09,299.67999267578125,299.8500061035156,291.25,291.6700134277344,54338100,TSLA,0.03602289482946186,281.43428693498885,2022,9
2022-09-12,304.4200134277344,305.489990234375,300.3999938964844,300.7200012207031,48674600,TSLA,0.01581694096302666,285.5500052315848,2022,9
2022-09-13,292.1300048828125,297.3999938964844,290.3999938964844,292.8999938964844,68229600,TSLA,-0.04037188096320543,287.6885768345424,2022,9
2022-09-14,302.6099853515625,306.0,291.6400146484375,292.239990234375,72628700,TSLA,0.03587437200418364,292.317147391183,2022,9
2022-09-15,303.75,309.1199951171875,300.7200012207031,301.8299865722656,64795500,TSLA,0.003767273730617582,296.5071454729353,2022,9
2022-09-16,303.3500061035156,303.7099914550781,295.6000061035156,299.6099853515625,87087800,TSLA,-0.0013168523341049454,299.3142874581473,2022,9
2022-09-19,309.07000732421875,309.8399963378906,297.79998779296875,300.0899963378906,60231200,TSLA,0.018856110452001085,302.144287109375,2022,9
2022-09-20,308.7300109863281,313.3299865722656,305.5799865722656,306.9100036621094,61642800,TSLA,-0.0011000625419275156,303.43714686802457,2022,9
2022-09-21,300.79998779296875,313.79998779296875,300.6300048828125,308.2900085449219,62555700,TSLA,-0.025685948599634356,302.9200003487723,2022,9
2022-09-22,288.5899963378906,301.2900085449219,285.82000732421875,299.8599853515625,70545400,TSLA,-0.040591728559117746,302.4142848423549,2022,9
2022-09-23,275.3299865722656,284.5,272.82000732421875,283.0899963378906,63748400,TSLA,-0.04594757245188685,298.5171421595982,2022,9
2022-09-26,276.010009765625,284.0899963378906,270.30999755859375,271.8299865722656,58076900,TSLA,0.0024698479153155706,294.55428641183033,2022,9
2022-09-27,282.94000244140625,288.6700134277344,277.510009765625,283.8399963378906,61925200,TSLA,0.02510775852537339,291.6385716029576,2022,9
2022-09-28,287.80999755859375,289.0,277.57000732421875,283.0799865722656,54664800,TSLA,0.017212112374233923,288.60142735072543,2022,9
2022-09-29,268.2099914550781,283.6499938964844,265.7799987792969,282.760009765625,77620600,TSLA,-0.06810050474193607,282.81285313197543,2022,9
2022-09-30,265.25,275.57000732421875,262.4700012207031,266.1499938964844,67726600,TSLA,-0.011036096899372572,277.7342834472656,2022,9
2022-10-03,242.39999389648438,255.16000366210938,241.00999450683594,254.5,98363500,TSLA,-0.08614516909902215,271.1357116699219,2022,10
2022-10-04,249.44000244140625,257.5,242.00999450683594,250.52000427246094,109578500,TSLA,0.029042940273044104,267.4371425083705,2022,10
2022-10-05,240.80999755859375,246.6699981689453,233.27000427246094,245.00999450683594,86982700,TSLA,-0.034597517632881325,262.4085693359375,2022,10
2022-10-06,238.1300048828125,244.5800018310547,235.35000610351562,239.44000244140625,69298400,TSLA,-0.011129075632041241,256.00714111328125,2022,10
2022-10-07,223.07000732421875,234.57000732421875,222.02000427246094,233.94000244140625,83916800,TSLA,-0.06324275500689214,246.7585710797991,2022,10
2022-10-10,222.9600067138672,226.99000549316406,218.36000061035156,223.92999267578125,67925000,TSLA,-0.0004931214719139376,240.2942875453404,2022,10
2022-10-11,216.5,225.75,215.0,220.9499969482422,77013200,TSLA,-0.02897383620084637,233.3300018310547,2022,10
2022-10-12,217.24000549316406,219.3000030517578,211.50999450683594,215.3300018310547,66860700,TSLA,0.003418039229395209,229.7357177734375,2022,10
2022-10-13,221.72000122070312,222.99000549316406,206.22000122070312,208.3000030517578,91483000,TSLA,0.020622332969329804,225.77571759905135,2022,10
2022-10-14,204.99000549316406,226.25999450683594,204.16000366210938,224.00999450683594,94124500,TSLA,-0.07545550981161053,220.65857587541853,2022,10
2022-10-17,219.35000610351562,221.86000061035156,209.4499969482422,210.0399932861328,79428800,TSLA,0.07005219876844393,217.97571890694755,2022,10
2022-10-18,220.19000244140625,229.82000732421875,217.25,229.5,75891900,TSLA,0.003829479437051919,217.56428963797433,2022,10
2022-10-19,222.0399932861328,222.92999267578125,217.77999877929688,219.8000030517578,66571500,TSLA,0.008401793106927569,217.43285914829798,2022,10
2022-10-20,207.27999877929688,215.5500030517578,202.0,208.27999877929688,117798100,TSLA,-0.0664744863679374,216.11571611676897,2022,10
2022-10-21,214.44000244140625,214.66000366210938,203.8000030517578,206.4199981689453,75713800,TSLA,0.03454266549727758,215.71571568080358,2022,10
2022-10-24,211.25,213.5,198.58999633789062,205.82000732421875,100446800,TSLA,-0.014875967194030837,214.22000122070312,2022,10
2022-10-25,222.4199981689453,224.35000610351562,210.0,210.10000610351562,96507900,TSLA,0.05287573097725584,216.71000017438615,2022,10
2022-10-26,224.63999938964844,230.60000610351562,218.1999969482422,219.39999389648438,85012500,TSLA,0.009981122376490958,217.46571350097656,2022,10
2022-10-27,225.08999633789062,233.80999755859375,222.85000610351562,229.77000427246094,61638800,TSLA,0.00200319154854367,218.16571262904577,2022,10
2022-10-28,228.52000427246094,228.86000061035156,216.35000610351562,225.39999389648438,69152400,TSLA,0.015238384603380561,219.09142848423548,2022,10
2022-10-31,227.5399932861328,229.85000610351562,221.94000244140625,226.19000244140625,61554300,TSLA,-0.004288512900427199,221.9857134137835,2022,10
2022-11-01,227.82000732421875,237.39999389648438,227.27999877929688,234.0500030517578,62688800,TSLA,0.0012306146011606955,223.8971426827567,2022,11
2022-11-02,214.97999572753906,227.8699951171875,214.82000732421875,226.0399932861328,63070300,TSLA,-0.05636033352596026,224.42999921526228,2022,11
2022-11-03,215.30999755859375,221.1999969482422,210.13999938964844,211.36000061035156,56538800,TSLA,0.0015350350619269815,223.4142848423549,2022,11
2022-11-04,207.47000122070312,223.8000030517578,203.0800018310547,222.60000610351562,98622200,TSLA,-0.03641259777431871,220.96142796107702,2022,11
2022-11-07,197.0800018310547,208.89999389648438,196.66000366210938,208.64999389648438,93916500,TSLA,-0.05007952633400592,216.96000017438615,2022,11
2022-11-08,191.3000030517578,195.1999969482422,186.75,194.02000427246094,128803400,TSLA,-0.02932818513088775,211.64285714285714,2022,11
2022-11-09,177.58999633789062,195.88999938964844,177.1199951171875,190.77999877929688,127062700,TSLA,-0.07166757185130745,204.50714329310827,2022,11
2022-11-10,190.72000122070312,191.0,180.02999877929688,189.89999389648438,132703000,TSLA,0.07393437216942544,199.20714242117745,2022,11
2022-11-11,195.97000122070312,196.52000427246094,182.58999633789062,186.0,114403600,TSLA,0.027527264924482875,196.4914289202009,2022,11
2022-11-14,190.9499969482422,195.72999572753906,186.33999633789062,192.77000427246094,92226600,TSLA,-0.02561618738169713,193.0114288330078,2022,11
2022-11-15,194.4199981689453,200.82000732421875,192.05999755859375,195.8800048828125,91293800,TSLA,0.018172303095892017,191.1471426827567,2022,11
2022-11-16,186.9199981689453,192.57000732421875,185.66000366210938,191.50999450683594,66567600,TSLA,-0.03857627852399581,189.69571358816964,2022,11
2022-11-17,183.1699981689453,186.16000366210938,180.89999389648438,183.9600067138672,64336000,TSLA,-0.020062058831236462,188.53428431919642,2022,11
2022-11-18,180.19000244140625,185.19000244140625,176.5500030517578,185.0500030517578,76048900,TSLA,-0.016269016527425406,188.9057137625558,2022,11
2022-11-21,167.8699951171875,176.77000427246094,167.5399932861328,175.85000610351562,92882700,TSLA,-0.06837231343190053,185.64142717633928,2022,11
2022-11-22,169.91000366210938,170.9199981689453,166.19000244140625,168.6300048828125,78452300,TSLA,0.012152311933396831,181.91857038225447,2022,11
2022-11-23,183.1999969482422,183.6199951171875,172.5,173.57000732421875,109536700,TSLA,0.07821783885404354,180.8114275251116,2022,11
2022-11-25,182.86000061035156,185.1999969482422,180.6300048828125,185.05999755859375,50672700,TSLA,-0.0018558752377418886,179.15999930245536,2022,11
2022-11-28,182.9199981689453,188.5,179.0,179.9600067138672,92905200,TSLA,0.0003281065208000644,178.58857073102678,2022,11
2022-11-29,180.8300018310547,186.3800048828125,178.75,184.99000549316406,83357100,TSLA,-0.011425739989130657,178.25428553989954,2022,11
2022-11-30,194.6999969482422,194.75999450683594,180.6300048828125,182.42999267578125,109186400,TSLA,0.07670184691003823,180.32714189801897,2022,11
2022-12-01,194.6999969482422,198.9199981689453,191.8000030517578,197.0800018310547,80046200,TSLA,0.0,184.15999930245536,2022,12
2022-12-02,194.86000061035156,196.25,191.11000061035156,191.77999877929688,73645900,TSLA,0.0008217959148295595,187.72428458077567,2022,12
2022-12-05,182.4499969482422,191.27000427246094,180.5500030517578,189.44000244140625,93122700,TSLA,-0.06368676805520912,187.6171417236328,2022,12
2022-12-06,179.82000732421875,183.64999389648438,175.3300018310547,181.22000122070312,92150800,TSLA,-0.01441485156488942,187.182856968471,2022,12
2022-12-07,174.0399932861328,179.3800048828125,172.22000122070312,175.02999877929688,84213300,TSLA,-0.032143331123685615,185.9142848423549,2022,12
2022-12-08,173.44000244140625,175.1999969482422,169.05999755859375,172.1999969482422,97624500,TSLA,-0.003447430865732959,184.8585706438337,2022,12
2022-12-09,179.0500030517578,182.5,173.36000061035156,173.83999633789062,104872300,TSLA,0.0323454827685834,182.62285723005022,2022,12
2022-12-12,167.82000732421875,177.3699951171875,167.52000427246094,176.10000610351562,109794500,TSLA,-0.0627198857086465,178.7828587123326,2022,12
2022-12-13,160.9499969482422,175.0500030517578,156.91000366210938,174.8699951171875,175862700,TSLA,-0.04093677795344208,173.9385724748884,2022,12
2022-12-14,156.8000030517578,161.6199951171875,155.30999755859375,159.25,140682300,TSLA,-0.025784367661833008,170.2742876325335,2022,12
2022-12-15,157.6699981689453,160.92999267578125,153.27999877929688,153.44000244140625,122334500,TSLA,0.005548438139381551,167.11000061035156,2022,12
2022-12-16,150.22999572753906,160.99000549316406,150.0399932861328,159.63999938964844,139032200,TSLA,-0.047187179094365206,163.7085723876953,2022,12
2022-12-19,149.8699951171875,155.25,145.82000732421875,154.0,139390600,TSLA,-0.00239632976495896,160.34142848423548,2022,12
2022-12-20,137.8000030517578,148.47000122070312,137.66000366210938,146.0500030517578,159563300,TSLA,-0.08053641461716088,154.44857134137834,2022,12
2022-12-21,137.57000732421875,141.25999450683594,135.88999938964844,139.33999633789062,145417400,TSLA,-0.0016690545895901021,150.12714276994978,2022,12
2022-12-22,125.3499984741211,136.6300048828125,122.26000213623047,136.0,210090300,TSLA,-0.08882756559936855,145.04142870221818,2022,12
2022-12-23,123.1500015258789,128.6199951171875,121.0199966430664,126.37000274658203,166989700,TSLA,-0.017550833466474902,140.23428562709265,2022,12
2022-12-27,109.0999984741211,119.66999816894531,108.76000213623047,117.5,208643400,TSLA,-0.1140885333144338,133.29571424211775,2022,12
2022-12-28,112.70999908447266,116.2699966430664,108.23999786376953,110.3499984741211,221070500,TSLA,0.03308891531476843,127.93571472167969,2022,12
2022-12-29,121.81999969482422,123.56999969482422,117.5,120.38999938964844,221923300,TSLA,0.0808269069678893,123.92857251848493,2022,12
2022-12-30,123.18000030517578,124.4800033569336,119.75,119.94999694824219,157777300,TSLA,0.011164017515666869,121.84000069754464,2022,12
2023-01-03,108.0999984741211,118.80000305175781,104.63999938964844,118.47000122070312,231402800,TSLA,-0.12242248574195735,117.62999943324498,2023,1
2023-01-04,113.63999938964844,114.58999633789062,107.5199966430664,109.11000061035156,180389000,TSLA,0.05124885285593783,115.95714242117745,2023,1
2023-01-05,110.33999633789062,111.75,107.16000366210938,110.51000213623047,157986300,TSLA,-0.029039097760312105,114.12714168003627,2023,1
2023-01-06,113.05999755859375,114.38999938964844,101.80999755859375,103.0,220911100,TSLA,0.024651090365942707,114.69285583496094,2023,1
2023-01-09,119.7699966430664,123.5199966430664,117.11000061035156,118.95999908447266,190284000,TSLA,0.059349011404278285,115.70142691476005,2023,1
2023-01-10,118.8499984741211,122.76000213623047,114.91999816894531,121.06999969482422,167642500,TSLA,-0.007681374256751861,115.27714102608817,2023,1
2023-01-11,123.22000122070312,125.94999694824219,120.51000213623047,122.08999633789062,183810800,TSLA,0.036769060182475055,115.28285544259208,2023,1
2023-01-12,123.55999755859375,124.12999725341797,117.0,122.55999755859375,169400900,TSLA,0.0027592625752506095,117.49142674037388,2023,1
2023-01-13,122.4000015258789,122.62999725341797,115.5999984741211,116.55000305175781,180714100,TSLA,-0.009388119582672827,118.74285561697823,2023,1
2023-01-17,131.49000549316406,131.6999969482422,125.0199966430664,125.69999694824219,186477000,TSLA,0.07426473736900463,121.76428549630302,2023,1
2023-01-18,128.77999877929688,136.67999267578125,127.01000213623047,136.55999755859375,195680300,TSLA,-0.020609982513142944,124.00999995640346,2023,1
2023-01-19,127.16999816894531,129.99000549316406,124.30999755859375,127.26000213623047,170291900,TSLA,-0.012501946153228194,125.06714303152901,2023,1
2023-01-20,133.4199981689453,133.50999450683594,127.3499984741211,128.67999267578125,138858100,TSLA,0.0491468120625187,127.14857155936105,2023,1
2023-01-23,143.75,145.3800048828125,134.27000427246094,135.8699951171875,203119200,TSLA,0.07742468874848996,130.08142852783203,2023,1
2023-01-24,143.88999938964844,146.5,141.10000610351562,143.0,158699100,TSLA,0.0009739087975544347,132.98571450369698,2023,1
2023-01-25,144.42999267578125,146.41000366210938,138.07000732421875,141.91000366210938,192734300,TSLA,0.003752820129427681,136.13285609654017,2023,1
2023-01-26,160.27000427246094,161.4199981689453,154.75999450683594,159.97000122070312,234815100,TSLA,0.10967259156647335,140.2442844935826,2023,1
2023-01-27,177.89999389648438,180.67999267578125,161.1699981689453,162.42999267578125,306590600,TSLA,0.11000180416824756,147.2614266531808,2023,1
2023-01-30,166.66000366210938,179.77000427246094,166.5,178.0500030517578,230878800,TSLA,-0.06318150994943417,152.9028560093471,2023,1
2023-01-31,173.22000122070312,174.3000030517578,162.77999877929688,164.57000732421875,196813500,TSLA,0.03936155894904236,158.58857073102678,2023,1
2023-02-01,181.41000366210938,183.80999755859375,169.92999267578125,173.88999938964844,213806300,TSLA,0.047280928205116535,163.96857125418526,2023,2
2023-02-02,188.27000427246094,196.75,182.61000061035156,187.3300018310547,217448300,TSLA,0.03781489703913388,170.3085719517299,2023,2
2023-02-03,189.97999572753906,199.0,183.69000244140625,183.9499969482422,232662000,TSLA,0.009082654784473565,176.81571524483817,2023,2
2023-02-06,194.75999450683594,198.1699981689453,189.9199981689453,193.00999450683594,186188100,TSLA,0.025160537355481072,181.74285670689173,2023,2
2023-02-07,196.80999755859375,197.5,189.5500030517578,196.42999267578125,186010300,TSLA,0.010525791279409002,184.4442858014788,2023,2
2023-02-08,201.2899932861328,203.0,194.30999755859375,196.10000610351562,180673600,TSLA,0.022763049555982517,189.39142717633928,2023,2
2023-02-09,207.32000732421875,214.0,204.77000427246094,207.77999877929688,215431400,TSLA,0.029956849516678652,194.26285661969865,2023,2
2023-02-10,196.88999938964844,206.1999969482422,192.88999938964844,202.22999572753906,204754100,TSLA,-0.05030873801899527,196.47428458077567,2023,2
2023-02-13,194.63999938964844,196.3000030517578,187.61000061035156,194.4199981689453,172475500,TSLA,-0.011427700782035255,197.38428388323103,2023,2
2023-02-14,209.25,209.82000732421875,189.44000244140625,191.94000244140625,216455700,TSLA,0.0750616556523096,200.13714163643974,2023,2
2023-02-15,214.24000549316406,214.66000366210938,206.11000061035156,211.75999450683594,181006400,TSLA,0.02384709913101113,202.92000034877233,2023,2
2023-02-16,202.0399932861328,217.64999389648438,201.83999633789062,210.77999877929688,229586500,TSLA,-0.05694553722096751,203.6671425955636,2023,2
2023-02-17,208.30999755859375,208.44000244140625,197.5,199.99000549316406,213738500,TSLA,0.031033480898909227,204.67000034877233,2023,2
2023-02-21,197.3699951171875,209.7100067138672,197.22000122070312,204.99000549316406,180018600,TSLA,-0.05251789433835996,203.24857003348214,2023,2
2023-02-22,200.86000061035156,201.99000549316406,191.77999877929688,197.92999267578125,191828500,TSLA,0.017682553475729224,203.81571306501115,2023,2
2023-02-23,202.07000732421875,205.13999938964844,196.3300018310547,203.91000366210938,146360000,TSLA,0.006024129792842503,204.87714276994978,2023,2
2023-02-24,196.8800048828125,197.6699981689453,192.8000030517578,196.3300018310547,142228100,TSLA,-0.025684180003413215,203.11000061035156,2023,2
2023-02-27,207.6300048828125,209.4199981689453,201.25999450683594,202.02999877929688,161028300,TSLA,0.0546017865369246,202.16571480887276,2023,2
2023-02-28,205.7100067138672,211.22999572753906,203.75,210.58999633789062,153144900,TSLA,-0.009247209573726933,202.69000244140625,2023,2
2023-03-01,202.77000427246094,207.1999969482422,198.52000427246094,206.2100067138672,156852800,TSLA,-0.014291975817664837,201.89857482910156,2023,3
2023-03-02,190.89999389648438,193.75,186.00999450683594,186.74000549316406,181500700,TSLA,-0.05853928157947319,200.9742889404297,2023,3
2023-03-03,197.7899932861328,200.47999572753906,192.8800048828125,194.8000030517578,154193300,TSLA,0.03609219282314147,200.5357164655413,2023,3
2023-03-06,193.80999755859375,198.60000610351562,192.3000030517578,198.5399932861328,128100100,TSLA,-0.020122331071529054,199.35571507045202,2023,3
2023-03-07,187.7100067138672,194.1999969482422,186.10000610351562,191.3800048828125,148125800,TSLA,-0.03147407730028162,198.04571533203125,2023,3
2023-03-08,182.0,186.5,180.0,185.0399932861328,151897800,TSLA,-0.03041929843714275,194.38428606305803,2023,3
2023-03-09,172.9199981689453,185.17999267578125,172.50999450683594,180.25,170023800,TSLA,-0.04989011995084991,189.6999991280692,2023,3
2023-03-10,173.44000244140625,178.2899932861328,168.44000244140625,175.1300048828125,191488900,TSLA,0.0030071956856769777,185.50999886648995,2023,3
2023-03-13,174.47999572753906,177.35000610351562,163.91000366210938,167.4600067138672,167790300,TSLA,0.005996271168666301,183.1642848423549,2023,3
2023-03-14,183.25999450683594,183.8000030517578,177.13999938964844,177.30999755859375,143717900,TSLA,0.050320947926932424,181.08857073102678,2023,3
2023-03-15,180.4499969482422,182.33999633789062,176.02999877929688,180.8000030517578,145995600,TSLA,-0.015333393227232373,179.17999921526228,2023,3
2023-03-16,184.1300048828125,185.80999755859375,178.83999633789062,180.3699951171875,121136800,TSLA,0.020393505108375454,178.66857038225447,2023,3
2023-03-17,180.1300048828125,186.22000122070312,177.3300018310547,184.52000427246094,133197100,TSLA,-0.02172378153438792,178.40142822265625,2023,3
2023-03-20,183.25,186.44000244140625,176.35000610351562,178.0800018310547,129684400,TSLA,0.017320796272765726,179.87714276994978,2023,3
2023-03-21,197.5800018310547,198.0,188.0399932861328,188.27999877929688,153391400,TSLA,0.07819919143822474,183.32571411132812,2023,3
2023-03-22,191.14999389648438,200.66000366210938,190.9499969482422,199.3000030517578,150376400,TSLA,-0.03254381959196684,185.70714242117745,2023,3
2023-03-23,192.22000122070312,199.30999755859375,188.64999389648438,195.25999450683594,144193900,TSLA,0.0055977366381618765,186.98714338030135,2023,3
2023-03-24,190.41000366210938,192.36000061035156,187.14999389648438,191.64999389648438,116312400,TSLA,-0.009416281069083654,188.41000148228235,2023,3
2023-03-27,191.80999755859375,197.38999938964844,189.94000244140625,194.4199981689453,120851600,TSLA,0.007352522816861606,189.50714329310827,2023,3
2023-03-28,189.19000244140625,192.35000610351562,185.42999267578125,192.0,98654600,TSLA,-0.013659325116185062,190.80142865862166,2023,3
2023-03-29,193.8800048828125,195.2899932861328,189.44000244140625,193.1300048828125,123660000,TSLA,0.024789906342217005,192.32000078473772,2023,3
2023-03-30,195.27999877929688,197.3300018310547,194.4199981689453,195.5800018310547,110252200,TSLA,0.007220929756684091,191.9914289202009,2023,3
2023-03-31,207.4600067138672,207.7899932861328,197.1999969482422,197.52999877929688,170222100,TSLA,0.06237201971890638,194.32143075125558,2023,3
2023-04-03,194.77000427246094,202.69000244140625,192.1999969482422,199.91000366210938,169545900,TSLA,-0.061168427796826186,194.6857169015067,2023,4
2023-04-04,192.5800018310547,198.74000549316406,190.32000732421875,197.32000732421875,126463800,TSLA,-0.011244043709844997,194.99571663992745,2023,4
2023-04-05,185.52000427246094,190.67999267578125,183.75999450683594,190.52000427246094,133882500,TSLA,-0.036660076287605925,194.0971461704799,2023,4
2023-04-06,185.05999755859375,186.38999938964844,179.74000549316406,183.0800018310547,123857900,TSLA,-0.002479553165553039,193.50714547293526,2023,4
2023-04-10,184.50999450683594,185.10000610351562,176.11000061035156,179.94000244140625,142154600,TSLA,-0.0029720256079851515,192.16857256208147,2023,4
2023-04-11,186.7899932861328,189.19000244140625,185.64999389648438,186.69000244140625,115770900,TSLA,0.012357047570192181,190.9557146344866,2023,4
2023-04-12,180.5399932861328,191.5800018310547,180.30999755859375,190.74000549316406,150256300,TSLA,-0.03346003653646468,187.10999843052454,2023,4
2023-04-13,185.89999389648438,186.5,180.94000244140625,182.9600067138672,112933000,TSLA,0.029688716127604264,185.84285409109933,2023,4
2023-04-14,185.0,186.27999877929688,182.00999450683594,183.9499969482422,96438700,TSLA,-0.004841279860318459,184.75999668666296,2023,4
2023-04-17,187.0399932861328,189.69000244140625,182.69000244140625,186.32000732421875,116662200,TSLA,0.011026990735853115,184.97713797433036,2023,4
2023-04-18,184.30999755859375,187.69000244140625,183.5800018310547,187.14999389648438,92067000,TSLA,-0.014595786064655836,184.8699951171875,2023,4
2023-04-19,180.58999633789062,183.5,177.64999389648438,179.10000610351562,125732700,TSLA,-0.020183393575926356,184.30999537876673,2023,4
2023-04-20,162.99000549316406,169.6999969482422,160.55999755859375,166.1699981689453,210970800,TSLA,-0.09745828230593856,180.90999712262834,2023,4
2023-04-21,165.0800018310547,166.0,161.32000732421875,164.8000030517578,123539000,TSLA,0.012822849668400638,178.70142691476005,2023,4
2023-04-24,162.5500030517578,165.64999389648438,158.61000061035156,164.64999389648438,140006600,TSLA,-0.015325895028073244,175.36571393694197,2023,4
2023-04-25,160.6699981689453,163.47000122070312,158.75,159.82000732421875,121999300,TSLA,-0.011565701922588656,171.88999938964844,2023,4
2023-04-26,153.75,160.6699981689453,153.13999938964844,160.2899932861328,153364100,TSLA,-0.04306963495243776,167.13428606305803,2023,4
2023-04-27,160.19000244140625,160.47999572753906,152.3699951171875,152.63999938964844,127015200,TSLA,0.041886194740853755,163.6885724748884,2023,4
2023-04-28,164.30999755859375,165.0,157.32000732421875,160.89999389648438,122515800,TSLA,0.025719427270091355,161.36285836356026,2023,4
2023-05-01,161.8300018310547,163.27999877929688,158.8300018310547,163.1699981689453,109015000,TSLA,-0.015093395194377579,161.1971435546875,2023,5
2023-05-02,160.30999755859375,165.49000549316406,158.92999267578125,161.8800048828125,128259700,TSLA,-0.00939259874721976,160.51571437290735,2023,5
2023-05-03,160.61000061035156,165.0,159.91000366210938,160.00999450683594,119728000,TSLA,0.0018713932775662467,160.2385711669922,2023,5
2023-05-04,161.1999969482422,162.9499969482422,159.64999389648438,162.7100067138672,95108500,TSLA,0.003673471985857102,160.3142852783203,2023,5
2023-05-05,170.05999755859375,170.7899932861328,163.50999450683594,163.97000122070312,107607300,TSLA,0.05496278398315546,162.64428492954798,2023,5
2023-05-08,171.7899932861328,173.8000030517578,169.19000244140625,173.72000122070312,112249400,TSLA,0.010172855182730478,164.30142647879464,2023,5
2023-05-09,169.14999389648438,169.82000732421875,166.55999755859375,168.9499969482422,88965000,TSLA,-0.015367597024416146,164.99285452706474,2023,5
2023-05-10,168.5399932861328,174.42999267578125,166.67999267578125,172.5500030517578,119840700,TSLA,-0.0036062703657255835,165.95142473493303,2023,5
2023-05-11,172.0800018310547,173.57000732421875,166.7899932861328,168.6999969482422,103889900,TSLA,0.021003967520705658,167.63285391671317,2023,5
2023-05-12,167.97999572753906,177.3800048828125,167.22999572753906,176.07000732421875,157849600,TSLA,-0.023826162598143963,168.68571036202567,2023,5
2023-05-15,166.35000610351562,169.75999450683594,164.5500030517578,167.66000366210938,105592500,TSLA,-0.009703474612936969,169.42142595563615,2023,5
2023-05-16,166.52000427246094,169.52000427246094,164.35000610351562,165.64999389648438,98288800,TSLA,0.001021930644472091,168.91571262904577,2023,5
2023-05-17,173.86000061035156,174.5,167.19000244140625,168.41000366210938,125473600,TSLA,0.04407876621166107,169.21142796107702,2023,5
2023-05-18,176.88999938964844,177.05999755859375,172.4499969482422,174.22000122070312,109520300,TSLA,0.01742780840135616,170.317143031529,2023,5
2023-05-19,180.13999938964844,181.9499969482422,176.30999755859375,177.1699981689453,136196700,TSLA,0.018373000232992265,171.97428676060267,2023,5
2023-05-22,188.8699951171875,189.32000732421875,180.11000061035156,180.6999969482422,132001400,TSLA,0.04846228354123516,174.37285723005022,2023,5
2023-05-23,185.77000427246094,192.9600067138672,185.25999450683594,186.1999969482422,156952100,TSLA,-0.01641335799687571,176.91428702218192,2023,5
2023-05-24,182.89999389648438,184.22000122070312,178.22000122070312,182.22999572753906,137605100,TSLA,-0.015449266889003499,179.27857099260603,2023,5
2023-05-25,184.47000122070312,186.77999877929688,180.5800018310547,186.5399932861328,96870700,TSLA,0.008583965973816943,181.84285627092635,2023,5
2023-05-26,193.1699981689453,198.60000610351562,184.52999877929688,184.6199951171875,162061500,TSLA,0.047162123329924865,184.60142735072546,2023,5
2023-05-30,201.16000366210938,204.47999572753906,197.52999877929688,200.10000610351562,128818700,TSLA,0.041362559242642094,188.06857081821985,2023,5
2023-05-31,203.92999267578125,203.9499969482422,195.1199951171875,199.77999877929688,150711700,TSLA,0.013770078361723614,191.4671412876674,2023,5
2023-06-01,207.52000427246094,209.8000030517578,199.3699951171875,202.58999633789062,148029900,TSLA,0.017604137329555458,194.13142830984933,2023,6
2023-06-02,213.97000122070312,217.25,209.75,210.14999389648438,164398400,TSLA,0.031081326211682914,198.15999930245536,2023,6
2023-06-05,217.61000061035156,221.2899932861328,214.52000427246094,217.8000030517578,151143100,TSLA,0.017011727666879306,203.11857169015067,2023,6
2023-06-06,221.30999755859375,221.91000366210938,212.52999877929688,216.13999938964844,146911600,TSLA,0.017002881015874438,208.38142830984933,2023,6
2023-06-07,224.57000732421875,230.8300018310547,223.1999969482422,228.0,185710800,TSLA,0.014730512862447087,212.86714390345983,2023,6
2023-06-08,234.86000061035156,235.22999572753906,223.00999450683594,224.22000122070312,164489700,TSLA,0.045820870777622646,217.68142918178015,2023,6
2023-06-09,244.39999389648438,252.4199981689453,242.02000427246094,249.07000732421875,200242400,TSLA,0.0406199151040636,223.46285792759485,2023,6
2023-06-12,249.8300018310547,250.97000122070312,244.58999633789062,247.94000244140625,150337900,TSLA,0.02221770896144215,229.50714329310827,2023,6
2023-06-13,258.7099914550781,259.67999267578125,251.33999633789062,253.50999450683594,162384300,TSLA,0.035544128242966044,235.89857046944755,2023,6
2023-06-14,256.7900085449219,261.57000732421875,250.5,260.1700134277344,170575500,TSLA,-0.007421371317580694,241.49571446010046,2023,6
2023-06-15,255.89999389648438,258.95001220703125,247.2899932861328,248.39999389648438,160171200,TSLA,-0.0034659239799892383,246.43714250837053,2023,6
2023-06-16,260.5400085449219,263.6000061035156,257.2099914550781,258.9200134277344,167915600,TSLA,0.01813214052015355,251.57571411132812,2023,6
2023-06-20,274.45001220703125,274.75,261.1199951171875,261.5,165611200,TSLA,0.05338912722001776,257.23143005371094,2023,6
2023-06-21,259.4599914550781,276.989990234375,257.7799987792969,275.1300048828125,211797100,TSLA,-0.054618400747766804,259.3828582763672,2023,6
2023-06-22,264.6099853515625,265.0,248.25,250.77000427246094,166875900,TSLA,0.019848894111198723,261.4942844935826,2023,6
2023-06-23,256.6000061035156,262.45001220703125,252.8000030517578,259.2900085449219,177460800,TSLA,-0.030270888067223778,261.19285801478793,2023,6
2023-06-26,241.0500030517578,258.3699951171875,240.6999969482422,250.07000732421875,179990600,TSLA,-0.060600166336257755,258.94428580147877,2023,6
2023-06-27,250.2100067138672,250.38999938964844,240.85000610351562,243.24000549316406,164968200,TSLA,0.03800042956291749,258.13143048967635,2023,6
2023-06-28,256.239990234375,259.8800048828125,248.88999938964844,249.6999969482422,159770800,TSLA,0.0240996896954786,257.5171421595982,2023,6
2023-06-29,257.5,260.739990234375,253.61000061035156,258.0299987792969,131283400,TSLA,0.004917303362650394,255.09571184430803,2023,6
2023-06-30,261.7699890136719,264.45001220703125,259.8900146484375,260.6000061035156,112620800,TSLA,0.016582481606492783,255.42571149553572,2023,6
2023-07-03,279.82000732421875,284.25,275.1099853515625,276.489990234375,119685900,TSLA,0.06895373445427366,257.59857177734375,2023,7
2023-07-05,282.4800109863281,283.8500061035156,277.6000061035156,278.82000732421875,131530900,TSLA,0.009506123909958086,261.29571533203125,2023,7
2023-07-06,276.5400085449219,279.9700012207031,272.8800048828125,278.0899963378906,120332100,TSLA,-0.021028045208104085,266.36571611676897,2023,7
2023-07-07,274.42999267578125,280.7799987792969,273.7699890136719,278.42999267578125,113879200,TSLA,-0.007630056425625198,269.8257141113281,2023,7
2023-07-10,269.6099853515625,277.5199890136719,265.1000061035156,276.4700012207031,119425400,TSLA,-0.01756370459810941,271.73571341378346,2023,7
2023-07-11,269.7900085449219,270.8999938964844,266.3699951171875,268.6499938964844,91972400,TSLA,0.000667717084456676,273.4914289202009,2023,7
2023-07-12,271.989990234375,276.5199890136719,271.4599914550781,276.3299865722656,95672100,TSLA,0.008154422401772665,274.95142909458707,2023,7
2023-07-13,277.8999938964844,279.45001220703125,270.6000061035156,274.5899963378906,112681500,TSLA,0.02172875427149612,274.67714146205356,2023,7
2023-07-14,281.3800048828125,285.29998779296875,276.30999755859375,277.010009765625,120062400,TSLA,0.012522529912772917,274.5199977329799,2023,7
2023-07-17,290.3800048828125,292.2300109863281,283.57000732421875,286.6300048828125,131569600,TSLA,0.03198521516746822,276.4971400669643,2023,7
2023-07-18,293.3399963378906,295.260009765625,286.010009765625,290.1499938964844,112120300,TSLA,0.010193509901870401,279.19856916155135,2023,7
2023-07-19,291.260009765625,299.2900085449219,289.5199890136719,296.0400085449219,142355400,TSLA,-0.007090702250741598,282.2914297921317,2023,7
2023-07-20,262.8999938964844,280.92999267578125,261.20001220703125,279.55999755859375,175158300,TSLA,-0.09737009860008494,281.30714198521207,2023,7
2023-07-21,260.0199890136719,268.0,255.8000030517578,268.0,161796100,TSLA,-0.010954754468143868,279.5971418108259,2023,7
2023-07-24,269.05999755859375,269.8500061035156,254.1199951171875,255.85000610351562,136508500,TSLA,0.03476659075024635,278.3342851911272,2023,7
2023-07-25,265.2799987792969,272.8999938964844,265.0,272.3800048828125,112757300,TSLA,-0.014048906614123058,276.03428431919644,2023,7
2023-07-26,264.3500061035156,268.0400085449219,261.75,263.25,95856200,TSLA,-0.0035057022016762307,272.31571306501115,2023,7
2023-07-27,255.7100067138672,269.1300048828125,255.3000030517578,268.30999755859375,103697300,TSLA,-0.032683938680391544,266.94000026157926,2023,7
2023-07-28,266.44000244140625,267.25,258.2300109863281,259.8599853515625,111446000,TSLA,0.04196157931177735,263.394284929548,2023,7
2023-07-31,267.42999267578125,269.0799865722656,263.7799987792969,267.4800109863281,84582200,TSLA,0.00371562162326855,264.0414276123047,2023,7
2023-08-01,261.07000732421875,266.4700012207031,260.25,266.260009765625,83166000,TSLA,-0.023781870118334214,264.1914302280971,2023,8
2023-08-02,254.11000061035156,259.5199890136719,250.49000549316406,255.57000732421875,101752900,TSLA,-0.02665954157355066,262.0557163783482,2023,8
2023-08-03,259.32000732421875,260.489990234375,252.0,252.0399932861328,97569100,TSLA,0.020502958173047814,261.2042890276228,2023,8
2023-08-04,253.86000061035156,264.7699890136719,253.11000061035156,260.9700012207031,99539900,TSLA,-0.02105509239416581,259.70571681431363,2023,8
2023-08-07,251.4499969482422,253.64999389648438,242.75999450683594,251.4499969482422,111097900,TSLA,-0.009493435973824349,259.0971439906529,2023,8
2023-08-08,249.6999969482422,250.9199981689453,245.00999450683594,247.4499969482422,96642200,TSLA,-0.006959634206558429,256.7057146344866,2023,8
2023-08-09,242.19000244140625,251.10000610351562,241.89999389648438,250.8699951171875,101596300,TSLA,-0.03007606967809695,253.1000017438616,2023,8
2023-08-10,245.33999633789062,251.8000030517578,243.0,245.39999389648438,109498600,TSLA,0.013006292021680244,250.8528573172433,2023,8
2023-08-11,242.64999389648438,243.7899932861328,238.02000427246094,241.77000427246094,99038600,TSLA,-0.01096438608281991,249.21571350097656,2023,8
2023-08-14,239.75999450683594,240.66000366210938,233.75,235.6999969482422,98595300,TSLA,-0.011910156448968756,246.42142595563615,2023,8
2023-08-15,232.9600067138672,240.5,232.61000061035156,238.72999572753906,88197600,TSLA,-0.028361644764614224,243.43571254185267,2023,8
2023-08-16,225.60000610351562,233.97000122070312,225.3800048828125,228.02000427246094,112484500,TSLA,-0.03159340830287438,239.74285670689173,2023,8
2023-08-17,219.22000122070312,226.74000549316406,218.8300018310547,226.05999755859375,120718400,TSLA,-0.028280162722535862,235.3885716029576,2023,8
2023-08-18,215.49000549316406,217.5800018310547,212.36000061035156,214.1199951171875,136276600,TSLA,-0.017014851321818125,231.57428632463728,2023,8
2023-08-21,231.27999877929688,232.1300048828125,220.5800018310547,221.5500030517578,135702700,TSLA,0.073274828918382,229.56571524483817,2023,8
2023-08-22,233.19000244140625,240.82000732421875,229.5500030517578,240.25,130442800,TSLA,0.008258403978685713,228.21428789411272,2023,8
2023-08-23,236.86000061035156,238.97999572753906,229.2899932861328,229.33999633789062,101077600,TSLA,0.01573823118710882,227.8000030517578,2023,8
2023-08-24,230.0399932861328,238.9199981689453,228.17999267578125,238.66000366210938,99777400,TSLA,-0.02879341090367582,227.3828582763672,2023,8
2023-08-25,238.58999633789062,239.0,230.35000610351562,231.30999755859375,106612200,TSLA,0.037167463490241914,229.2385711669922,2023,8
2023-08-28,238.82000732421875,244.3800048828125,235.35000610351562,242.5800018310547,107673700,TSLA,0.0009640428763089126,232.03857203892298,2023,8
2023-08-29,257.17999267578125,257.4800109863281,237.77000427246094,238.5800018310547,134047600,TSLA,0.07687791972402569,237.9942844935826,2023,8
2023-08-30,256.8999938964844,260.510009765625,250.58999633789062,254.1999969482422,121988400,TSLA,-0.0010887269121663268,241.65428379603796,2023,8
2023-08-31,258.0799865722656,261.17999267578125,255.0500030517578,255.97999572753906,108861700,TSLA,0.004593198535678855,245.20999581473214,2023,8
2023-09-01,245.00999450683594,259.0799865722656,242.00999450683594,257.260009765625,132541600,TSLA,-0.05064318329763218,246.37428065708704,2023,9
2023-09-05,256.489990234375,258.0,244.86000061035156,245.0,129469600,TSLA,0.046855214011356505,250.15285164969308,2023,9
2023-09-06,251.9199981689453,255.38999938964844,245.05999755859375,255.13999938964844,116959800,TSLA,-0.017817428513501543,252.05713762555803,2023,9
2023-09-07,251.49000549316406,252.80999755859375,243.27000427246094,245.07000732421875,115312900,TSLA,-0.0017068620153485314,253.8671373639788,2023,9
2023-09-08,248.5,256.5199890136719,246.6699981689453,251.22000122070312,118367700,TSLA,-0.01188916230408743,252.62713841029577,2023,9
2023-09-11,273.5799865722656,274.8500061035156,260.6099853515625,264.2699890136719,174667900,TSLA,0.10092549928477124,255.00999450683594,2023,9
2023-09-12,267.4800109863281,278.3900146484375,266.6000061035156,270.760009765625,135999900,TSLA,-0.022296863386701782,256.35285513741627,2023,9
2023-09-13,271.29998779296875,274.9800109863281,268.1000061035156,270.07000732421875,111673700,TSLA,0.014281354305895722,260.1085684640067,2023,9
2023-09-14,276.0400085449219,276.7099914550781,270.4200134277344,271.32000732421875,107709800,TSLA,0.017471511114000693,262.90142822265625,2023,9
2023-09-15,274.3900146484375,278.9800109863281,271.0,277.54998779296875,133692300,TSLA,-0.005977372284481253,266.1114305768694,2023,9
2023-09-18,265.2799987792969,271.44000244140625,263.760009765625,271.1600036621094,101543300,TSLA,-0.033200974462619715,268.0814296177455,2023,9
2023-09-19,266.5,267.8500061035156,261.20001220703125,264.3500061035156,103704000,TSLA,0.004598918977371191,270.6528581891741,2023,9
2023-09-20,262.5899963378906,273.92999267578125,262.4599914550781,267.0400085449219,122514600,TSLA,-0.014671683535119606,269.0828595842634,2023,9
2023-09-21,255.6999969482422,260.8599853515625,254.2100067138672,257.8500061035156,119951500,TSLA,-0.026238620989897266,267.4000004359654,2023,9
2023-09-22,244.8800048828125,257.7900085449219,244.47999572753906,257.3999938964844,127524100,TSLA,-0.042315182614647506,263.62571716308594,2023,9
2023-09-25,246.99000549316406,247.10000610351562,238.30999755859375,243.3800048828125,104636600,TSLA,0.008616467528091087,259.4757167271205,2023,9
2023-09-26,244.1199951171875,249.5500030517578,241.66000366210938,242.97999572753906,101993600,TSLA,-0.011619945391094011,255.15142822265625,2023,9
2023-09-27,240.5,245.3300018310547,234.5800018310547,244.25999450683594,136597200,TSLA,-0.014828753029631048,251.6114283970424,2023,9
2023-09-28,246.3800048828125,247.5500030517578,238.64999389648438,240.02000427246094,117058900,TSLA,0.02444908475181906,248.73714338030135,2023,9
2023-09-29,250.22000122070312,254.77000427246094,246.35000610351562,250.0,128522700,TSLA,0.015585665483353939,246.97000122070312,2023,9
2023-10-02,251.60000610351562,254.27999877929688,242.6199951171875,244.80999755859375,123810400,TSLA,0.005515166158101437,246.38428824288505,2023,10
2023-10-03,246.52999877929688,250.02000427246094,244.4499969482422,248.61000061035156,101985300,TSLA,-0.020151062008054166,246.62000165666853,2023,10
2023-10-04,261.1600036621094,261.8599853515625,247.60000610351562,248.13999938964844,129721600,TSLA,0.05934371052307452,248.644287109375,2023,10
2023-10-05,260.04998779296875,263.6000061035156,256.25,260.0,119159200,TSLA,-0.00425032873937603,250.92000034877233,2023,10
2023-10-06,260.5299987792969,261.6499938964844,250.64999389648438,253.97999572753906,118121800,TSLA,0.001845841218459432,253.78142874581474,2023,10
2023-10-09,259.6700134277344,261.3599853515625,252.0500030517578,255.30999755859375,101377900,TSLA,-0.003300907210654902,255.68000139508928,2023,10
2023-10-10,263.6199951171875,268.94000244140625,257.6499938964844,257.75,122656000,TSLA,0.015211543440507347,257.5942862374442,2023,10
2023-10-11,262.989990234375,268.6000061035156,260.8999938964844,266.20001220703125,103706300,TSLA,-0.002389822071472425,259.221426827567,2023,10
2023-10-12,258.8699951171875,265.4100036621094,256.6300048828125,262.9200134277344,111508100,TSLA,-0.015665976919941982,260.9842834472656,2023,10
2023-10-13,251.1199951171875,259.6000061035156,250.22000122070312,258.8999938964844,102073800,TSLA,-0.02993780718577166,259.5499965122768,2023,10
2023-10-16,253.9199981689453,255.39999389648438,248.47999572753906,250.0500030517578,88917200,TSLA,0.01115006015531006,258.6742837088449,2023,10
2023-10-17,254.85000610351562,257.17999267578125,247.0800018310547,250.10000610351562,93562900,TSLA,0.0036626021631882555,257.86285618373324,2023,10
2023-10-18,242.67999267578125,254.6300048828125,242.0800018310547,252.6999969482422,125147800,TSLA,-0.04775363208267347,255.43571036202567,2023,10
2023-10-19,220.11000061035156,230.61000061035156,216.77999877929688,225.9499969482422,170772700,TSLA,-0.09300310180733784,249.2199968610491,2023,10
2023-10-20,211.99000549316406,218.86000061035156,210.4199981689453,217.00999450683594,138010100,TSLA,-0.036890623300491754,241.93428475516183,2023,10
2023-10-23,212.0800018310547,216.97999572753906,202.50999450683594,210.0,150683400,TSLA,0.0004245310418349302,235.25,2023,10
2023-10-24,216.52000427246094,222.0500030517578,214.11000061035156,216.5,118231100,TSLA,0.02093550737020089,230.30714416503906,2023,10
2023-10-25,212.4199981689453,220.10000610351562,212.1999969482422,215.8800048828125,107065100,TSLA,-0.018935922882932887,224.37857273646765,2023,10
2023-10-26,205.75999450683594,214.8000030517578,204.8800048828125,211.32000732421875,115112600,TSLA,-0.031352997455599385,217.36571393694197,2023,10
2023-10-27,207.3000030517578,212.41000366210938,205.77000427246094,210.60000610351562,94881200,TSLA,0.00748448962886572,212.3114297049386,2023,10
2023-10-30,197.36000061035156,210.8800048828125,194.6699981689453,209.27999877929688,136448200,TSLA,-0.04794984223383958,209.0614297049386,2023,10
2023-10-31,200.83999633789062,202.8000030517578,194.07000732421875,196.1199951171875,118068300,TSLA,0.017632730628176496,207.46857125418526,2023,10
2023-11-01,205.66000366210938,205.99000549316406,197.85000610351562,204.0399932861328,121661700,TSLA,0.023999240251476817,206.55142865862166,2023,11
2023-11-02,218.50999450683594,219.1999969482422,211.4499969482422,212.97000122070312,125987600,TSLA,0.06248172039245192,206.83571297781808,2023,11
2023-11-03,219.9600067138672,226.3699951171875,218.39999389648438,221.14999389648438,119534800,TSLA,0.006635907937775798,207.91285705566406,2023,11
2023-11-06,219.27000427246094,226.32000732421875,215.0,223.97999572753906,117335800,TSLA,-0.0031369449915676917,209.84285845075334,2023,11
2023-11-07,222.17999267578125,223.1199951171875,215.72000122070312,219.97999572753906,116900100,TSLA,0.013271256198382764,211.96857125418526,2023,11
2023-11-08,222.11000061035156,224.14999389648438,217.63999938964844,223.14999389648438,106584800,TSLA,-0.00031502415940676265,215.50428553989954,2023,11
2023-11-09,209.97999572753906,220.8000030517578,206.67999267578125,219.75,142110500,TSLA,-0.054612601186257326,216.80999973842077,2023,11
2023-11-10,214.64999389648438,215.3800048828125,205.69000244140625,210.02999877929688,130994000,TSLA,0.022240205086035525,218.0942840576172,2023,11
2023-11-13,223.7100067138672,225.39999389648438,211.61000061035156,215.60000610351562,140447600,TSLA,0.04220830689495392,218.83714294433594,2023,11
2023-11-14,237.41000366210938,238.13999938964844,230.72000122070312,235.02999877929688,149771600,TSLA,0.06123998273248876,221.32999965122767,2023,11
2023-11-15,242.83999633789062,246.6999969482422,236.4499969482422,239.2899932861328,150354000,TSLA,0.022871793909364557,224.69714137486048,2023,11
2023-11-16,233.58999633789062,240.8800048828125,230.9600067138672,239.49000549316406,136816800,TSLA,-0.038090924639652135,226.32714189801897,2023,11
2023-11-17,234.3000030517578,237.38999938964844,226.5399932861328,232.0,142532800,TSLA,0.0030395424675642158,228.06857081821985,2023,11
2023-11-20,235.60000610351562,237.10000610351562,231.02000427246094,234.0399932861328,116320100,TSLA,0.005548455120893081,231.72857230050224,2023,11
2023-11-21,241.1999969482422,243.6199951171875,233.33999633789062,235.0399932861328,122288000,TSLA,0.023769060694616817,235.52142987932478,2023,11
2023-11-22,234.2100067138672,244.00999450683594,231.39999389648438,242.0399932861328,117950600,TSLA,-0.028980059381488954,237.02142987932478,2023,11
2023-11-24,235.4499969482422,238.75,232.3300018310547,233.75,65125200,TSLA,0.00529435207219775,236.7414289202009,2023,11
2023-11-27,236.0800018310547,238.3300018310547,232.10000610351562,236.88999938964844,112031800,TSLA,0.0026757481035388775,235.77571541922433,2023,11
2023-11-28,246.72000122070312,247.0,234.00999450683594,236.67999267578125,148549900,TSLA,0.04506946504203557,237.65143040248327,2023,11
2023-11-29,244.13999938964844,252.75,242.75999450683594,249.2100067138672,135401300,TSLA,-0.010457205813430348,239.05714416503906,2023,11
2023-11-30,240.0800018310547,245.22000122070312,236.91000366210938,245.13999938964844,132353200,TSLA,-0.016629792613843564,239.6971435546875,2023,11
2023-12-01,238.8300018310547,240.19000244140625,231.89999389648438,233.13999938964844,121331700,TSLA,-0.005206597761023168,239.35857282366072,2023,12
2023-12-04,235.5800018310547,239.3699951171875,233.2899932861328,235.75,104099800,TSLA,-0.01360800559009756,239.55428641183036,2023,12
2023-12-05,238.72000122070312,246.66000366210938,233.6999969482422,233.8699951171875,137971100,TSLA,0.013328802806870987,240.02142987932478,2023,12
2023-12-06,239.3699951171875,246.57000732421875,239.1699981689453,242.9199981689453,126436200,TSLA,0.002722829646282676,240.4914289202009,2023,12
2023-12-07,242.63999938964844,244.0800018310547,236.97999572753906,241.5500030517578,107142300,TSLA,0.01366087788429815,239.90857151576452,2023,12
2023-12-08,243.83999633789062,245.27000427246094,239.27000427246094,240.27000427246094,103126800,TSLA,0.0049455858525417895,239.86571393694197,2023,12
2023-12-11,239.74000549316406,243.44000244140625,237.4499969482422,242.74000549316406,97913900,TSLA,-0.01681426716823431,239.817143031529,2023,12
2023-12-12,237.00999450683594,238.99000549316406,233.8699951171875,238.5500030517578,95328300,TSLA,-0.011387381846063915,239.55714198521204,2023,12
2023-12-13,239.2899932861328,240.3000030517578,228.1999969482422,234.19000244140625,146286300,TSLA,0.009619842336358264,240.08714076450892,2023,12
2023-12-14,251.0500030517578,253.8800048828125,240.7899932861328,241.22000122070312,160829200,TSLA,0.04914543063053567,241.84856959751673,2023,12
2023-12-15,253.5,254.1300048828125,248.3000030517578,251.2100067138672,135932800,TSLA,0.009758999874367902,243.8671417236328,2023,12
2023-12-18,252.0800018310547,258.739990234375,251.36000061035156,253.77999877929688,116416500,TSLA,-0.005601570686174839,245.21571350097656,2023,12
2023-12-19,257.2200012207031,258.3399963378906,253.00999450683594,253.47999572753906,106737400,TSLA,0.0203903496997484,247.12714276994978,2023,12
2023-12-20,247.13999938964844,259.8399963378906,247.0,256.4100036621094,125097000,TSLA,-0.03918825045959673,248.18428475516183,2023,12
2023-12-21,254.5,254.8000030517578,248.5500030517578,251.89999389648438,109594200,TSLA,0.029780693649462897,250.682856968471,2023,12
2023-12-22,252.5399932861328,258.2200012207031,251.3699951171875,256.760009765625,93370100,TSLA,-0.007701401626197146,252.57571411132812,2023,12
2023-12-26,256.6099853515625,257.9700012207031,252.91000366210938,254.49000549316406,86892400,TSLA,0.01611622781987765,253.36999729701452,2023,12
2023-12-27,261.44000244140625,263.3399963378906,257.5199890136719,258.3500061035156,106494400,TSLA,0.018822405072142834,254.50428336007255,2023,12
2023-12-28,253.17999267578125,265.1300048828125,252.7100067138672,263.6600036621094,113619900,TSLA,-0.03159428430420175,254.6614249093192,2023,12
2023-12-29,248.47999572753906,255.19000244140625,247.42999267578125,255.10000610351562,100891600,TSLA,-0.018563856087399966,253.41285269601005,2023,12
2024-01-02,248.4199981689453,251.25,244.41000366210938,250.0800018310547,104654200,TSLA,-0.0002414583049958896,253.59570966448103,2024,1
2024-01-03,238.4499969482422,245.67999267578125,236.32000732421875,244.97999572753906,121082600,TSLA,-0.04013364984377277,251.3028520856585,2024,1
2024-01-04,237.92999267578125,242.6999969482422,237.72999572753906,239.25,102629300,TSLA,-0.0021807686270334248,249.21570914132255,2024,1
2024-01-05,237.49000549316406,240.1199951171875,234.89999389648438,236.86000061035156,92488900,TSLA,-0.001849229589212631,246.48428344726562,2024,1
2024-01-08,240.4499969482422,241.25,235.3000030517578,236.13999938964844,85166600,TSLA,0.012463646412957496,243.48571123395647,2024,1
2024-01-09,234.9600067138672,238.9600067138672,232.0399932861328,238.11000061035156,96705700,TSLA,-0.02283214932024613,240.88285609654017,2024,1
2024-01-10,233.94000244140625,235.5,231.2899932861328,235.10000610351562,91628500,TSLA,-0.004341182513256769,238.8057141985212,2024,1
2024-01-11,227.22000122070312,230.92999267578125,225.3699951171875,230.57000732421875,105873600,TSLA,-0.028725319101363445,235.77714320591517,2024,1
2024-01-12,218.88999938964844,225.33999633789062,217.14999389648438,220.0800018310547,123043800,TSLA,-0.036660513098772496,232.98285784040178,2024,1
2024-01-16,219.91000366210938,223.49000549316406,212.17999267578125,215.10000610351562,115355000,TSLA,0.004659894354722027,230.4085736955915,2024,1
2024-01-17,215.5500030517578,215.6699981689453,212.00999450683594,214.86000061035156,103164400,TSLA,-0.019826295019533036,227.2742876325335,2024,1
2024-01-18,211.8800048828125,217.4499969482422,208.74000549316406,216.8800048828125,108595400,TSLA,-0.017026203279914,223.19286019461495,2024,1
2024-01-19,212.19000244140625,213.19000244140625,207.55999755859375,209.99000549316406,102260300,TSLA,0.0014630807600990448,219.94000244140625,2024,1
2024-01-22,208.8000030517578,217.8000030517578,206.27000427246094,212.25999450683594,117952500,TSLA,-0.015976244642273096,216.34857395717077,2024,1
2024-01-23,209.13999938964844,215.64999389648438,207.75,211.3000030517578,106605900,TSLA,0.0016283349277841364,213.76571655273438,2024,1
2024-01-24,207.8300018310547,212.72999572753906,206.77000427246094,211.8800048828125,123369900,TSLA,-0.006263735117226887,212.1857169015067,2024,1
2024-01-25,182.6300048828125,193.0,180.05999755859375,189.6999969482422,198076800,TSLA,-0.12125293136804816,206.86000279017858,2024,1
2024-01-26,183.25,186.77999877929688,182.10000610351562,185.5,107343200,TSLA,0.0033948152034783963,202.24571663992745,2024,1
2024-01-29,190.92999267578125,191.47999572753906,183.6699981689453,185.6300048828125,125013100,TSLA,0.04190991910385411,199.2528577532087,2024,1
2024-01-30,191.58999633789062,196.36000061035156,190.61000061035156,195.3300018310547,109982300,TSLA,0.0034567835721344142,196.30999973842077,2024,1
2024-01-31,187.2899932861328,193.97000122070312,185.85000610351562,187.0,103221400,TSLA,-0.02244377647032403,193.23714120047433,2024,1
2024-02-01,188.86000061035156,189.8800048828125,184.27999877929688,188.5,91843300,TSLA,0.008382761388752824,190.33999851771765,2024,2
2024-02-02,187.91000366210938,188.69000244140625,182.0,185.0399932861328,110612700,TSLA,-0.0050301649114266045,187.4942844935826,2024,2
2024-02-05,181.05999755859375,184.67999267578125,175.00999450683594,184.25999450683594,134294400,TSLA,-0.03645365318513305,187.2699977329799,2024,2
2024-02-06,185.10000610351562,186.49000549316406,177.11000061035156,177.2100067138672,122676000,TSLA,0.0223130928940527,187.53428431919642,2024,2
2024-02-07,187.5800018310547,189.7899932861328,182.67999267578125,188.17999267578125,111535200,TSLA,0.01339813963135228,187.0557141985212,2024,2
2024-02-08,189.55999755859375,191.6199951171875,185.5800018310547,189.0,83034000,TSLA,0.010555473441792307,186.76571437290735,2024,2
2024-02-09,193.57000732421875,194.1199951171875,189.47999572753906,190.17999267578125,84476300,TSLA,0.021154303741671487,187.66285923549108,2024,2
2024-02-12,188.1300048828125,194.72999572753906,187.27999877929688,192.11000061035156,95498600,TSLA,-0.028103539988478476,187.55857413155692,2024,2
2024-02-13,184.02000427246094,187.25999450683594,182.11000061035156,183.99000549316406,86759500,TSLA,-0.021846598116614713,187.00285993303572,2024,2
2024-02-14,188.7100067138672,188.88999938964844,183.35000610351562,185.3000030517578,81203000,TSLA,0.025486372853585015,188.09571838378906,2024,2
2024-02-15,200.4499969482422,200.8800048828125,188.86000061035156,189.16000366210938,120831800,TSLA,0.06221180550417671,190.28857421875,2024,2
2024-02-16,199.9499969482422,203.1699981689453,197.39999389648438,202.05999755859375,111346700,TSLA,-0.0024943876658132247,192.05571637834822,2024,2
2024-02-20,193.75999450683594,198.60000610351562,189.1300048828125,196.1300048828125,104545800,TSLA,-0.030957752117438453,192.6557159423828,2024,2
2024-02-21,194.77000427246094,199.44000244140625,191.9499969482422,193.36000061035156,103500300,TSLA,0.00521268473502845,192.827144077846,2024,2
2024-02-22,197.41000366210938,198.32000732421875,191.36000061035156,194.0,92739500,TSLA,0.013554445406056326,194.1528581891741,2024,2
2024-02-23,191.97000122070312,197.57000732421875,191.5,195.30999755859375,78841900,TSLA,-0.027556873210526134,195.28857203892298,2024,2
2024-02-26,199.39999389648438,201.77999877929688,192.0,192.2899932861328,111747100,TSLA,0.03870392576202142,196.81571306501115,2024,2
2024-02-27,199.72999572753906,205.60000610351562,198.25999450683594,204.0399932861328,108645400,TSLA,0.0016549741281637331,196.71285574776786,2024,2
2024-02-28,202.0399932861328,205.3000030517578,198.44000244140625,200.4199981689453,99806200,TSLA,0.01156560160219966,197.0114266531808,2024,2
2024-02-29,201.8800048828125,205.27999877929688,198.4499969482422,204.17999267578125,85907000,TSLA,-0.0007918650199801869,198.17142813546317,2024,2
2024-03-01,202.63999938964844,204.52000427246094,198.5,200.52000427246094,82243100,TSLA,0.003764585340074067,199.29571315220423,2024,3
2024-03-04,188.13999938964844,199.75,186.72000122070312,198.72999572753906,134334900,TSLA,-0.07155546804023882,197.97142682756697,2024,3
2024-03-05,180.74000549316406,184.58999633789062,177.57000732421875,183.0500030517578,119660800,TSLA,-0.03933237971984138,196.3671417236328,2024,3
2024-03-06,176.5399932861328,181.5800018310547,173.6999969482422,179.99000549316406,107920900,TSLA,-0.02323786698783792,193.10142735072546,2024,3
2024-03-07,178.64999389648438,180.0399932861328,173.6999969482422,174.35000610351562,102129000,TSLA,0.011951969472048907,190.08999851771765,2024,3
2024-03-08,175.33999633789062,182.72999572753906,174.6999969482422,181.5,85544600,TSLA,-0.018527834714126334,186.27571323939733,2024,3
2024-03-11,177.77000427246094,182.8699951171875,174.8000030517578,175.4499969482422,85391500,TSLA,0.013858834181150304,182.83142743791853,2024,3
2024-03-12,177.5399932861328,179.42999267578125,172.41000366210938,177.77000427246094,87391700,TSLA,-0.0012938683737420131,179.24571228027344,2024,3
2024-03-13,169.47999572753906,176.0500030517578,169.14999389648438,173.0500030517578,106524500,TSLA,-0.04539820808488959,176.57999747140067,2024,3
2024-03-14,162.5,171.1699981689453,160.50999450683594,167.77000427246094,126325700,TSLA,-0.04118477639544138,173.97428240094865,2024,3
2024-03-15,163.57000732421875,165.17999267578125,160.75999450683594,163.16000366210938,97146800,TSLA,0.006584660456730784,172.12142726353235,2024,3
2024-03-18,173.8000030517578,174.72000122070312,165.89999389648438,170.02000427246094,108214400,TSLA,0.06254200201423088,171.42857142857142,2024,3
2024-03-19,171.32000732421875,172.82000732421875,167.4199981689453,172.36000061035156,77271400,TSLA,-0.014269250195585559,170.85428728376115,2024,3
2024-03-20,175.66000366210938,176.25,170.82000732421875,173.0,83846700,TSLA,0.025332688257929448,170.55285862513952,2024,3
2024-03-21,172.82000732421875,178.17999267578125,171.8000030517578,176.38999938964844,73178000,TSLA,-0.016167575308454918,169.87857491629464,2024,3
2024-03-22,170.8300018310547,171.1999969482422,166.3000030517578,166.69000244140625,75580600,TSLA,-0.01151490226146512,170.0714329310826,2024,3
2024-03-25,172.6300048828125,175.24000549316406,168.72999572753906,168.75999450683594,74228600,TSLA,0.010536808713131895,171.5185764857701,2024,3
2024-03-26,177.6699981689453,184.25,177.3800048828125,178.5800018310547,113186200,TSLA,0.029195349264770964,173.5328608921596,2024,3
2024-03-27,179.8300018310547,181.91000366210938,176.0,181.41000366210938,81804000,TSLA,0.012157391142962881,174.39428928920202,2024,3
2024-03-28,175.7899932861328,179.57000732421875,175.3000030517578,177.4499969482422,77654800,TSLA,-0.022465709302040393,175.0328587123326,2024,3
2024-04-01,175.22000122070312,176.75,170.2100067138672,176.1699981689453,81562100,TSLA,-0.003242460249155976,174.97000122070312,2024,4
2024-04-02,166.6300048828125,167.69000244140625,163.42999267578125,164.75,116650600,TSLA,-0.049024062767074494,174.0857151576451,2024,4
2024-04-03,168.3800048828125,168.82000732421875,163.27999877929688,164.02000427246094,82950100,TSLA,0.01050231020055925,173.73571559361048,2024,4
2024-04-04,171.11000061035156,177.19000244140625,168.00999450683594,170.07000732421875,123162000,TSLA,0.016213301154368365,173.51857212611608,2024,4
2024-04-05,164.89999389648438,170.86000061035156,160.50999450683594,169.0800018310547,143157600,TSLA,-0.036292482565110196,171.6942858014788,2024,4
2024-04-08,172.97999572753906,174.5,167.7899932861328,169.33999633789062,104423300,TSLA,0.04899940648952894,170.71571350097656,2024,4
2024-04-09,176.8800048828125,179.22000122070312,171.9199981689453,172.91000366210938,102951700,TSLA,0.02254601255405486,170.87142944335938,2024,4
2024-04-10,171.75999450683594,174.92999267578125,170.00999450683594,173.0399932861328,84532400,TSLA,-0.028946236061948905,170.37714276994978,2024,4
2024-04-11,174.60000610351562,175.8800048828125,168.50999450683594,172.5500030517578,94516000,TSLA,0.01653476762638495,171.51571437290735,2024,4
2024-04-12,171.0500030517578,173.80999755859375,170.36000061035156,172.33999633789062,64722700,TSLA,-0.020332204625772565,171.8971426827567,2024,4
2024-04-15,161.47999572753906,170.69000244140625,161.3800048828125,170.24000549316406,100245300,TSLA,-0.05594859487563397,170.52142769949776,2024,4
2024-04-16,157.11000061035156,158.19000244140625,153.75,156.74000549316406,97000000,TSLA,-0.027062145360474688,169.40857151576452,2024,4
2024-04-17,155.4499969482422,158.3300018310547,153.77999877929688,157.63999938964844,82439700,TSLA,-0.010565868854054306,166.90428597586495,2024,4
2024-04-18,149.92999267578125,152.1999969482422,148.6999969482422,151.25,96098800,TSLA,-0.03550983840996058,163.05428423200334,2024,4
2024-04-19,147.0500030517578,150.94000244140625,146.22000122070312,148.97000122070312,87074500,TSLA,-0.0192088959161848,159.52428545270647,2024,4
2024-04-22,142.0500030517578,144.44000244140625,138.8000030517578,140.55999755859375,107097600,TSLA,-0.03400203941675628,154.87428501674108,2024,4
2024-04-23,144.67999267578125,147.25999450683594,141.11000061035156,143.3300018310547,124545100,TSLA,0.018514534090260826,151.10714067731584,2024,4
2024-04-24,162.1300048828125,167.97000122070312,157.50999450683594,162.83999633789062,181178000,TSLA,0.12061109407252757,151.1999991280692,2024,4
2024-04-25,170.17999267578125,170.8800048828125,158.36000061035156,158.9600067138672,126427500,TSLA,0.04965143743002587,153.06714085170202,2024,4
2024-04-26,168.2899932861328,172.1199951171875,166.3699951171875,168.85000610351562,109815700,TSLA,-0.011105884774887609,154.90142604282923,2024,4
2024-04-29,194.0500030517578,198.8699951171875,184.5399932861328,188.4199981689453,243869700,TSLA,0.1530691710339953,161.20428466796875,2024,4
2024-04-30,183.27999877929688,190.9499969482422,182.83999633789062,186.97999572753906,127031800,TSLA,-0.05550118063944742,166.37999834333147,2024,4
2024-05-01,179.99000549316406,185.86000061035156,179.00999450683594,182.0,92829700,TSLA,-0.017950640048260635,171.7999986921038,2024,5
2024-05-02,180.00999450683594,184.60000610351562,176.02000427246094,182.86000061035156,89148000,TSLA,0.0001110562423569661,176.8471418108259,2024,5
2024-05-03,181.19000244140625,184.77999877929688,178.4199981689453,182.10000610351562,75491500,TSLA,0.006555235656792835,179.56999860491072,2024,5
2024-05-06,184.75999450683594,187.55999755859375,182.1999969482422,183.8000030517578,84390300,TSLA,0.019703030064167848,181.6528560093471,2024,5
2024-05-07,177.80999755859375,183.25999450683594,177.39999389648438,182.39999389648438,75045900,TSLA,-0.03761635178001177,183.01285661969865,2024,5
2024-05-08,174.72000122070312,176.05999755859375,170.14999389648438,171.58999633789062,79969500,TSLA,-0.017378079862311324,180.25142778669084,2024,5
2024-05-09,171.97000122070312,175.6199951171875,171.3699951171875,175.00999450683594,65950300,TSLA,-0.01573946875450305,178.6357138497489,2024,5
2024-05-10,168.47000122070312,173.05999755859375,167.75,173.0500030517578,72627200,TSLA,-0.02035238689978358,176.98999895368303,2024,5
2024-05-13,171.88999938964844,175.39999389648438,169.0,170.0,67018900,TSLA,0.020300339194899042,175.82999965122767,2024,5
2024-05-14,177.5500030517578,179.49000549316406,174.07000732421875,174.5,86407400,TSLA,0.03292805679333921,175.30999973842077,2024,5
2024-05-15,173.99000549316406,180.0,173.11000061035156,179.89999389648438,79663000,TSLA,-0.02005067585133169,173.77142987932478,2024,5
2024-05-16,174.83999633789062,175.7899932861328,171.42999267578125,174.10000610351562,59812200,TSLA,0.004885285464054867,173.3471439906529,2024,5
2024-05-17,177.4600067138672,179.6300048828125,172.75,173.5500030517578,77445800,TSLA,0.014985188920464187,173.7385733468192,2024,5
2024-05-20,174.9499969482422,177.75,173.52000427246094,177.55999755859375,61727400,TSLA,-0.014144086952910362,174.16428702218192,2024,5
2024-05-21,186.60000610351562,186.8800048828125,174.7100067138672,175.50999450683594,115266500,TSLA,0.06659050790792542,176.75428771972656,2024,5
2024-05-22,180.11000061035156,183.8000030517578,178.1199951171875,182.85000610351562,88313500,TSLA,-0.03478030697150003,177.92857360839844,2024,5
2024-05-23,173.74000549316406,181.89999389648438,173.25999450683594,181.8000030517578,71975500,TSLA,-0.03536724832380789,177.38428824288505,2024,5
2024-05-24,179.24000549316406,180.0800018310547,173.72999572753906,174.83999633789062,65584500,TSLA,0.03165649721483632,178.13428824288505,2024,5
2024-05-28,176.75,178.25,173.16000366210938,176.39999389648438,59736600,TSLA,-0.01389201861667555,178.40714590890067,2024,5
2024-05-29,176.19000244140625,178.14999389648438,173.92999267578125,174.19000244140625,54782600,TSLA,-0.0031683030189180172,178.22571672712053,2024,5
2024-05-30,178.7899932861328,182.6699981689453,175.3800048828125,178.5800018310547,77618400,TSLA,0.014756744473008343,178.7742876325335,2024,5
2024-05-31,178.0800018310547,180.32000732421875,173.82000732421875,178.5,67314600,TSLA,-0.003971091681523098,177.55714416503906,2024,5
2024-06-03,176.2899932861328,182.63999938964844,174.49000549316406,178.1300048828125,68568900,TSLA,-0.0100517100545634,177.0114288330078,2024,6
2024-06-04,174.77000427246094,177.75999450683594,174.0,174.77999877929688,60056300,TSLA,-0.008622094682395387,177.15857151576452,2024,6
2024-06-05,175.0,176.14999389648438,172.1300048828125,175.35000610351562,57953800,TSLA,0.0013159908560766986,176.5528564453125,2024,6
2024-06-06,177.94000244140625,179.72999572753906,172.72999572753906,174.60000610351562,69887000,TSLA,0.01680001395089281,176.72285679408483,2024,6
2024-06-07,177.47999572753906,179.35000610351562,175.5800018310547,176.1300048828125,56244900,TSLA,-0.0025851787543875737,176.90714154924666,2024,6
2024-06-10,173.7899932861328,178.57000732421875,173.1699981689453,176.05999755859375,50774600,TSLA,-0.020791089307163446,176.19285583496094,2024,6
2024-06-11,170.66000366210938,174.75,167.41000366210938,173.9199981689453,64761900,TSLA,-0.018010183238054034,175.13285609654017,2024,6
2024-06-12,177.2899932861328,180.5500030517578,169.8000030517578,171.1199951171875,90389400,TSLA,0.03884911216309472,175.27571323939733,2024,6
2024-06-13,182.47000122070312,191.0800018310547,181.22999572753906,188.38999938964844,118984100,TSLA,0.029217711832219218,176.37571280343192,2024,6
2024-06-14,178.00999450683594,186.0,176.9199981689453,185.8000030517578,82038200,TSLA,-0.024442410719736185,176.8057120186942,2024,6
2024-06-17,187.44000244140625,188.80999755859375,177.0,177.9199981689453,109786100,TSLA,0.052974598199923895,178.16285487583704,2024,6
2024-06-18,184.86000061035156,187.1999969482422,182.3699951171875,186.55999755859375,68982300,TSLA,-0.013764414198944475,179.2171412876674,2024,6
2024-06-20,181.57000732421875,185.2100067138672,179.66000366210938,184.67999267578125,55893100,TSLA,-0.017797215597047833,180.32857186453683,2024,6
2024-06-21,183.00999450683594,183.9499969482422,180.69000244140625,182.3000030517578,61937300,TSLA,0.00793075466503601,182.09285627092635,2024,6
2024-06-24,182.5800018310547,188.8000030517578,182.5500030517578,184.97000122070312,61992100,TSLA,-0.0023495584322592578,182.84857177734375,2024,6
2024-06-25,187.35000610351562,187.97000122070312,182.00999450683594,184.39999389648438,62905700,TSLA,0.026125557150967316,183.54571533203125,2024,6
2024-06-26,196.3699951171875,197.75999450683594,186.36000061035156,186.5399932861328,95737100,TSLA,0.04814512260377568,186.16857256208147,2024,6
2024-06-27,197.4199981689453,198.72000122070312,194.0500030517578,195.1699981689453,72746500,TSLA,0.0053470646120412635,187.5942862374442,2024,6
2024-06-28,197.8800048828125,203.1999969482422,195.25999450683594,199.5500030517578,95438100,TSLA,0.002330091774560339,189.45428684779577,2024,6
2024-07-01,209.86000061035156,213.22999572753906,200.85000610351562,201.02000427246094,135691400,TSLA,0.060541719385108106,193.49571446010046,2024,7
2024-07-02,231.25999450683594,231.3000030517578,218.05999755859375,218.88999938964844,205047900,TSLA,0.10197271435359379,200.3885716029576,2024,7
2024-07-03,246.38999938964844,248.35000610351562,234.25,234.55999755859375,166561500,TSLA,0.06542422054051067,209.50428553989954,2024,7
2024-07-05,251.52000427246094,252.3699951171875,242.4600067138672,249.80999755859375,154501200,TSLA,0.02082067005771515,218.67142813546317,2024,7
2024-07-08,252.94000244140625,259.44000244140625,244.57000732421875,247.7100067138672,157219600,TSLA,0.005645666924397386,226.7528577532087,2024,7
2024-07-09,262.3299865722656,265.6099853515625,250.3000030517578,251.0,160210900,TSLA,0.03712336538398886,236.02571323939733,2024,7
2024-07-10,263.260009765625,267.5899963378906,257.8599853515625,262.79998779296875,128519400,TSLA,0.003545241645880992,245.36571393694197,2024,7
2024-07-11,241.02999877929688,271.0,239.64999389648438,263.29998779296875,221707300,TSLA,-0.08444127539962887,249.81857081821985,2024,7
2024-07-12,248.22999572753906,251.83999633789062,233.08999633789062,235.8000030517578,155955800,TSLA,0.029871787680814776,252.24285670689173,2024,7
2024-07-15,252.63999938964844,265.6000061035156,251.72999572753906,255.97000122070312,146912900,TSLA,0.01776579679334911,253.1357138497489,2024,7
2024-07-16,256.55999755859375,258.6199951171875,245.8000030517578,255.30999755859375,126332500,TSLA,0.015516142251486675,253.855712890625,2024,7
2024-07-17,248.5,258.4700012207031,246.17999267578125,252.72999572753906,115584800,TSLA,-0.031415644041518975,253.22142682756697,2024,7
2024-07-18,249.22999572753906,257.1400146484375,247.1999969482422,251.08999633789062,110869000,TSLA,0.002937608561525362,251.3499995640346,2024,7
2024-07-19,239.1999969482422,249.44000244140625,236.8300018310547,247.7899932861328,87403900,TSLA,-0.040243947162209914,247.91285487583704,2024,7
2024-07-22,251.50999450683594,253.2100067138672,243.75,244.2100067138672,101225400,TSLA,0.05146320115237035,249.40999712262834,2024,7
2024-07-23,246.3800048828125,255.75999450683594,245.6300048828125,253.60000610351562,111928200,TSLA,-0.020396762498772203,249.14571271623885,2024,7
2024-07-24,215.99000549316406,225.99000549316406,214.7100067138672,225.4199981689453,167942900,TSLA,-0.12334604589403697,243.90999930245536,2024,7
2024-07-25,220.25,226.0,216.22999572753906,216.8000030517578,100636500,TSLA,0.01972310939623889,238.72285679408483,2024,7
2024-07-26,219.8000030517578,222.27999877929688,215.3300018310547,221.19000244140625,94604100,TSLA,-0.0020431189477511102,234.62285723005022,2024,7
2024-07-29,232.10000610351562,234.27000427246094,224.6999969482422,224.89999389648438,129201800,TSLA,0.055959976710561854,232.17571585518974,2024,7
2024-07-30,222.6199951171875,232.41000366210938,220.0,232.25,100560300,TSLA,-0.04084450985365373,229.80714416503906,2024,7
2024-07-31,232.07000732421875,234.67999267578125,226.7899932861328,227.89999389648438,67497000,TSLA,0.04244907202543402,227.0300031389509,2024,7
2024-08-01,216.86000061035156,231.8699951171875,214.3300018310547,227.69000244140625,83861900,TSLA,-0.06554059651757449,222.81285967145647,2024,8
2024-08-02,207.6699981689453,216.1300048828125,205.77999877929688,214.8800048828125,82880100,TSLA,-0.042377581921705376,221.62428719656808,2024,8
2024-08-05,198.8800048828125,203.8800048828125,182.0,185.22000122070312,100308800,TSLA,-0.04232673647438423,218.57143075125558,2024,8
2024-08-06,200.63999938964844,202.89999389648438,192.6699981689453,200.75,73783900,TSLA,0.008849529684359148,215.83428737095423,2024,8
2024-08-07,191.75999450683594,203.49000549316406,191.47999572753906,200.77000427246094,71159800,TSLA,-0.044258397676563366,210.07142857142858,2024,8
2024-08-08,198.83999633789062,200.6999969482422,192.0399932861328,195.6999969482422,65033900,TSLA,0.036921162045623124,206.67428588867188,2024,8
2024-08-09,200.0,200.8800048828125,195.11000061035156,197.0500030517578,58648300,TSLA,0.005833854775063374,202.09285627092635,2024,8
2024-08-12,197.49000549316406,199.25999450683594,194.6699981689453,199.02000427246094,64044900,TSLA,-0.012549972534179665,199.32571411132812,2024,8
2024-08-13,207.8300018310547,208.49000549316406,197.05999755859375,198.47000122070312,76247400,TSLA,0.05235706137163754,199.34857177734375,2024,8
2024-08-14,201.3800048828125,208.44000244140625,198.75,207.38999938964844,70250000,TSLA,-0.0310349655555765,199.7057146344866,2024,8
2024-08-15,214.13999938964844,215.8800048828125,204.82000732421875,205.02000427246094,89848500,TSLA,0.06336276788880446,201.63428606305803,2024,8
2024-08-16,216.1199951171875,219.8000030517578,210.8000030517578,211.14999389648438,88765100,TSLA,0.009246267550119258,205.1142861502511,2024,8
2024-08-19,222.72000122070312,222.97999572753906,214.08999633789062,217.07000732421875,76435200,TSLA,0.030538618603692225,208.52571541922433,2024,8
2024-08-20,221.10000610351562,228.22000122070312,219.55999755859375,224.8800048828125,74001200,TSLA,-0.007273684933137958,211.54000200544084,2024,8
2024-08-21,223.27000427246094,224.66000366210938,218.86000061035156,222.6699981689453,70146000,TSLA,0.009814554993405888,215.22285897391183,2024,8
2024-08-22,210.66000366210938,224.8000030517578,210.32000732421875,223.82000732421875,79514500,TSLA,-0.056478704568676985,215.62714494977678,2024,8
2024-08-23,220.32000732421875,221.47999572753906,214.2100067138672,214.4600067138672,81525200,TSLA,0.04585589810206048,218.3328595842634,2024,8
2024-08-26,213.2100067138672,219.08999633789062,211.00999450683594,218.75,59301200,TSLA,-0.0322712435275504,218.20000348772322,2024,8
2024-08-27,209.2100067138672,215.66000366210938,206.94000244140625,213.25,62821400,TSLA,-0.018760845523390857,217.2128622872489,2024,8
2024-08-28,205.75,211.83999633789062,202.58999633789062,209.72000122070312,64116400,TSLA,-0.01653843794670573,214.78857639857702,2024,8
2024-08-29,206.27999877929688,214.88999938964844,205.97000122070312,209.8000030517578,62308800,TSLA,0.002575935743848623,212.6714324951172,2024,8
2024-08-30,214.11000061035156,214.57000732421875,207.02999877929688,208.6300048828125,63370600,TSLA,0.03795812428442069,211.36286054338728,2024,8
2024-09-03,210.60000610351562,219.89999389648438,209.63999938964844,215.25999450683594,76714200,TSLA,-0.016393416920415627,211.35428946358817,2024,9
2024-09-04,219.41000366210938,222.22000122070312,210.57000732421875,210.58999633789062,80651800,TSLA,0.04183284569452206,211.2242889404297,2024,9
2024-09-05,230.1699981689453,235.0,222.25,223.49000549316406,119355000,TSLA,0.04904058305110959,213.6471448625837,2024,9
2024-09-06,210.72999572753906,233.60000610351562,210.50999450683594,232.60000610351562,112177000,TSLA,-0.0844593239607937,213.8642861502511,2024,9
2024-09-09,216.27000427246094,219.8699951171875,213.6699981689453,216.1999969482422,67443500,TSLA,0.026289605928169646,215.36714390345983,2024,9
2024-09-10,226.1699981689453,226.39999389648438,218.63999938964844,220.07000732421875,78891100,TSLA,0.04577608406578748,218.2085723876953,2024,9
2024-09-11,228.1300048828125,228.47000122070312,216.8000030517578,224.5500030517578,83548600,TSLA,0.008666077418469476,220.211430140904,2024,9
2024-09-12,229.80999755859375,231.4499969482422,223.8300018310547,224.66000366210938,71894900,TSLA,0.007364189890953776,222.9557146344866,2024,9
2024-09-13,230.2899932861328,232.6699981689453,226.32000732421875,228.0,59515100,TSLA,0.0020886633855721204,224.50999886648995,2024,9
2024-09-16,226.77999877929688,229.9600067138672,223.52999877929688,229.3000030517578,54323000,TSLA,-0.015241628421408637,224.02571323939733,2024,9
2024-09-17,227.8699951171875,234.57000732421875,226.5500030517578,229.4499969482422,66761600,TSLA,0.004806404196833203,226.47428458077567,2024,9
2024-09-18,227.1999969482422,235.67999267578125,226.8800048828125,230.08999633789062,78010200,TSLA,-0.0029402649901351108,228.03571210588728,2024,9
2024-09-19,243.9199981689453,244.24000549316406,232.1300048828125,234.0,102694600,TSLA,0.07359155565707187,230.57142639160156,2024,9
2024-09-20,238.25,243.99000549316406,235.9199981689453,241.52000427246094,99879100,TSLA,-0.02324531900421767,232.0171399797712,2024,9
2024-09-23,250.0,250.0,241.9199981689453,242.61000061035156,86927200,TSLA,0.04931794333683115,234.90142604282923,2024,9
2024-09-24,254.27000427246094,257.19000244140625,249.0500030517578,254.0800018310547,88491000,TSLA,0.017080017089843746,238.32714189801897,2024,9
2024-09-25,257.0199890136719,257.04998779296875,252.27999877929688,252.5399932861328,65034300,TSLA,0.010815214909361437,242.6471405029297,2024,9
2024-09-26,254.22000122070312,261.75,251.52999877929688,260.6000061035156,67142200,TSLA,-0.01089404681602335,246.4114270891462,2024,9
2024-09-27,260.4599914550781,260.70001220703125,254.1199951171875,257.3800048828125,70988100,TSLA,0.024545630573566513,251.16285487583704,2024,9
2024-09-30,261.6300048828125,264.8599853515625,255.77000427246094,259.0400085449219,80705700,TSLA,0.004492104223754234,253.69285583496094,2024,9
2024-10-01,258.0199890136719,263.9800109863281,248.52999877929688,262.6700134277344,87397600,TSLA,-0.013798172234708361,256.51713997977123,2024,10
2024-10-02,249.02000427246094,251.16000366210938,241.5,247.5500030517578,93983900,TSLA,-0.03488095932262847,256.3771405901228,2024,10
2024-10-03,240.66000366210938,249.7899932861328,237.80999755859375,244.47999572753906,80729200,TSLA,-0.03357160254966751,254.43285478864397,2024,10
2024-10-04,250.0800018310547,250.9600067138672,244.5800018310547,246.69000244140625,86573200,TSLA,0.03914235030998814,253.4414280482701,2024,10
2024-10-07,240.8300018310547,249.8300018310547,240.6999969482422,249.0,68113300,TSLA,-0.03698816351676526,251.52857099260603,2024,10
2024-10-08,244.5,246.2100067138672,240.55999755859375,243.55999755859375,56303200,TSLA,0.015238957526229946,249.24857221330916,2024,10
2024-10-09,241.0500030517578,247.42999267578125,239.50999450683594,243.82000732421875,66289500,TSLA,-0.014110416966225725,246.3085719517299,2024,10
2024-10-10,238.77000427246094,242.7899932861328,232.33999633789062,241.80999755859375,83087100,TSLA,-0.009458613360014412,243.55857413155692,2024,10
2024-10-11,217.8000030517578,223.33999633789062,214.3800048828125,220.1300048828125,142628900,TSLA,-0.08782510719719305,239.09857395717077,2024,10
2024-10-14,219.16000366210938,221.91000366210938,213.74000549316406,220.1300048828125,86291900,TSLA,0.00624426350457119,236.0271453857422,2024,10
2024-10-15,219.57000732421875,224.25999450683594,217.1199951171875,220.00999450683594,62988800,TSLA,0.0018707960177875016,231.6685747419085,2024,10
2024-10-16,221.3300018310547,222.82000732421875,218.92999267578125,221.39999389648438,49632800,TSLA,0.008015641700267029,228.8828604561942,2024,10
2024-10-17,220.88999938964844,222.0800018310547,217.89999389648438,221.58999633789062,50791800,TSLA,-0.001987992760882462,225.51000322614397,2024,10
2024-10-18,220.6999969482422,222.27999877929688,219.22999572753906,220.7100067138672,49611900,TSLA,-0.0008601676940163117,222.6028594970703,2024,10
2024-10-21,218.85000610351562,220.47999572753906,215.72999572753906,218.89999389648438,47329000,TSLA,-0.008382378207102636,219.75714547293526,2024,10
2024-10-22,217.97000122070312,218.22000122070312,215.25999450683594,217.30999755859375,43268700,TSLA,-0.004021041161846095,219.78143092564173,2024,10
2024-10-23,213.64999389648438,218.72000122070312,212.11000061035156,217.1300048828125,80938900,TSLA,-0.019819274670942355,218.9942866734096,2024,10
2024-10-24,260.4800109863281,262.1199951171875,242.64999389648438,244.67999267578125,204491900,TSLA,0.21919035070290427,224.8385729108538,2024,10
2024-10-25,269.19000244140625,269.489990234375,255.32000732421875,256.010009765625,161611900,TSLA,0.03343823359841336,231.67571585518974,2024,10
2024-10-28,262.510009765625,273.5400085449219,262.239990234375,270.0,107653600,TSLA,-0.024815158866218545,237.6214316231864,2024,10
2024-10-29,259.5199890136719,264.9800109863281,255.50999450683594,264.510009765625,80521800,TSLA,-0.01139012091242797,243.16714477539062,2024,10
2024-10-30,257.54998779296875,263.3500061035156,255.82000732421875,258.0400085449219,53993600,TSLA,-0.007590942139718337,248.69571358816964,2024,10
2024-10-31,249.85000610351562,259.75,249.25,257.989990234375,66575300,TSLA,-0.029897037679701755,253.25,2024,10
2024-11-01,248.97999572753906,254.0,246.6300048828125,252.0399932861328,57544800,TSLA,-0.003482130697311625,258.2971431187221,2024,11
2024-11-04,242.83999633789062,248.89999389648438,238.8800048828125,244.55999755859375,68802400,TSLA,-0.024660613282231236,255.77714102608817,2024,11
2024-11-05,251.44000244140625,255.27999877929688,246.2100067138672,247.33999633789062,69282500,TSLA,0.03541429020427711,253.2414267403739,2024,11
2024-11-06,288.5299987792969,289.5899963378906,275.6199951171875,284.6700134277344,165228700,TSLA,0.14751032444224466,256.95856802804127,2024,11
2024-11-07,296.9100036621094,299.75,285.5199890136719,288.8900146484375,117309200,TSLA,0.02904379065700735,262.29999869210377,2024,11
2024-11-08,321.2200012207031,328.7099914550781,297.6600036621094,299.1400146484375,204782800,TSLA,0.08187665372925301,271.39571489606584,2024,11
2024-11-11,350.0,358.6400146484375,336.0,346.29998779296875,210521600,TSLA,0.08959591143118995,285.7028568812779,2024,11
2024-11-12,328.489990234375,345.8399963378906,323.30999755859375,342.739990234375,155726000,TSLA,-0.06145717075892854,297.0614275251116,2024,11
2024-11-13,330.239990234375,344.6000061035156,322.5,335.8500061035156,125405600,TSLA,0.005327407385385952,309.5471409388951,2024,11
2024-11-14,311.17999267578125,329.9800109863281,310.3699951171875,327.69000244140625,120726100,TSLA,-0.05771559508909463,318.08142525809154,2024,11
2024-11-15,320.7200012207031,324.67999267578125,309.2200012207031,310.57000732421875,114440300,TSLA,0.030657525449785616,322.6799970354353,2024,11
2024-11-18,338.739990234375,348.54998779296875,330.010009765625,340.7300109863281,126085600,TSLA,0.056186046847983784,328.6557094029018,2024,11
2024-11-19,346.0,347.3800048828125,332.75,335.760009765625,88852500,TSLA,0.021432396454288627,332.1957092285156,2024,11
2024-11-20,342.0299987792969,346.6000061035156,334.29998779296875,345.0,66340700,TSLA,-0.011473991967350106,331.057137625558,2024,11
2024-11-21,339.6400146484375,347.989990234375,335.2799987792969,343.80999755859375,58011700,TSLA,-0.006987644766217049,332.6499982561384,2024,11
2024-11-22,352.55999755859375,361.5299987792969,337.70001220703125,341.0899963378906,89140700,TSLA,0.038040225983177356,335.8385707310268,2024,11
2024-11-25,338.5899963378906,361.92999267578125,338.20001220703125,360.1400146484375,95890900,TSLA,-0.039624464821427674,339.75428553989957,2024,11
2024-11-26,338.2300109863281,346.9599914550781,335.6600036621094,341.0,62295900,TSLA,-0.001063189566898104,342.2557155064174,2024,11
2024-11-27,332.8900146484375,342.54998779296875,326.5899963378906,341.79998779296875,57896400,TSLA,-0.015788061864523528,341.42000470842635,2024,11
2024-11-29,345.1600036621094,345.45001220703125,334.6499938964844,336.0799865722656,37167600,TSLA,0.03685898787510977,341.3000052315848,2024,11
2024-12-02,357.0899963378906,360.0,351.1499938964844,352.3800048828125,77986500,TSLA,0.034563659025395044,343.45143345424106,2024,12
2024-12-03,351.4200134277344,355.69000244140625,348.20001220703125,351.79998779296875,58267200,TSLA,-0.01587830229999254,345.13429042271207,2024,12
2024-12-04,357.92999267578125,358.1000061035156,348.6000061035156,353.0,50810900,TSLA,0.018524782309774723,345.9014325823103,2024,12
2024-12-05,369.489990234375,375.42999267578125,359.5,359.8699951171875,81403600,TSLA,0.03229681165351517,350.3157174246652,2024,12
2024-12-06,389.2200012207031,389.489990234375,370.79998779296875,377.4200134277344,81455800,TSLA,0.053397958017247005,357.6000017438616,2024,12
2024-12-09,389.7900085449219,404.79998779296875,378.010009765625,397.6099853515625,96359200,TSLA,0.0014644862094215227,365.7285723005022,2024,12
2024-12-10,400.989990234375,409.7300109863281,390.8500061035156,392.67999267578125,97563600,TSLA,0.02873337295448497,373.70428466796875,2024,12
2024-12-11,424.7699890136719,424.8800048828125,402.3800048828125,409.70001220703125,104287600,TSLA,0.05930322291934931,383.3728550502232,2024,12
2024-12-12,418.1000061035156,429.29998779296875,415.0,424.8399963378906,87752200,TSLA,-0.015702575706076027,392.8985682896205,2024,12
2024-12-13,436.2300109863281,436.29998779296875,415.7099914550781,420.0,89000200,TSLA,0.04336284290396253,404.0842851911272,2024,12
2024-12-16,463.0199890136719,463.19000244140625,436.1499938964844,441.0899963378906,114083800,TSLA,0.06141250567967771,417.44571358816967,2024,12
2024-12-17,479.8599853515625,483.989990234375,457.510009765625,475.8999938964844,131223000,TSLA,0.036369912179738284,430.39428274972096,2024,12
2024-12-18,440.1300048828125,488.5400085449219,427.010009765625,466.5,149340800,TSLA,-0.0827949436951747,437.58571079799106,2024,12
2024-12-19,436.1700134277344,456.3599853515625,420.0199890136719,451.8800048828125,118566100,TSLA,-0.008997322180141931,442.6114283970424,2024,12
2024-12-20,421.05999755859375,447.0799865722656,417.6400146484375,425.510009765625,132216200,TSLA,-0.034642491239586515,442.0814296177455,2024,12
2024-12-23,430.6000061035156,434.510009765625,415.4100036621094,431.0,72698100,TSLA,0.022657123925894362,443.8671439034598,2024,12
2024-12-24,462.2799987792969,462.7799987792969,435.1400146484375,435.8999938964844,59551800,TSLA,0.07357174228224572,447.5885707310268,2024,12
2024-12-26,454.1300048828125,465.3299865722656,451.0199890136719,465.1600036621094,76366400,TSLA,-0.017629994630971146,446.3185729980469,2024,12
2024-12-27,431.6600036621094,450.0,426.5,449.5199890136719,82666800,TSLA,-0.04947922616674816,439.432861328125,2024,12
2024-12-30,417.4100036621094,427.0,415.75,419.3999938964844,64941000,TSLA,-0.03301209257078741,436.18714686802457,2024,12
2024-12-31,403.8399963378906,427.92999267578125,402.5400085449219,423.7900085449219,76825100,TSLA,-0.03251001941775111,431.5685729980469,2024,12
